customer_id,age,gender,city,district,registration_date,registration_year,registration_month,age_group
1,65,Female,Karachi,Keamari,2025-11-11,2025,11,56+
2,25,Female,Karachi,Keamari,2024-02-29,2024,2,18-25
3,19,Female,Karachi,Karachi West,2024-03-29,2024,3,18-25
4,48,Male,Karachi,Malir,2025-10-17,2025,10,46-55
5,56,Male,Karachi,Karachi East,2024-04-11,2024,4,56+
6,35,Female,Karachi,Karachi South,2024-06-07,2024,6,26-35
7,43,Female,Karachi,Karachi East,2024-07-17,2024,7,36-45
8,19,Female,Karachi,Karachi South,2024-08-15,2024,8,18-25
9,37,Female,Karachi,Karachi East,2025-06-27,2025,6,36-45
10,63,Female,Karachi,Karachi East,2024-07-29,2024,7,56+
11,45,Male,Karachi,Karachi West,2024-09-18,2024,9,36-45
12,59,Female,Karachi,Karachi East,2024-06-13,2024,6,56+
13,49,Female,Karachi,Karachi East,2024-02-02,2024,2,46-55
14,19,Female,Karachi,Keamari,2025-08-15,2025,8,18-25
15,18,Male,Karachi,Keamari,2024-04-18,2024,4,18-25
16,42,Female,Karachi,Karachi Central,2025-01-13,2025,1,36-45
17,64,Male,Karachi,Karachi South,2025-09-22,2025,9,56+
18,58,Male,Karachi,Korangi,2024-03-13,2024,3,56+
19,59,Female,Karachi,Malir,2025-01-09,2025,1,56+
20,65,Female,Karachi,Karachi South,2024-03-13,2024,3,56+
21,22,Female,Karachi,Karachi East,2024-01-11,2024,1,18-25
22,58,Female,Karachi,Karachi South,2025-07-18,2025,7,56+
23,61,Female,Karachi,Korangi,2025-10-03,2025,10,56+
24,37,Female,Karachi,Keamari,2025-07-17,2025,7,36-45
25,46,Male,Karachi,Karachi South,2025-10-30,2025,10,46-55
26,52,Female,Karachi,Keamari,2024-10-17,2024,10,46-55
27,50,Male,Karachi,Karachi Central,2024-01-07,2024,1,46-55
28,28,Male,Karachi,Korangi,2025-02-21,2025,2,26-35
29,49,Female,Karachi,Karachi West,2025-11-23,2025,11,46-55
30,26,Male,Karachi,Karachi East,2025-02-22,2025,2,26-35
31,48,Male,Karachi,Karachi West,2024-03-10,2024,3,46-55
32,61,Male,Karachi,Keamari,2025-04-05,2025,4,56+
33,62,Female,Karachi,Karachi West,2025-03-02,2025,3,56+
34,60,Male,Karachi,Keamari,2024-09-14,2024,9,56+
35,65,Female,Karachi,Korangi,2025-05-13,2025,5,56+
36,42,Female,Karachi,Karachi South,2024-02-02,2024,2,36-45
37,37,Female,Karachi,Korangi,2024-08-19,2024,8,36-45
38,55,Female,Karachi,Korangi,2024-06-25,2024,6,46-55
39,58,Female,Karachi,Malir,2025-07-06,2025,7,56+
40,19,Male,Karachi,Keamari,2024-12-27,2024,12,18-25
41,65,Male,Karachi,Karachi East,2024-05-15,2024,5,56+
42,23,Male,Karachi,Karachi South,2024-08-31,2024,8,18-25
43,57,Female,Karachi,Karachi East,2024-05-13,2024,5,56+
44,44,Male,Karachi,Karachi South,2025-11-28,2025,11,36-45
45,40,Male,Karachi,Malir,2024-08-12,2024,8,36-45
46,58,Male,Karachi,Karachi South,2025-02-12,2025,2,56+
47,43,Male,Karachi,Karachi East,2024-12-02,2024,12,36-45
48,46,Female,Karachi,Karachi West,2024-09-14,2024,9,46-55
49,48,Female,Karachi,Malir,2024-05-16,2024,5,46-55
50,54,Female,Karachi,Karachi East,2024-01-29,2024,1,46-55
51,63,Female,Karachi,Karachi Central,2024-11-11,2024,11,56+
52,27,Female,Karachi,Karachi Central,2025-06-29,2025,6,26-35
53,58,Male,Karachi,Karachi West,2025-08-12,2025,8,56+
54,55,Male,Karachi,Korangi,2025-05-11,2025,5,46-55
55,42,Female,Karachi,Malir,2025-12-19,2025,12,36-45
56,59,Female,Karachi,Karachi South,2025-08-29,2025,8,56+
57,26,Female,Karachi,Karachi Central,2024-04-15,2024,4,26-35
58,58,Male,Karachi,Karachi South,2024-09-03,2024,9,56+
59,42,Female,Karachi,Karachi South,2025-06-18,2025,6,36-45
60,18,Female,Karachi,Karachi East,2024-01-20,2024,1,18-25
61,38,Female,Karachi,Keamari,2025-06-13,2025,6,36-45
62,56,Male,Karachi,Karachi West,2025-08-22,2025,8,56+
63,51,Female,Karachi,Malir,2025-02-23,2025,2,46-55
64,45,Female,Karachi,Keamari,2024-07-18,2024,7,36-45
65,46,Male,Karachi,Keamari,2024-04-03,2024,4,46-55
66,57,Female,Karachi,Karachi Central,2025-10-26,2025,10,56+
67,27,Male,Karachi,Keamari,2024-09-08,2024,9,26-35
68,27,Female,Karachi,Keamari,2025-12-05,2025,12,26-35
69,27,Male,Karachi,Karachi Central,2024-05-07,2024,5,26-35
70,30,Female,Karachi,Keamari,2025-06-29,2025,6,26-35
71,62,Male,Karachi,Korangi,2025-01-16,2025,1,56+
72,41,Male,Karachi,Malir,2024-10-07,2024,10,36-45
73,51,Male,Karachi,Karachi East,2024-12-31,2024,12,46-55
74,50,Female,Karachi,Karachi West,2025-08-17,2025,8,46-55
75,57,Male,Karachi,Karachi South,2024-09-23,2024,9,56+
76,36,Female,Karachi,Keamari,2024-05-31,2024,5,36-45
77,22,Male,Karachi,Karachi East,2025-02-09,2025,2,18-25
78,64,Male,Karachi,Karachi South,2025-10-20,2025,10,56+
79,22,Male,Karachi,Malir,2025-11-30,2025,11,18-25
80,49,Female,Karachi,Karachi South,2024-06-04,2024,6,46-55
81,22,Male,Karachi,Karachi South,2024-06-07,2024,6,18-25
82,26,Female,Karachi,Malir,2024-06-15,2024,6,26-35
83,33,Female,Karachi,Keamari,2024-04-24,2024,4,26-35
84,33,Female,Karachi,Malir,2025-08-10,2025,8,26-35
85,40,Female,Karachi,Korangi,2025-08-10,2025,8,36-45
86,36,Male,Karachi,Karachi Central,2024-06-17,2024,6,36-45
87,64,Female,Karachi,Keamari,2024-04-08,2024,4,56+
88,44,Male,Karachi,Karachi South,2025-09-26,2025,9,36-45
89,24,Female,Karachi,Karachi East,2025-09-01,2025,9,18-25
90,35,Female,Karachi,Karachi West,2024-08-04,2024,8,26-35
91,45,Female,Karachi,Malir,2024-11-10,2024,11,36-45
92,41,Female,Karachi,Karachi Central,2024-06-15,2024,6,36-45
93,20,Female,Karachi,Karachi Central,2025-04-30,2025,4,18-25
94,46,Female,Karachi,Malir,2025-02-22,2025,2,46-55
95,54,Male,Karachi,Karachi South,2025-12-04,2025,12,46-55
96,53,Female,Karachi,Korangi,2025-01-14,2025,1,46-55
97,36,Male,Karachi,Keamari,2024-12-16,2024,12,36-45
98,44,Female,Karachi,Karachi East,2025-10-08,2025,10,36-45
99,56,Male,Karachi,Karachi Central,2025-08-01,2025,8,56+
100,48,Male,Karachi,Karachi South,2025-10-05,2025,10,46-55
101,63,Female,Karachi,Karachi East,2025-04-26,2025,4,56+
102,47,Male,Karachi,Karachi South,2026-01-02,2026,1,46-55
103,28,Male,Karachi,Malir,2025-01-04,2025,1,26-35
104,41,Female,Karachi,Karachi East,2024-06-15,2024,6,36-45
105,21,Male,Karachi,Karachi Central,2026-01-05,2026,1,18-25
106,37,Female,Karachi,Karachi West,2026-01-03,2026,1,36-45
107,32,Female,Karachi,Karachi West,2024-10-19,2024,10,26-35
108,41,Male,Karachi,Korangi,2025-05-10,2025,5,36-45
109,61,Male,Karachi,Karachi South,2025-10-09,2025,10,56+
110,43,Female,Karachi,Keamari,2025-02-28,2025,2,36-45
111,52,Male,Karachi,Malir,2024-12-07,2024,12,46-55
112,40,Female,Karachi,Korangi,2024-12-19,2024,12,36-45
113,43,Female,Karachi,Keamari,2025-06-10,2025,6,36-45
114,46,Male,Karachi,Karachi West,2024-08-24,2024,8,46-55
115,29,Female,Karachi,Karachi South,2024-03-05,2024,3,26-35
116,40,Female,Karachi,Karachi West,2024-08-27,2024,8,36-45
117,54,Male,Karachi,Karachi Central,2024-04-06,2024,4,46-55
118,46,Female,Karachi,Korangi,2025-04-04,2025,4,46-55
119,29,Male,Karachi,Keamari,2025-08-23,2025,8,26-35
120,29,Female,Karachi,Karachi West,2025-01-18,2025,1,26-35
121,25,Female,Karachi,Karachi South,2025-06-12,2025,6,18-25
122,51,Male,Karachi,Korangi,2024-12-05,2024,12,46-55
123,33,Male,Karachi,Karachi West,2024-01-18,2024,1,26-35
124,36,Male,Karachi,Malir,2025-07-27,2025,7,36-45
125,47,Female,Karachi,Karachi South,2024-07-23,2024,7,46-55
126,26,Male,Karachi,Malir,2024-01-09,2024,1,26-35
127,65,Male,Karachi,Malir,2025-01-26,2025,1,56+
128,34,Male,Karachi,Keamari,2025-11-09,2025,11,26-35
129,25,Male,Karachi,Malir,2024-02-27,2024,2,18-25
130,19,Female,Karachi,Karachi West,2025-04-12,2025,4,18-25
131,59,Female,Karachi,Karachi East,2025-01-28,2025,1,56+
132,39,Female,Karachi,Korangi,2025-04-25,2025,4,36-45
133,47,Female,Karachi,Keamari,2024-11-18,2024,11,46-55
134,18,Female,Karachi,Karachi Central,2025-08-30,2025,8,18-25
135,34,Female,Karachi,Keamari,2025-05-17,2025,5,26-35
136,55,Female,Karachi,Keamari,2024-12-17,2024,12,46-55
137,39,Male,Karachi,Karachi Central,2024-02-04,2024,2,36-45
138,46,Male,Karachi,Karachi Central,2026-01-06,2026,1,46-55
139,46,Female,Karachi,Malir,2024-02-01,2024,2,46-55
140,30,Female,Karachi,Korangi,2025-01-07,2025,1,26-35
141,53,Male,Karachi,Malir,2024-07-10,2024,7,46-55
142,51,Male,Karachi,Karachi South,2024-04-01,2024,4,46-55
143,62,Male,Karachi,Korangi,2024-03-26,2024,3,56+
144,30,Female,Karachi,Karachi Central,2024-10-16,2024,10,26-35
145,54,Female,Karachi,Korangi,2024-07-11,2024,7,46-55
146,40,Male,Karachi,Korangi,2024-08-27,2024,8,36-45
147,46,Male,Karachi,Malir,2025-01-18,2025,1,46-55
148,20,Female,Karachi,Korangi,2024-05-31,2024,5,18-25
149,35,Female,Karachi,Karachi West,2024-09-20,2024,9,26-35
150,42,Male,Karachi,Malir,2024-01-15,2024,1,36-45
151,36,Male,Karachi,Keamari,2025-11-29,2025,11,36-45
152,40,Male,Karachi,Karachi West,2024-07-23,2024,7,36-45
153,65,Male,Karachi,Karachi East,2024-04-11,2024,4,56+
154,43,Female,Karachi,Keamari,2024-05-22,2024,5,36-45
155,31,Female,Karachi,Karachi South,2025-04-19,2025,4,26-35
156,49,Male,Karachi,Malir,2024-06-24,2024,6,46-55
157,22,Female,Karachi,Karachi West,2025-11-23,2025,11,18-25
158,35,Male,Karachi,Karachi South,2025-11-19,2025,11,26-35
159,29,Male,Karachi,Malir,2025-01-20,2025,1,26-35
160,57,Male,Karachi,Keamari,2024-09-27,2024,9,56+
161,38,Female,Karachi,Malir,2025-06-26,2025,6,36-45
162,28,Male,Karachi,Keamari,2024-09-02,2024,9,26-35
163,33,Male,Karachi,Karachi West,2025-05-28,2025,5,26-35
164,63,Male,Karachi,Karachi West,2025-02-04,2025,2,56+
165,29,Male,Karachi,Karachi Central,2024-12-23,2024,12,26-35
166,58,Female,Karachi,Keamari,2024-07-22,2024,7,56+
167,64,Male,Karachi,Karachi Central,2025-09-21,2025,9,56+
168,34,Male,Karachi,Karachi West,2025-12-30,2025,12,26-35
169,55,Female,Karachi,Malir,2025-05-15,2025,5,46-55
170,64,Female,Karachi,Karachi South,2025-01-08,2025,1,56+
171,20,Male,Karachi,Keamari,2024-12-15,2024,12,18-25
172,19,Female,Karachi,Korangi,2024-09-02,2024,9,18-25
173,35,Female,Karachi,Karachi South,2024-08-09,2024,8,26-35
174,22,Female,Karachi,Korangi,2025-06-26,2025,6,18-25
175,24,Female,Karachi,Karachi West,2024-08-17,2024,8,18-25
176,52,Female,Karachi,Karachi South,2025-02-19,2025,2,46-55
177,62,Male,Karachi,Malir,2025-02-25,2025,2,56+
178,19,Female,Karachi,Karachi East,2025-12-27,2025,12,18-25
179,42,Male,Karachi,Karachi South,2025-10-19,2025,10,36-45
180,42,Male,Karachi,Karachi South,2025-11-07,2025,11,36-45
181,51,Female,Karachi,Karachi East,2024-05-18,2024,5,46-55
182,28,Male,Karachi,Keamari,2025-06-04,2025,6,26-35
183,21,Male,Karachi,Karachi West,2024-01-26,2024,1,18-25
184,48,Male,Karachi,Karachi West,2025-08-13,2025,8,46-55
185,38,Male,Karachi,Karachi West,2025-06-14,2025,6,36-45
186,30,Male,Karachi,Karachi Central,2025-05-28,2025,5,26-35
187,19,Male,Karachi,Malir,2024-04-05,2024,4,18-25
188,36,Female,Karachi,Malir,2024-04-03,2024,4,36-45
189,25,Female,Karachi,Karachi Central,2024-02-14,2024,2,18-25
190,45,Male,Karachi,Malir,2024-04-15,2024,4,36-45
191,24,Female,Karachi,Karachi East,2025-07-24,2025,7,18-25
192,41,Male,Karachi,Malir,2025-11-14,2025,11,36-45
193,23,Male,Karachi,Keamari,2025-11-17,2025,11,18-25
194,23,Female,Karachi,Karachi East,2024-12-20,2024,12,18-25
195,21,Male,Karachi,Karachi East,2024-04-06,2024,4,18-25
196,64,Female,Karachi,Karachi Central,2025-02-02,2025,2,56+
197,20,Female,Karachi,Karachi South,2024-10-26,2024,10,18-25
198,56,Female,Karachi,Keamari,2025-11-08,2025,11,56+
199,37,Female,Karachi,Karachi South,2024-10-07,2024,10,36-45
200,31,Male,Karachi,Karachi East,2024-02-19,2024,2,26-35
201,22,Male,Karachi,Karachi Central,2024-07-04,2024,7,18-25
202,47,Male,Karachi,Karachi Central,2024-08-21,2024,8,46-55
203,45,Female,Karachi,Keamari,2025-12-08,2025,12,36-45
204,64,Female,Karachi,Karachi Central,2025-10-01,2025,10,56+
205,54,Female,Karachi,Karachi Central,2024-08-16,2024,8,46-55
206,52,Male,Karachi,Karachi West,2025-06-03,2025,6,46-55
207,32,Male,Karachi,Karachi East,2024-07-26,2024,7,26-35
208,59,Female,Karachi,Korangi,2024-01-26,2024,1,56+
209,32,Male,Karachi,Karachi East,2025-04-25,2025,4,26-35
210,54,Female,Karachi,Keamari,2024-04-04,2024,4,46-55
211,49,Female,Karachi,Karachi East,2024-07-19,2024,7,46-55
212,22,Female,Karachi,Karachi Central,2024-03-22,2024,3,18-25
213,49,Female,Karachi,Karachi West,2025-04-23,2025,4,46-55
214,57,Male,Karachi,Karachi East,2025-02-21,2025,2,56+
215,39,Female,Karachi,Malir,2024-03-05,2024,3,36-45
216,18,Female,Karachi,Karachi East,2024-06-09,2024,6,18-25
217,43,Male,Karachi,Karachi West,2024-03-21,2024,3,36-45
218,56,Male,Karachi,Korangi,2025-05-07,2025,5,56+
219,31,Female,Karachi,Karachi South,2025-12-30,2025,12,26-35
220,36,Male,Karachi,Malir,2024-12-08,2024,12,36-45
221,24,Male,Karachi,Malir,2025-11-12,2025,11,18-25
222,22,Female,Karachi,Karachi South,2024-01-29,2024,1,18-25
223,26,Female,Karachi,Malir,2024-10-09,2024,10,26-35
224,62,Male,Karachi,Malir,2024-05-19,2024,5,56+
225,65,Female,Karachi,Karachi Central,2025-09-29,2025,9,56+
226,45,Female,Karachi,Karachi Central,2025-01-12,2025,1,36-45
227,45,Female,Karachi,Karachi South,2024-05-17,2024,5,36-45
228,36,Female,Karachi,Karachi Central,2024-11-10,2024,11,36-45
229,55,Female,Karachi,Keamari,2024-11-23,2024,11,46-55
230,37,Female,Karachi,Karachi South,2025-01-16,2025,1,36-45
231,37,Female,Karachi,Korangi,2025-10-25,2025,10,36-45
232,61,Male,Karachi,Malir,2025-04-16,2025,4,56+
233,20,Male,Karachi,Karachi Central,2024-11-27,2024,11,18-25
234,65,Male,Karachi,Keamari,2025-12-27,2025,12,56+
235,42,Male,Karachi,Karachi West,2024-09-22,2024,9,36-45
236,46,Female,Karachi,Karachi West,2024-01-10,2024,1,46-55
237,58,Male,Karachi,Korangi,2025-10-19,2025,10,56+
238,52,Female,Karachi,Karachi East,2025-01-21,2025,1,46-55
239,29,Female,Karachi,Karachi South,2024-10-04,2024,10,26-35
240,35,Male,Karachi,Keamari,2025-12-31,2025,12,26-35
241,27,Female,Karachi,Karachi South,2025-04-28,2025,4,26-35
242,56,Female,Karachi,Karachi West,2025-02-11,2025,2,56+
243,43,Female,Karachi,Keamari,2025-03-22,2025,3,36-45
244,41,Male,Karachi,Keamari,2025-11-02,2025,11,36-45
245,54,Female,Karachi,Korangi,2025-02-17,2025,2,46-55
246,54,Female,Karachi,Karachi Central,2024-06-18,2024,6,46-55
247,58,Female,Karachi,Karachi South,2024-09-10,2024,9,56+
248,44,Male,Karachi,Karachi Central,2025-08-22,2025,8,36-45
249,54,Male,Karachi,Karachi Central,2024-09-08,2024,9,46-55
250,62,Male,Karachi,Karachi South,2024-09-11,2024,9,56+
251,42,Female,Karachi,Karachi East,2024-07-11,2024,7,36-45
252,35,Male,Karachi,Karachi West,2024-10-07,2024,10,26-35
253,33,Female,Karachi,Malir,2025-08-23,2025,8,26-35
254,44,Male,Karachi,Karachi West,2024-07-19,2024,7,36-45
255,27,Female,Karachi,Karachi West,2024-01-09,2024,1,26-35
256,56,Male,Karachi,Korangi,2024-08-03,2024,8,56+
257,32,Male,Karachi,Korangi,2024-07-20,2024,7,26-35
258,24,Female,Karachi,Karachi West,2025-10-31,2025,10,18-25
259,41,Female,Karachi,Malir,2025-08-09,2025,8,36-45
260,29,Female,Karachi,Karachi Central,2025-11-10,2025,11,26-35
261,32,Female,Karachi,Karachi Central,2024-07-23,2024,7,26-35
262,48,Female,Karachi,Korangi,2025-03-21,2025,3,46-55
263,20,Male,Karachi,Karachi South,2025-06-15,2025,6,18-25
264,44,Female,Karachi,Keamari,2024-05-31,2024,5,36-45
265,38,Male,Karachi,Karachi South,2024-04-14,2024,4,36-45
266,20,Female,Karachi,Malir,2024-09-11,2024,9,18-25
267,62,Female,Karachi,Malir,2024-02-15,2024,2,56+
268,24,Male,Karachi,Karachi West,2025-08-18,2025,8,18-25
269,37,Female,Karachi,Karachi East,2024-11-01,2024,11,36-45
270,63,Female,Karachi,Korangi,2024-03-03,2024,3,56+
271,34,Male,Karachi,Karachi South,2024-08-24,2024,8,26-35
272,38,Female,Karachi,Karachi Central,2024-02-06,2024,2,36-45
273,55,Female,Karachi,Karachi West,2024-02-03,2024,2,46-55
274,48,Female,Karachi,Korangi,2024-08-05,2024,8,46-55
275,19,Female,Karachi,Keamari,2025-05-03,2025,5,18-25
276,32,Male,Karachi,Karachi Central,2025-10-06,2025,10,26-35
277,35,Female,Karachi,Karachi East,2024-11-29,2024,11,26-35
278,64,Male,Karachi,Karachi West,2025-12-05,2025,12,56+
279,20,Female,Karachi,Karachi East,2025-07-21,2025,7,18-25
280,56,Male,Karachi,Karachi East,2024-07-27,2024,7,56+
281,63,Male,Karachi,Korangi,2024-01-15,2024,1,56+
282,51,Female,Karachi,Karachi East,2024-09-19,2024,9,46-55
283,25,Female,Karachi,Korangi,2024-05-18,2024,5,18-25
284,53,Male,Karachi,Karachi East,2025-04-21,2025,4,46-55
285,19,Female,Karachi,Malir,2024-08-09,2024,8,18-25
286,40,Female,Karachi,Karachi South,2024-10-24,2024,10,36-45
287,46,Male,Karachi,Karachi West,2025-02-17,2025,2,46-55
288,54,Female,Karachi,Keamari,2025-03-14,2025,3,46-55
289,20,Male,Karachi,Karachi West,2024-02-07,2024,2,18-25
290,49,Male,Karachi,Karachi West,2025-05-31,2025,5,46-55
291,27,Male,Karachi,Karachi South,2024-04-29,2024,4,26-35
292,59,Female,Karachi,Karachi Central,2025-02-08,2025,2,56+
293,51,Female,Karachi,Karachi Central,2025-07-12,2025,7,46-55
294,43,Male,Karachi,Karachi East,2025-10-28,2025,10,36-45
295,65,Male,Karachi,Karachi South,2025-05-29,2025,5,56+
296,33,Male,Karachi,Karachi Central,2024-03-13,2024,3,26-35
297,36,Male,Karachi,Korangi,2024-12-13,2024,12,36-45
298,33,Male,Karachi,Malir,2024-04-28,2024,4,26-35
299,29,Female,Karachi,Karachi East,2025-03-20,2025,3,26-35
300,47,Male,Karachi,Karachi East,2025-01-25,2025,1,46-55
301,53,Male,Karachi,Keamari,2025-12-06,2025,12,46-55
302,27,Female,Karachi,Korangi,2025-01-08,2025,1,26-35
303,51,Male,Karachi,Malir,2024-07-28,2024,7,46-55
304,58,Male,Karachi,Malir,2024-12-27,2024,12,56+
305,65,Female,Karachi,Keamari,2024-10-29,2024,10,56+
306,47,Female,Karachi,Karachi East,2025-03-17,2025,3,46-55
307,22,Male,Karachi,Malir,2025-08-20,2025,8,18-25
308,18,Female,Karachi,Keamari,2024-02-26,2024,2,18-25
309,22,Male,Karachi,Malir,2024-06-01,2024,6,18-25
310,43,Male,Karachi,Karachi Central,2024-03-02,2024,3,36-45
311,19,Male,Karachi,Malir,2024-02-15,2024,2,18-25
312,23,Male,Karachi,Malir,2024-01-31,2024,1,18-25
313,62,Male,Karachi,Keamari,2024-03-30,2024,3,56+
314,44,Male,Karachi,Karachi Central,2024-10-08,2024,10,36-45
315,61,Female,Karachi,Karachi South,2024-05-01,2024,5,56+
316,18,Male,Karachi,Karachi East,2025-10-25,2025,10,18-25
317,48,Male,Karachi,Karachi West,2025-06-13,2025,6,46-55
318,45,Female,Karachi,Keamari,2025-11-01,2025,11,36-45
319,23,Female,Karachi,Keamari,2025-11-19,2025,11,18-25
320,51,Female,Karachi,Karachi Central,2025-05-20,2025,5,46-55
321,21,Male,Karachi,Malir,2025-06-20,2025,6,18-25
322,22,Male,Karachi,Keamari,2025-12-17,2025,12,18-25
323,35,Male,Karachi,Malir,2024-06-23,2024,6,26-35
324,35,Male,Karachi,Karachi Central,2025-01-22,2025,1,26-35
325,43,Male,Karachi,Korangi,2024-03-17,2024,3,36-45
326,32,Male,Karachi,Karachi West,2025-02-02,2025,2,26-35
327,57,Male,Karachi,Malir,2024-09-29,2024,9,56+
328,30,Male,Karachi,Karachi Central,2025-05-07,2025,5,26-35
329,58,Male,Karachi,Karachi West,2025-04-26,2025,4,56+
330,40,Male,Karachi,Karachi South,2024-10-09,2024,10,36-45
331,23,Male,Karachi,Korangi,2024-05-27,2024,5,18-25
332,29,Female,Karachi,Korangi,2025-12-22,2025,12,26-35
333,63,Male,Karachi,Karachi East,2024-02-24,2024,2,56+
334,54,Male,Karachi,Korangi,2025-01-28,2025,1,46-55
335,26,Male,Karachi,Karachi West,2025-03-15,2025,3,26-35
336,64,Female,Karachi,Karachi East,2025-03-16,2025,3,56+
337,56,Male,Karachi,Karachi South,2024-07-26,2024,7,56+
338,63,Male,Karachi,Karachi West,2025-03-25,2025,3,56+
339,56,Female,Karachi,Karachi South,2025-02-13,2025,2,56+
340,32,Male,Karachi,Karachi Central,2024-05-06,2024,5,26-35
341,53,Male,Karachi,Karachi Central,2024-12-27,2024,12,46-55
342,63,Male,Karachi,Karachi South,2024-05-18,2024,5,56+
343,32,Male,Karachi,Karachi South,2025-05-26,2025,5,26-35
344,30,Male,Karachi,Korangi,2024-01-09,2024,1,26-35
345,29,Male,Karachi,Keamari,2024-06-02,2024,6,26-35
346,56,Female,Karachi,Karachi Central,2025-03-31,2025,3,56+
347,55,Male,Karachi,Karachi East,2024-08-08,2024,8,46-55
348,45,Female,Karachi,Karachi West,2025-12-24,2025,12,36-45
349,43,Female,Karachi,Karachi West,2024-02-05,2024,2,36-45
350,43,Female,Karachi,Karachi East,2025-08-25,2025,8,36-45
351,42,Male,Karachi,Malir,2024-05-06,2024,5,36-45
352,64,Female,Karachi,Korangi,2024-06-01,2024,6,56+
353,43,Male,Karachi,Karachi West,2024-12-31,2024,12,36-45
354,39,Male,Karachi,Korangi,2024-08-12,2024,8,36-45
355,30,Female,Karachi,Malir,2024-11-25,2024,11,26-35
356,61,Male,Karachi,Keamari,2024-05-21,2024,5,56+
357,26,Female,Karachi,Karachi South,2025-04-06,2025,4,26-35
358,44,Female,Karachi,Karachi East,2025-05-13,2025,5,36-45
359,38,Male,Karachi,Malir,2025-05-28,2025,5,36-45
360,63,Male,Karachi,Malir,2024-07-07,2024,7,56+
361,48,Male,Karachi,Malir,2024-07-17,2024,7,46-55
362,29,Male,Karachi,Karachi South,2025-05-13,2025,5,26-35
363,35,Female,Karachi,Karachi Central,2025-05-28,2025,5,26-35
364,21,Female,Karachi,Karachi West,2024-07-23,2024,7,18-25
365,52,Male,Karachi,Karachi West,2024-08-27,2024,8,46-55
366,52,Female,Karachi,Karachi West,2025-03-31,2025,3,46-55
367,46,Female,Karachi,Korangi,2024-06-13,2024,6,46-55
368,45,Female,Karachi,Korangi,2024-07-20,2024,7,36-45
369,39,Female,Karachi,Malir,2025-10-02,2025,10,36-45
370,35,Female,Karachi,Karachi South,2024-03-13,2024,3,26-35
371,54,Female,Karachi,Malir,2024-11-02,2024,11,46-55
372,63,Female,Karachi,Karachi East,2024-09-27,2024,9,56+
373,38,Male,Karachi,Malir,2024-08-06,2024,8,36-45
374,42,Female,Karachi,Karachi East,2025-08-05,2025,8,36-45
375,20,Male,Karachi,Karachi West,2025-05-28,2025,5,18-25
376,37,Male,Karachi,Karachi West,2024-06-27,2024,6,36-45
377,55,Male,Karachi,Keamari,2024-10-21,2024,10,46-55
378,43,Male,Karachi,Keamari,2024-08-28,2024,8,36-45
379,58,Female,Karachi,Karachi West,2024-05-07,2024,5,56+
380,46,Male,Karachi,Karachi Central,2025-05-25,2025,5,46-55
381,62,Male,Karachi,Malir,2024-03-19,2024,3,56+
382,41,Female,Karachi,Karachi West,2025-01-25,2025,1,36-45
383,30,Female,Karachi,Karachi East,2025-11-22,2025,11,26-35
384,21,Female,Karachi,Karachi South,2025-10-04,2025,10,18-25
385,24,Female,Karachi,Karachi Central,2025-07-23,2025,7,18-25
386,51,Female,Karachi,Keamari,2025-01-25,2025,1,46-55
387,28,Male,Karachi,Keamari,2025-12-30,2025,12,26-35
388,38,Male,Karachi,Korangi,2025-09-14,2025,9,36-45
389,36,Male,Karachi,Keamari,2025-05-29,2025,5,36-45
390,55,Female,Karachi,Keamari,2024-09-04,2024,9,46-55
391,40,Male,Karachi,Karachi South,2024-01-10,2024,1,36-45
392,50,Male,Karachi,Karachi South,2024-09-27,2024,9,46-55
393,26,Female,Karachi,Karachi East,2024-11-14,2024,11,26-35
394,58,Female,Karachi,Karachi East,2025-03-09,2025,3,56+
395,44,Female,Karachi,Keamari,2024-09-22,2024,9,36-45
396,26,Female,Karachi,Korangi,2025-02-12,2025,2,26-35
397,23,Female,Karachi,Karachi South,2025-05-13,2025,5,18-25
398,56,Female,Karachi,Karachi East,2025-01-19,2025,1,56+
399,38,Male,Karachi,Karachi South,2024-07-31,2024,7,36-45
400,51,Male,Karachi,Malir,2025-11-13,2025,11,46-55
401,60,Male,Karachi,Karachi West,2024-12-07,2024,12,56+
402,24,Female,Karachi,Keamari,2025-04-22,2025,4,18-25
403,20,Male,Karachi,Karachi West,2025-03-13,2025,3,18-25
404,23,Male,Karachi,Karachi Central,2025-08-14,2025,8,18-25
405,41,Female,Karachi,Malir,2024-10-05,2024,10,36-45
406,26,Female,Karachi,Korangi,2025-12-21,2025,12,26-35
407,58,Male,Karachi,Karachi East,2024-04-06,2024,4,56+
408,32,Male,Karachi,Karachi West,2025-02-12,2025,2,26-35
409,31,Female,Karachi,Karachi East,2025-06-27,2025,6,26-35
410,62,Female,Karachi,Korangi,2025-03-06,2025,3,56+
411,21,Male,Karachi,Karachi Central,2024-11-24,2024,11,18-25
412,29,Male,Karachi,Malir,2024-09-18,2024,9,26-35
413,38,Female,Karachi,Malir,2024-08-11,2024,8,36-45
414,24,Female,Karachi,Karachi Central,2025-05-22,2025,5,18-25
415,21,Female,Karachi,Malir,2024-12-06,2024,12,18-25
416,24,Male,Karachi,Karachi East,2024-07-27,2024,7,18-25
417,47,Male,Karachi,Karachi East,2025-05-20,2025,5,46-55
418,58,Female,Karachi,Karachi East,2025-05-09,2025,5,56+
419,47,Female,Karachi,Karachi Central,2024-04-27,2024,4,46-55
420,33,Female,Karachi,Malir,2024-07-28,2024,7,26-35
421,45,Female,Karachi,Karachi East,2025-02-09,2025,2,36-45
422,29,Male,Karachi,Korangi,2024-10-10,2024,10,26-35
423,31,Male,Karachi,Karachi Central,2024-02-01,2024,2,26-35
424,31,Male,Karachi,Malir,2025-06-18,2025,6,26-35
425,63,Male,Karachi,Keamari,2024-09-18,2024,9,56+
426,42,Female,Karachi,Malir,2024-05-09,2024,5,36-45
427,19,Male,Karachi,Karachi South,2024-10-31,2024,10,18-25
428,22,Female,Karachi,Keamari,2024-08-05,2024,8,18-25
429,56,Male,Karachi,Keamari,2025-10-01,2025,10,56+
430,59,Male,Karachi,Karachi West,2024-11-10,2024,11,56+
431,59,Male,Karachi,Keamari,2025-11-24,2025,11,56+
432,59,Female,Karachi,Korangi,2025-03-15,2025,3,56+
433,56,Female,Karachi,Karachi South,2025-10-26,2025,10,56+
434,39,Female,Karachi,Malir,2025-05-01,2025,5,36-45
435,56,Female,Karachi,Karachi East,2025-08-21,2025,8,56+
436,29,Female,Karachi,Keamari,2025-09-11,2025,9,26-35
437,27,Female,Karachi,Malir,2025-08-12,2025,8,26-35
438,33,Male,Karachi,Karachi East,2024-01-16,2024,1,26-35
439,25,Female,Karachi,Keamari,2025-02-03,2025,2,18-25
440,25,Male,Karachi,Keamari,2024-04-10,2024,4,18-25
441,22,Male,Karachi,Karachi East,2025-10-14,2025,10,18-25
442,26,Female,Karachi,Karachi Central,2025-11-10,2025,11,26-35
443,26,Female,Karachi,Malir,2024-10-19,2024,10,26-35
444,50,Male,Karachi,Keamari,2024-02-24,2024,2,46-55
445,43,Male,Karachi,Keamari,2025-06-17,2025,6,36-45
446,35,Female,Karachi,Karachi West,2025-06-27,2025,6,26-35
447,64,Male,Karachi,Karachi East,2024-11-25,2024,11,56+
448,18,Female,Karachi,Karachi South,2024-08-09,2024,8,18-25
449,20,Female,Karachi,Keamari,2025-07-30,2025,7,18-25
450,55,Male,Karachi,Karachi West,2025-06-15,2025,6,46-55
451,37,Male,Karachi,Karachi East,2025-09-27,2025,9,36-45
452,22,Male,Karachi,Karachi East,2025-08-08,2025,8,18-25
453,28,Female,Karachi,Karachi Central,2025-08-29,2025,8,26-35
454,33,Male,Karachi,Karachi South,2025-12-09,2025,12,26-35
455,45,Female,Karachi,Karachi Central,2025-05-01,2025,5,36-45
456,24,Female,Karachi,Karachi South,2025-04-23,2025,4,18-25
457,24,Male,Karachi,Keamari,2024-08-17,2024,8,18-25
458,57,Male,Karachi,Karachi East,2025-02-11,2025,2,56+
459,56,Female,Karachi,Karachi Central,2025-04-30,2025,4,56+
460,47,Male,Karachi,Keamari,2025-10-30,2025,10,46-55
461,61,Male,Karachi,Keamari,2024-02-28,2024,2,56+
462,32,Male,Karachi,Malir,2025-02-22,2025,2,26-35
463,21,Female,Karachi,Korangi,2024-04-23,2024,4,18-25
464,18,Female,Karachi,Malir,2025-12-23,2025,12,18-25
465,54,Male,Karachi,Keamari,2025-10-23,2025,10,46-55
466,56,Male,Karachi,Karachi South,2025-07-08,2025,7,56+
467,25,Female,Karachi,Keamari,2025-08-25,2025,8,18-25
468,33,Male,Karachi,Karachi East,2024-10-23,2024,10,26-35
469,27,Male,Karachi,Karachi Central,2025-09-19,2025,9,26-35
470,41,Female,Karachi,Korangi,2025-11-03,2025,11,36-45
471,29,Male,Karachi,Karachi West,2025-03-03,2025,3,26-35
472,25,Female,Karachi,Karachi East,2025-01-07,2025,1,18-25
473,19,Female,Karachi,Karachi Central,2024-07-24,2024,7,18-25
474,24,Female,Karachi,Keamari,2024-02-15,2024,2,18-25
475,42,Female,Karachi,Korangi,2025-01-21,2025,1,36-45
476,64,Male,Karachi,Malir,2025-03-21,2025,3,56+
477,26,Male,Karachi,Keamari,2025-10-12,2025,10,26-35
478,25,Female,Karachi,Keamari,2024-03-15,2024,3,18-25
479,28,Female,Karachi,Malir,2025-11-06,2025,11,26-35
480,33,Female,Karachi,Korangi,2025-06-01,2025,6,26-35
481,47,Male,Karachi,Malir,2025-08-20,2025,8,46-55
482,37,Male,Karachi,Malir,2025-11-16,2025,11,36-45
483,20,Female,Karachi,Karachi East,2024-03-30,2024,3,18-25
484,26,Male,Karachi,Karachi South,2024-10-14,2024,10,26-35
485,24,Female,Karachi,Keamari,2025-07-29,2025,7,18-25
486,39,Female,Karachi,Karachi East,2025-01-16,2025,1,36-45
487,52,Male,Karachi,Karachi East,2025-04-06,2025,4,46-55
488,48,Female,Karachi,Karachi West,2024-05-30,2024,5,46-55
489,22,Male,Karachi,Malir,2024-07-29,2024,7,18-25
490,47,Female,Karachi,Karachi Central,2024-11-08,2024,11,46-55
491,22,Male,Karachi,Karachi West,2024-07-19,2024,7,18-25
492,48,Male,Karachi,Malir,2024-01-09,2024,1,46-55
493,48,Female,Karachi,Karachi Central,2024-10-16,2024,10,46-55
494,28,Male,Karachi,Karachi East,2025-11-16,2025,11,26-35
495,30,Male,Karachi,Malir,2024-03-11,2024,3,26-35
496,31,Male,Karachi,Karachi West,2025-01-25,2025,1,26-35
497,49,Male,Karachi,Korangi,2024-11-06,2024,11,46-55
498,22,Female,Karachi,Korangi,2025-05-31,2025,5,18-25
499,21,Female,Karachi,Karachi Central,2024-04-11,2024,4,18-25
500,28,Male,Karachi,Korangi,2024-10-28,2024,10,26-35
501,48,Female,Karachi,Karachi Central,2024-06-24,2024,6,46-55
502,39,Male,Karachi,Korangi,2025-02-26,2025,2,36-45
503,53,Male,Karachi,Karachi East,2025-10-03,2025,10,46-55
504,61,Female,Karachi,Keamari,2024-04-14,2024,4,56+
505,25,Female,Karachi,Karachi West,2025-07-28,2025,7,18-25
506,20,Male,Karachi,Karachi West,2024-02-22,2024,2,18-25
507,57,Male,Karachi,Karachi West,2024-01-24,2024,1,56+
508,62,Male,Karachi,Malir,2024-10-21,2024,10,56+
509,30,Female,Karachi,Malir,2024-06-02,2024,6,26-35
510,41,Male,Karachi,Korangi,2025-10-21,2025,10,36-45
511,19,Male,Karachi,Karachi Central,2024-09-26,2024,9,18-25
512,41,Female,Karachi,Keamari,2025-02-15,2025,2,36-45
513,43,Male,Karachi,Malir,2025-01-24,2025,1,36-45
514,58,Female,Karachi,Korangi,2025-07-18,2025,7,56+
515,33,Female,Karachi,Karachi Central,2025-04-08,2025,4,26-35
516,45,Male,Karachi,Keamari,2025-05-21,2025,5,36-45
517,49,Female,Karachi,Karachi West,2024-11-09,2024,11,46-55
518,64,Female,Karachi,Karachi East,2024-09-06,2024,9,56+
519,45,Male,Karachi,Karachi South,2024-06-12,2024,6,36-45
520,55,Female,Karachi,Karachi East,2025-08-01,2025,8,46-55
521,36,Female,Karachi,Karachi South,2025-11-01,2025,11,36-45
522,36,Female,Karachi,Korangi,2025-07-10,2025,7,36-45
523,64,Male,Karachi,Karachi South,2024-04-20,2024,4,56+
524,31,Female,Karachi,Keamari,2024-08-18,2024,8,26-35
525,62,Male,Karachi,Karachi South,2025-05-05,2025,5,56+
526,28,Male,Karachi,Malir,2024-02-10,2024,2,26-35
527,43,Female,Karachi,Karachi South,2024-12-27,2024,12,36-45
528,56,Female,Karachi,Korangi,2025-10-24,2025,10,56+
529,42,Female,Karachi,Keamari,2024-01-31,2024,1,36-45
530,37,Male,Karachi,Karachi East,2025-07-28,2025,7,36-45
531,62,Male,Karachi,Karachi South,2025-11-04,2025,11,56+
532,29,Male,Karachi,Keamari,2025-10-29,2025,10,26-35
533,26,Male,Karachi,Karachi West,2025-11-14,2025,11,26-35
534,53,Female,Karachi,Karachi East,2024-09-21,2024,9,46-55
535,60,Female,Karachi,Karachi West,2024-03-04,2024,3,56+
536,57,Male,Karachi,Karachi South,2024-12-09,2024,12,56+
537,42,Male,Karachi,Karachi Central,2025-05-27,2025,5,36-45
538,46,Female,Karachi,Korangi,2024-05-13,2024,5,46-55
539,29,Male,Karachi,Korangi,2024-03-17,2024,3,26-35
540,56,Male,Karachi,Keamari,2024-04-16,2024,4,56+
541,39,Female,Karachi,Korangi,2024-08-05,2024,8,36-45
542,20,Female,Karachi,Keamari,2024-05-01,2024,5,18-25
543,20,Female,Karachi,Karachi Central,2025-10-31,2025,10,18-25
544,62,Male,Karachi,Keamari,2025-08-18,2025,8,56+
545,48,Female,Karachi,Karachi East,2024-06-12,2024,6,46-55
546,55,Male,Karachi,Malir,2024-03-08,2024,3,46-55
547,55,Female,Karachi,Karachi East,2025-11-06,2025,11,46-55
548,65,Female,Karachi,Karachi South,2025-04-06,2025,4,56+
549,38,Female,Karachi,Korangi,2024-09-19,2024,9,36-45
550,20,Female,Karachi,Karachi Central,2024-10-24,2024,10,18-25
551,64,Male,Karachi,Malir,2024-10-09,2024,10,56+
552,23,Male,Karachi,Korangi,2024-10-04,2024,10,18-25
553,25,Male,Karachi,Korangi,2025-09-24,2025,9,18-25
554,18,Male,Karachi,Karachi Central,2024-09-17,2024,9,18-25
555,56,Female,Karachi,Karachi Central,2025-12-30,2025,12,56+
556,44,Male,Karachi,Malir,2025-01-13,2025,1,36-45
557,55,Male,Karachi,Karachi South,2025-05-05,2025,5,46-55
558,36,Female,Karachi,Malir,2024-12-21,2024,12,36-45
559,28,Female,Karachi,Karachi East,2025-11-29,2025,11,26-35
560,18,Female,Karachi,Karachi West,2025-06-09,2025,6,18-25
561,50,Male,Karachi,Karachi Central,2024-02-07,2024,2,46-55
562,64,Male,Karachi,Malir,2025-04-09,2025,4,56+
563,61,Female,Karachi,Karachi Central,2025-10-15,2025,10,56+
564,27,Female,Karachi,Malir,2025-08-16,2025,8,26-35
565,33,Female,Karachi,Karachi West,2024-09-23,2024,9,26-35
566,42,Female,Karachi,Karachi South,2024-07-11,2024,7,36-45
567,34,Female,Karachi,Karachi East,2025-05-28,2025,5,26-35
568,34,Male,Karachi,Korangi,2025-03-29,2025,3,26-35
569,39,Female,Karachi,Karachi East,2024-02-20,2024,2,36-45
570,31,Male,Karachi,Korangi,2024-09-28,2024,9,26-35
571,42,Male,Karachi,Keamari,2025-02-20,2025,2,36-45
572,27,Female,Karachi,Karachi Central,2024-02-28,2024,2,26-35
573,45,Male,Karachi,Korangi,2025-05-13,2025,5,36-45
574,47,Male,Karachi,Keamari,2025-09-13,2025,9,46-55
575,41,Female,Karachi,Keamari,2024-12-30,2024,12,36-45
576,43,Male,Karachi,Korangi,2024-09-15,2024,9,36-45
577,28,Female,Karachi,Karachi Central,2024-04-02,2024,4,26-35
578,24,Male,Karachi,Karachi West,2024-11-04,2024,11,18-25
579,20,Male,Karachi,Karachi Central,2025-12-21,2025,12,18-25
580,28,Male,Karachi,Karachi South,2025-09-07,2025,9,26-35
581,27,Female,Karachi,Keamari,2025-11-02,2025,11,26-35
582,42,Female,Karachi,Karachi South,2024-12-13,2024,12,36-45
583,41,Female,Karachi,Karachi East,2025-12-31,2025,12,36-45
584,63,Male,Karachi,Keamari,2025-11-22,2025,11,56+
585,38,Male,Karachi,Karachi West,2024-03-09,2024,3,36-45
586,53,Male,Karachi,Karachi South,2024-12-25,2024,12,46-55
587,28,Male,Karachi,Keamari,2024-03-08,2024,3,26-35
588,28,Male,Karachi,Keamari,2024-11-01,2024,11,26-35
589,52,Male,Karachi,Korangi,2025-10-31,2025,10,46-55
590,29,Male,Karachi,Keamari,2024-07-30,2024,7,26-35
591,35,Male,Karachi,Karachi West,2024-07-06,2024,7,26-35
592,38,Male,Karachi,Karachi South,2025-04-18,2025,4,36-45
593,54,Male,Karachi,Karachi Central,2024-06-08,2024,6,46-55
594,60,Female,Karachi,Karachi Central,2024-10-01,2024,10,56+
595,61,Male,Karachi,Keamari,2024-04-23,2024,4,56+
596,65,Female,Karachi,Korangi,2025-01-01,2025,1,56+
597,52,Female,Karachi,Karachi West,2025-05-11,2025,5,46-55
598,35,Male,Karachi,Karachi South,2024-04-17,2024,4,26-35
599,38,Male,Karachi,Keamari,2024-06-29,2024,6,36-45
600,29,Male,Karachi,Keamari,2025-10-15,2025,10,26-35
601,55,Male,Karachi,Karachi South,2025-09-11,2025,9,46-55
602,30,Female,Karachi,Karachi Central,2024-09-15,2024,9,26-35
603,60,Male,Karachi,Karachi Central,2024-04-23,2024,4,56+
604,50,Female,Karachi,Karachi Central,2025-03-17,2025,3,46-55
605,25,Female,Karachi,Karachi South,2024-06-02,2024,6,18-25
606,38,Female,Karachi,Malir,2025-10-08,2025,10,36-45
607,52,Male,Karachi,Korangi,2025-08-05,2025,8,46-55
608,43,Female,Karachi,Karachi South,2025-04-05,2025,4,36-45
609,54,Female,Karachi,Karachi Central,2025-02-25,2025,2,46-55
610,52,Female,Karachi,Karachi West,2025-12-21,2025,12,46-55
611,36,Female,Karachi,Keamari,2024-12-10,2024,12,36-45
612,32,Female,Karachi,Karachi Central,2024-12-10,2024,12,26-35
613,63,Female,Karachi,Karachi South,2024-09-15,2024,9,56+
614,51,Male,Karachi,Karachi South,2024-05-26,2024,5,46-55
615,39,Male,Karachi,Korangi,2025-12-05,2025,12,36-45
616,39,Female,Karachi,Korangi,2025-09-05,2025,9,36-45
617,19,Female,Karachi,Keamari,2025-08-05,2025,8,18-25
618,63,Male,Karachi,Keamari,2025-07-08,2025,7,56+
619,48,Female,Karachi,Korangi,2024-11-07,2024,11,46-55
620,45,Male,Karachi,Karachi East,2024-03-27,2024,3,36-45
621,27,Female,Karachi,Karachi West,2025-04-28,2025,4,26-35
622,37,Female,Karachi,Karachi West,2025-01-08,2025,1,36-45
623,31,Female,Karachi,Karachi West,2025-04-12,2025,4,26-35
624,36,Male,Karachi,Karachi East,2025-12-08,2025,12,36-45
625,30,Female,Karachi,Malir,2025-06-10,2025,6,26-35
626,46,Male,Karachi,Karachi South,2024-06-24,2024,6,46-55
627,64,Female,Karachi,Keamari,2025-09-18,2025,9,56+
628,64,Male,Karachi,Karachi West,2024-07-19,2024,7,56+
629,24,Male,Karachi,Karachi West,2024-07-01,2024,7,18-25
630,42,Female,Karachi,Karachi East,2025-07-12,2025,7,36-45
631,48,Female,Karachi,Korangi,2024-09-22,2024,9,46-55
632,42,Male,Karachi,Korangi,2025-12-08,2025,12,36-45
633,28,Male,Karachi,Karachi Central,2024-02-09,2024,2,26-35
634,48,Female,Karachi,Karachi West,2025-02-05,2025,2,46-55
635,53,Female,Karachi,Karachi East,2024-11-19,2024,11,46-55
636,30,Female,Karachi,Korangi,2024-12-31,2024,12,26-35
637,36,Female,Karachi,Karachi Central,2024-04-22,2024,4,36-45
638,18,Male,Karachi,Keamari,2025-11-11,2025,11,18-25
639,63,Female,Karachi,Karachi East,2024-12-10,2024,12,56+
640,59,Male,Karachi,Karachi Central,2025-07-21,2025,7,56+
641,36,Male,Karachi,Karachi South,2025-01-22,2025,1,36-45
642,60,Male,Karachi,Karachi East,2026-01-01,2026,1,56+
643,38,Female,Karachi,Korangi,2025-05-16,2025,5,36-45
644,18,Female,Karachi,Malir,2024-01-08,2024,1,18-25
645,19,Male,Karachi,Keamari,2025-02-25,2025,2,18-25
646,53,Male,Karachi,Karachi Central,2025-06-23,2025,6,46-55
647,64,Female,Karachi,Karachi Central,2025-09-23,2025,9,56+
648,47,Male,Karachi,Karachi South,2025-11-23,2025,11,46-55
649,24,Female,Karachi,Karachi South,2025-07-11,2025,7,18-25
650,54,Male,Karachi,Karachi East,2024-11-15,2024,11,46-55
651,31,Male,Karachi,Karachi East,2025-05-29,2025,5,26-35
652,34,Female,Karachi,Keamari,2025-01-28,2025,1,26-35
653,57,Female,Karachi,Korangi,2024-06-23,2024,6,56+
654,59,Male,Karachi,Korangi,2024-05-29,2024,5,56+
655,25,Female,Karachi,Korangi,2024-05-23,2024,5,18-25
656,54,Female,Karachi,Malir,2024-11-20,2024,11,46-55
657,52,Male,Karachi,Keamari,2024-08-25,2024,8,46-55
658,61,Male,Karachi,Karachi South,2024-06-23,2024,6,56+
659,26,Female,Karachi,Karachi South,2025-03-02,2025,3,26-35
660,58,Male,Karachi,Korangi,2025-12-27,2025,12,56+
661,50,Male,Karachi,Malir,2024-05-26,2024,5,46-55
662,55,Male,Karachi,Malir,2025-02-22,2025,2,46-55
663,48,Female,Karachi,Malir,2024-09-26,2024,9,46-55
664,40,Female,Karachi,Karachi Central,2024-12-27,2024,12,36-45
665,59,Female,Karachi,Malir,2024-07-09,2024,7,56+
666,54,Female,Karachi,Malir,2024-06-04,2024,6,46-55
667,21,Male,Karachi,Korangi,2025-05-16,2025,5,18-25
668,61,Male,Karachi,Karachi South,2024-05-10,2024,5,56+
669,57,Female,Karachi,Korangi,2025-10-24,2025,10,56+
670,39,Male,Karachi,Karachi East,2024-12-19,2024,12,36-45
671,34,Female,Karachi,Korangi,2024-07-09,2024,7,26-35
672,44,Female,Karachi,Karachi South,2025-08-13,2025,8,36-45
673,21,Male,Karachi,Malir,2025-11-28,2025,11,18-25
674,31,Male,Karachi,Keamari,2024-11-15,2024,11,26-35
675,41,Female,Karachi,Karachi South,2025-01-27,2025,1,36-45
676,63,Male,Karachi,Keamari,2024-08-14,2024,8,56+
677,32,Female,Karachi,Karachi East,2024-02-21,2024,2,26-35
678,32,Male,Karachi,Karachi East,2024-12-10,2024,12,26-35
679,26,Female,Karachi,Karachi South,2024-04-18,2024,4,26-35
680,27,Female,Karachi,Karachi West,2024-05-22,2024,5,26-35
681,53,Female,Karachi,Karachi Central,2024-03-28,2024,3,46-55
682,25,Female,Karachi,Keamari,2025-11-28,2025,11,18-25
683,59,Male,Karachi,Keamari,2024-12-14,2024,12,56+
684,49,Female,Karachi,Karachi South,2025-05-01,2025,5,46-55
685,23,Male,Karachi,Keamari,2024-04-04,2024,4,18-25
686,55,Female,Karachi,Karachi Central,2024-09-05,2024,9,46-55
687,54,Female,Karachi,Korangi,2025-01-30,2025,1,46-55
688,44,Male,Karachi,Korangi,2025-07-22,2025,7,36-45
689,19,Male,Karachi,Keamari,2025-12-30,2025,12,18-25
690,31,Female,Karachi,Keamari,2024-10-22,2024,10,26-35
691,54,Female,Karachi,Karachi South,2024-06-10,2024,6,46-55
692,21,Female,Karachi,Korangi,2024-10-05,2024,10,18-25
693,28,Male,Karachi,Keamari,2024-08-01,2024,8,26-35
694,18,Female,Karachi,Karachi East,2024-02-18,2024,2,18-25
695,21,Male,Karachi,Keamari,2024-05-31,2024,5,18-25
696,45,Male,Karachi,Malir,2025-05-15,2025,5,36-45
697,54,Female,Karachi,Korangi,2024-10-06,2024,10,46-55
698,31,Female,Karachi,Karachi West,2025-08-27,2025,8,26-35
699,28,Female,Karachi,Karachi Central,2024-04-18,2024,4,26-35
700,63,Male,Karachi,Keamari,2024-09-13,2024,9,56+
701,33,Female,Karachi,Karachi South,2024-11-07,2024,11,26-35
702,41,Female,Karachi,Karachi East,2024-02-22,2024,2,36-45
703,43,Female,Karachi,Karachi Central,2025-08-03,2025,8,36-45
704,34,Male,Karachi,Karachi West,2025-12-16,2025,12,26-35
705,21,Female,Karachi,Karachi West,2025-12-04,2025,12,18-25
706,48,Female,Karachi,Karachi West,2025-10-25,2025,10,46-55
707,40,Male,Karachi,Keamari,2024-04-06,2024,4,36-45
708,42,Female,Karachi,Karachi Central,2026-01-06,2026,1,36-45
709,18,Female,Karachi,Malir,2024-08-09,2024,8,18-25
710,22,Female,Karachi,Karachi West,2024-06-07,2024,6,18-25
711,34,Female,Karachi,Malir,2025-08-25,2025,8,26-35
712,48,Female,Karachi,Karachi West,2024-03-26,2024,3,46-55
713,25,Female,Karachi,Keamari,2024-05-29,2024,5,18-25
714,61,Male,Karachi,Karachi South,2025-11-24,2025,11,56+
715,25,Female,Karachi,Korangi,2024-10-09,2024,10,18-25
716,46,Male,Karachi,Keamari,2025-03-30,2025,3,46-55
717,30,Female,Karachi,Karachi West,2024-01-14,2024,1,26-35
718,50,Female,Karachi,Malir,2024-10-30,2024,10,46-55
719,22,Female,Karachi,Malir,2025-07-24,2025,7,18-25
720,46,Male,Karachi,Korangi,2025-12-16,2025,12,46-55
721,46,Female,Karachi,Karachi South,2024-03-16,2024,3,46-55
722,63,Male,Karachi,Karachi South,2025-01-16,2025,1,56+
723,36,Female,Karachi,Korangi,2025-04-15,2025,4,36-45
724,52,Female,Karachi,Keamari,2024-02-25,2024,2,46-55
725,49,Female,Karachi,Karachi West,2025-12-02,2025,12,46-55
726,58,Male,Karachi,Karachi East,2024-01-15,2024,1,56+
727,60,Male,Karachi,Karachi South,2024-08-05,2024,8,56+
728,18,Female,Karachi,Karachi Central,2025-02-13,2025,2,18-25
729,19,Female,Karachi,Karachi Central,2024-07-07,2024,7,18-25
730,57,Female,Karachi,Karachi West,2025-12-07,2025,12,56+
731,42,Female,Karachi,Karachi Central,2024-10-04,2024,10,36-45
732,43,Female,Karachi,Karachi Central,2024-07-06,2024,7,36-45
733,33,Male,Karachi,Karachi East,2024-05-12,2024,5,26-35
734,63,Female,Karachi,Karachi Central,2024-04-01,2024,4,56+
735,52,Female,Karachi,Karachi Central,2024-09-09,2024,9,46-55
736,26,Female,Karachi,Karachi South,2025-09-22,2025,9,26-35
737,43,Female,Karachi,Korangi,2024-06-14,2024,6,36-45
738,18,Female,Karachi,Malir,2025-03-28,2025,3,18-25
739,22,Male,Karachi,Malir,2025-03-27,2025,3,18-25
740,42,Male,Karachi,Karachi South,2024-08-17,2024,8,36-45
741,62,Female,Karachi,Karachi West,2024-08-29,2024,8,56+
742,41,Male,Karachi,Keamari,2025-03-24,2025,3,36-45
743,38,Male,Karachi,Karachi West,2025-04-26,2025,4,36-45
744,49,Male,Karachi,Korangi,2024-09-25,2024,9,46-55
745,31,Female,Karachi,Korangi,2024-08-31,2024,8,26-35
746,18,Female,Karachi,Karachi West,2024-10-18,2024,10,18-25
747,21,Female,Karachi,Keamari,2025-02-16,2025,2,18-25
748,47,Female,Karachi,Karachi Central,2025-12-10,2025,12,46-55
749,39,Female,Karachi,Karachi West,2025-01-11,2025,1,36-45
750,47,Female,Karachi,Korangi,2024-01-17,2024,1,46-55
751,34,Male,Karachi,Malir,2024-01-07,2024,1,26-35
752,64,Female,Karachi,Karachi East,2024-03-21,2024,3,56+
753,65,Female,Karachi,Karachi South,2024-03-18,2024,3,56+
754,31,Male,Karachi,Karachi East,2024-08-11,2024,8,26-35
755,38,Female,Karachi,Karachi South,2025-10-26,2025,10,36-45
756,38,Female,Karachi,Malir,2025-09-25,2025,9,36-45
757,51,Female,Karachi,Karachi South,2025-03-24,2025,3,46-55
758,55,Male,Karachi,Keamari,2024-05-29,2024,5,46-55
759,47,Female,Karachi,Korangi,2024-03-05,2024,3,46-55
760,48,Male,Karachi,Korangi,2025-10-12,2025,10,46-55
761,56,Male,Karachi,Korangi,2025-10-11,2025,10,56+
762,48,Female,Karachi,Karachi Central,2025-09-24,2025,9,46-55
763,26,Female,Karachi,Karachi Central,2024-07-30,2024,7,26-35
764,18,Male,Karachi,Karachi East,2024-10-07,2024,10,18-25
765,47,Male,Karachi,Karachi Central,2024-01-23,2024,1,46-55
766,24,Female,Karachi,Karachi East,2024-09-28,2024,9,18-25
767,59,Female,Karachi,Karachi West,2025-09-10,2025,9,56+
768,38,Female,Karachi,Karachi Central,2025-02-17,2025,2,36-45
769,26,Male,Karachi,Keamari,2024-04-28,2024,4,26-35
770,46,Female,Karachi,Karachi South,2025-04-09,2025,4,46-55
771,45,Male,Karachi,Karachi South,2024-10-07,2024,10,36-45
772,28,Male,Karachi,Karachi South,2025-06-12,2025,6,26-35
773,62,Male,Karachi,Keamari,2024-06-07,2024,6,56+
774,64,Male,Karachi,Keamari,2024-07-13,2024,7,56+
775,37,Female,Karachi,Karachi Central,2025-11-11,2025,11,36-45
776,39,Female,Karachi,Karachi Central,2025-11-10,2025,11,36-45
777,25,Female,Karachi,Malir,2024-06-07,2024,6,18-25
778,34,Female,Karachi,Karachi West,2025-12-21,2025,12,26-35
779,61,Female,Karachi,Keamari,2024-07-26,2024,7,56+
780,34,Male,Karachi,Karachi South,2024-10-10,2024,10,26-35
781,27,Female,Karachi,Korangi,2024-08-08,2024,8,26-35
782,19,Female,Karachi,Keamari,2024-09-03,2024,9,18-25
783,48,Female,Karachi,Karachi East,2024-04-17,2024,4,46-55
784,60,Female,Karachi,Karachi South,2024-12-10,2024,12,56+
785,58,Male,Karachi,Keamari,2025-01-13,2025,1,56+
786,63,Male,Karachi,Karachi South,2025-08-02,2025,8,56+
787,21,Female,Karachi,Malir,2024-02-18,2024,2,18-25
788,28,Male,Karachi,Korangi,2025-12-02,2025,12,26-35
789,36,Male,Karachi,Karachi Central,2024-11-30,2024,11,36-45
790,36,Male,Karachi,Karachi West,2024-02-17,2024,2,36-45
791,57,Male,Karachi,Karachi West,2024-01-22,2024,1,56+
792,35,Male,Karachi,Karachi West,2025-06-25,2025,6,26-35
793,40,Male,Karachi,Karachi East,2025-07-01,2025,7,36-45
794,19,Female,Karachi,Karachi East,2025-01-18,2025,1,18-25
795,50,Male,Karachi,Karachi East,2025-07-01,2025,7,46-55
796,50,Male,Karachi,Karachi Central,2025-04-27,2025,4,46-55
797,35,Male,Karachi,Karachi East,2025-02-24,2025,2,26-35
798,59,Female,Karachi,Keamari,2024-08-27,2024,8,56+
799,41,Male,Karachi,Karachi West,2025-01-13,2025,1,36-45
800,25,Male,Karachi,Karachi West,2025-12-14,2025,12,18-25
801,46,Male,Karachi,Karachi East,2024-11-29,2024,11,46-55
802,44,Female,Karachi,Karachi West,2025-07-02,2025,7,36-45
803,20,Female,Karachi,Karachi East,2024-11-03,2024,11,18-25
804,57,Female,Karachi,Keamari,2024-06-11,2024,6,56+
805,18,Male,Karachi,Malir,2024-11-28,2024,11,18-25
806,41,Female,Karachi,Karachi West,2025-12-18,2025,12,36-45
807,31,Male,Karachi,Karachi Central,2025-10-08,2025,10,26-35
808,46,Female,Karachi,Karachi Central,2025-06-11,2025,6,46-55
809,23,Male,Karachi,Karachi West,2025-06-22,2025,6,18-25
810,40,Female,Karachi,Karachi West,2025-09-04,2025,9,36-45
811,30,Female,Karachi,Karachi East,2025-02-20,2025,2,26-35
812,59,Male,Karachi,Keamari,2024-01-15,2024,1,56+
813,25,Female,Karachi,Malir,2025-08-29,2025,8,18-25
814,24,Female,Karachi,Karachi South,2024-02-24,2024,2,18-25
815,41,Male,Karachi,Karachi East,2024-02-16,2024,2,36-45
816,56,Female,Karachi,Malir,2025-09-18,2025,9,56+
817,59,Female,Karachi,Karachi South,2024-07-31,2024,7,56+
818,65,Male,Karachi,Karachi West,2025-01-02,2025,1,56+
819,19,Female,Karachi,Karachi East,2024-01-29,2024,1,18-25
820,32,Male,Karachi,Karachi South,2025-01-12,2025,1,26-35
821,37,Female,Karachi,Karachi West,2024-07-15,2024,7,36-45
822,21,Male,Karachi,Karachi East,2025-02-20,2025,2,18-25
823,61,Female,Karachi,Karachi East,2025-10-21,2025,10,56+
824,34,Female,Karachi,Karachi South,2024-10-01,2024,10,26-35
825,65,Male,Karachi,Karachi South,2025-09-05,2025,9,56+
826,37,Female,Karachi,Malir,2024-02-06,2024,2,36-45
827,28,Male,Karachi,Karachi East,2024-06-18,2024,6,26-35
828,32,Male,Karachi,Karachi South,2025-06-09,2025,6,26-35
829,61,Male,Karachi,Karachi Central,2025-01-28,2025,1,56+
830,24,Male,Karachi,Keamari,2025-11-16,2025,11,18-25
831,23,Female,Karachi,Malir,2024-06-23,2024,6,18-25
832,38,Male,Karachi,Karachi East,2025-03-23,2025,3,36-45
833,50,Female,Karachi,Karachi Central,2024-09-18,2024,9,46-55
834,27,Male,Karachi,Malir,2025-02-28,2025,2,26-35
835,37,Female,Karachi,Keamari,2025-12-13,2025,12,36-45
836,28,Female,Karachi,Karachi East,2024-09-25,2024,9,26-35
837,44,Male,Karachi,Malir,2024-09-29,2024,9,36-45
838,35,Male,Karachi,Keamari,2025-06-04,2025,6,26-35
839,22,Male,Karachi,Karachi Central,2024-10-25,2024,10,18-25
840,62,Male,Karachi,Keamari,2025-04-02,2025,4,56+
841,53,Male,Karachi,Korangi,2024-06-04,2024,6,46-55
842,30,Male,Karachi,Karachi South,2025-10-15,2025,10,26-35
843,26,Male,Karachi,Karachi West,2025-04-18,2025,4,26-35
844,43,Female,Karachi,Karachi Central,2025-11-10,2025,11,36-45
845,65,Female,Karachi,Karachi East,2024-01-29,2024,1,56+
846,36,Male,Karachi,Karachi Central,2025-06-12,2025,6,36-45
847,26,Female,Karachi,Keamari,2024-10-05,2024,10,26-35
848,63,Male,Karachi,Karachi West,2025-09-05,2025,9,56+
849,36,Female,Karachi,Karachi Central,2025-01-17,2025,1,36-45
850,47,Female,Karachi,Korangi,2024-07-01,2024,7,46-55
851,34,Female,Karachi,Karachi South,2024-05-27,2024,5,26-35
852,49,Female,Karachi,Karachi Central,2024-10-23,2024,10,46-55
853,58,Male,Karachi,Keamari,2025-06-20,2025,6,56+
854,26,Female,Karachi,Karachi Central,2025-05-13,2025,5,26-35
855,24,Female,Karachi,Karachi South,2024-12-11,2024,12,18-25
856,39,Male,Karachi,Karachi West,2024-08-06,2024,8,36-45
857,41,Female,Karachi,Korangi,2024-06-16,2024,6,36-45
858,20,Male,Karachi,Keamari,2024-07-22,2024,7,18-25
859,38,Female,Karachi,Keamari,2024-08-29,2024,8,36-45
860,24,Male,Karachi,Malir,2024-02-06,2024,2,18-25
861,44,Male,Karachi,Karachi East,2024-05-13,2024,5,36-45
862,56,Male,Karachi,Malir,2025-10-26,2025,10,56+
863,23,Male,Karachi,Keamari,2024-12-05,2024,12,18-25
864,32,Male,Karachi,Keamari,2024-05-28,2024,5,26-35
865,39,Male,Karachi,Korangi,2025-09-03,2025,9,36-45
866,27,Female,Karachi,Karachi East,2024-10-22,2024,10,26-35
867,37,Male,Karachi,Korangi,2024-01-28,2024,1,36-45
868,39,Male,Karachi,Korangi,2025-05-27,2025,5,36-45
869,48,Female,Karachi,Keamari,2024-08-28,2024,8,46-55
870,42,Female,Karachi,Karachi Central,2025-03-27,2025,3,36-45
871,49,Female,Karachi,Korangi,2024-09-15,2024,9,46-55
872,39,Female,Karachi,Karachi Central,2024-08-25,2024,8,36-45
873,32,Male,Karachi,Karachi East,2025-04-04,2025,4,26-35
874,20,Male,Karachi,Karachi East,2024-08-06,2024,8,18-25
875,62,Female,Karachi,Karachi West,2025-05-08,2025,5,56+
876,39,Female,Karachi,Karachi South,2025-09-15,2025,9,36-45
877,46,Male,Karachi,Karachi West,2025-08-08,2025,8,46-55
878,53,Male,Karachi,Keamari,2025-12-29,2025,12,46-55
879,25,Male,Karachi,Karachi Central,2025-06-05,2025,6,18-25
880,43,Male,Karachi,Karachi Central,2025-08-11,2025,8,36-45
881,18,Female,Karachi,Karachi South,2025-12-17,2025,12,18-25
882,53,Male,Karachi,Keamari,2025-11-13,2025,11,46-55
883,62,Male,Karachi,Karachi Central,2024-02-19,2024,2,56+
884,22,Female,Karachi,Karachi Central,2025-06-22,2025,6,18-25
885,57,Male,Karachi,Korangi,2024-08-01,2024,8,56+
886,23,Female,Karachi,Karachi South,2024-08-16,2024,8,18-25
887,57,Female,Karachi,Keamari,2025-12-09,2025,12,56+
888,21,Female,Karachi,Keamari,2024-01-31,2024,1,18-25
889,23,Male,Karachi,Korangi,2024-12-24,2024,12,18-25
890,60,Male,Karachi,Karachi West,2024-01-28,2024,1,56+
891,33,Female,Karachi,Karachi Central,2024-10-12,2024,10,26-35
892,29,Male,Karachi,Keamari,2024-04-30,2024,4,26-35
893,40,Male,Karachi,Karachi Central,2024-02-16,2024,2,36-45
894,30,Female,Karachi,Karachi South,2024-07-05,2024,7,26-35
895,58,Male,Karachi,Korangi,2025-12-01,2025,12,56+
896,48,Male,Karachi,Keamari,2025-03-30,2025,3,46-55
897,53,Female,Karachi,Karachi South,2025-05-07,2025,5,46-55
898,46,Male,Karachi,Keamari,2024-11-13,2024,11,46-55
899,55,Female,Karachi,Malir,2024-08-21,2024,8,46-55
900,29,Male,Karachi,Karachi Central,2024-04-20,2024,4,26-35
901,26,Female,Karachi,Karachi West,2024-04-29,2024,4,26-35
902,20,Female,Karachi,Malir,2024-06-30,2024,6,18-25
903,27,Male,Karachi,Keamari,2024-06-02,2024,6,26-35
904,54,Male,Karachi,Korangi,2025-12-07,2025,12,46-55
905,20,Female,Karachi,Korangi,2025-06-27,2025,6,18-25
906,57,Female,Karachi,Karachi East,2025-08-14,2025,8,56+
907,40,Female,Karachi,Keamari,2025-12-21,2025,12,36-45
908,31,Male,Karachi,Malir,2024-07-15,2024,7,26-35
909,28,Female,Karachi,Keamari,2025-09-20,2025,9,26-35
910,58,Female,Karachi,Malir,2025-07-30,2025,7,56+
911,23,Female,Karachi,Karachi South,2024-12-30,2024,12,18-25
912,20,Female,Karachi,Karachi East,2024-05-24,2024,5,18-25
913,35,Male,Karachi,Karachi Central,2025-09-13,2025,9,26-35
914,29,Female,Karachi,Keamari,2025-03-07,2025,3,26-35
915,24,Male,Karachi,Keamari,2025-09-02,2025,9,18-25
916,57,Male,Karachi,Keamari,2024-06-06,2024,6,56+
917,65,Male,Karachi,Korangi,2025-08-19,2025,8,56+
918,47,Male,Karachi,Malir,2024-07-23,2024,7,46-55
919,61,Male,Karachi,Karachi East,2024-04-20,2024,4,56+
920,28,Female,Karachi,Karachi South,2025-09-04,2025,9,26-35
921,20,Male,Karachi,Keamari,2024-11-10,2024,11,18-25
922,27,Female,Karachi,Karachi South,2024-05-21,2024,5,26-35
923,58,Female,Karachi,Korangi,2024-07-07,2024,7,56+
924,42,Female,Karachi,Karachi West,2025-05-04,2025,5,36-45
925,54,Female,Karachi,Karachi Central,2025-03-27,2025,3,46-55
926,27,Female,Karachi,Karachi West,2024-04-14,2024,4,26-35
927,63,Male,Karachi,Karachi West,2025-04-06,2025,4,56+
928,50,Male,Karachi,Karachi South,2025-03-01,2025,3,46-55
929,38,Male,Karachi,Karachi South,2025-07-27,2025,7,36-45
930,24,Female,Karachi,Karachi Central,2025-03-07,2025,3,18-25
931,46,Female,Karachi,Malir,2024-04-10,2024,4,46-55
932,29,Female,Karachi,Korangi,2025-04-16,2025,4,26-35
933,48,Male,Karachi,Karachi East,2024-05-11,2024,5,46-55
934,45,Female,Karachi,Karachi West,2025-03-11,2025,3,36-45
935,47,Female,Karachi,Karachi Central,2025-05-02,2025,5,46-55
936,48,Female,Karachi,Karachi West,2024-04-18,2024,4,46-55
937,21,Female,Karachi,Keamari,2024-04-24,2024,4,18-25
938,52,Female,Karachi,Korangi,2025-08-08,2025,8,46-55
939,53,Male,Karachi,Karachi South,2025-05-01,2025,5,46-55
940,41,Female,Karachi,Karachi West,2024-11-27,2024,11,36-45
941,50,Male,Karachi,Korangi,2024-06-30,2024,6,46-55
942,44,Male,Karachi,Karachi South,2025-04-04,2025,4,36-45
943,55,Male,Karachi,Karachi South,2025-06-03,2025,6,46-55
944,32,Male,Karachi,Keamari,2025-11-04,2025,11,26-35
945,25,Female,Karachi,Korangi,2025-09-23,2025,9,18-25
946,31,Male,Karachi,Karachi West,2024-03-20,2024,3,26-35
947,35,Female,Karachi,Karachi East,2024-08-05,2024,8,26-35
948,32,Male,Karachi,Malir,2025-01-06,2025,1,26-35
949,46,Male,Karachi,Karachi East,2024-11-08,2024,11,46-55
950,35,Male,Karachi,Karachi South,2024-03-12,2024,3,26-35
951,49,Male,Karachi,Keamari,2024-11-16,2024,11,46-55
952,54,Female,Karachi,Karachi East,2024-10-19,2024,10,46-55
953,60,Female,Karachi,Karachi West,2025-03-26,2025,3,56+
954,36,Female,Karachi,Karachi Central,2024-01-15,2024,1,36-45
955,56,Female,Karachi,Karachi East,2024-04-01,2024,4,56+
956,51,Female,Karachi,Karachi Central,2024-01-10,2024,1,46-55
957,37,Female,Karachi,Karachi East,2025-10-01,2025,10,36-45
958,24,Female,Karachi,Korangi,2025-08-16,2025,8,18-25
959,48,Female,Karachi,Karachi Central,2024-10-08,2024,10,46-55
960,50,Male,Karachi,Keamari,2024-06-03,2024,6,46-55
961,49,Male,Karachi,Keamari,2024-11-20,2024,11,46-55
962,63,Male,Karachi,Keamari,2024-04-14,2024,4,56+
963,41,Male,Karachi,Korangi,2025-11-02,2025,11,36-45
964,45,Female,Karachi,Malir,2025-10-07,2025,10,36-45
965,20,Female,Karachi,Korangi,2025-11-06,2025,11,18-25
966,46,Male,Karachi,Korangi,2024-08-04,2024,8,46-55
967,36,Female,Karachi,Korangi,2025-06-26,2025,6,36-45
968,61,Female,Karachi,Korangi,2025-04-23,2025,4,56+
969,31,Male,Karachi,Karachi West,2025-07-30,2025,7,26-35
970,50,Male,Karachi,Korangi,2024-05-17,2024,5,46-55
971,25,Female,Karachi,Karachi West,2024-07-12,2024,7,18-25
972,47,Male,Karachi,Karachi East,2024-01-23,2024,1,46-55
973,47,Male,Karachi,Malir,2024-12-23,2024,12,46-55
974,22,Female,Karachi,Karachi South,2025-08-02,2025,8,18-25
975,21,Male,Karachi,Malir,2025-07-26,2025,7,18-25
976,28,Female,Karachi,Keamari,2024-09-14,2024,9,26-35
977,25,Male,Karachi,Karachi South,2024-07-01,2024,7,18-25
978,27,Female,Karachi,Karachi Central,2025-05-21,2025,5,26-35
979,28,Female,Karachi,Karachi West,2024-09-21,2024,9,26-35
980,18,Male,Karachi,Karachi South,2024-06-14,2024,6,18-25
981,38,Female,Karachi,Karachi South,2024-05-03,2024,5,36-45
982,45,Female,Karachi,Malir,2024-03-10,2024,3,36-45
983,60,Female,Karachi,Keamari,2025-02-22,2025,2,56+
984,27,Male,Karachi,Malir,2024-06-19,2024,6,26-35
985,59,Female,Karachi,Malir,2024-11-28,2024,11,56+
986,65,Male,Karachi,Malir,2024-08-23,2024,8,56+
987,46,Male,Karachi,Malir,2024-11-21,2024,11,46-55
988,42,Female,Karachi,Korangi,2025-05-26,2025,5,36-45
989,61,Female,Karachi,Keamari,2024-03-26,2024,3,56+
990,43,Male,Karachi,Karachi West,2025-04-15,2025,4,36-45
991,45,Male,Karachi,Korangi,2024-05-17,2024,5,36-45
992,63,Male,Karachi,Malir,2024-05-03,2024,5,56+
993,26,Female,Karachi,Karachi South,2024-11-15,2024,11,26-35
994,50,Female,Karachi,Karachi Central,2024-09-24,2024,9,46-55
995,30,Female,Karachi,Keamari,2024-08-23,2024,8,26-35
996,49,Male,Karachi,Karachi Central,2024-01-19,2024,1,46-55
997,45,Female,Karachi,Karachi South,2025-10-02,2025,10,36-45
998,20,Male,Karachi,Korangi,2025-11-23,2025,11,18-25
999,25,Male,Karachi,Karachi Central,2025-12-22,2025,12,18-25
1000,41,Male,Karachi,Keamari,2024-08-21,2024,8,36-45
1001,22,Male,Karachi,Karachi Central,2024-11-18,2024,11,18-25
1002,20,Male,Karachi,Karachi Central,2025-10-23,2025,10,18-25
1003,36,Female,Karachi,Karachi West,2025-03-21,2025,3,36-45
1004,36,Female,Karachi,Malir,2025-06-08,2025,6,36-45
1005,55,Male,Karachi,Keamari,2024-01-24,2024,1,46-55
1006,64,Male,Karachi,Karachi West,2025-02-16,2025,2,56+
1007,38,Female,Karachi,Karachi Central,2024-07-17,2024,7,36-45
1008,41,Male,Karachi,Karachi East,2024-02-23,2024,2,36-45
1009,64,Female,Karachi,Karachi Central,2024-12-09,2024,12,56+
1010,29,Male,Karachi,Karachi Central,2025-06-14,2025,6,26-35
1011,42,Male,Karachi,Keamari,2024-01-24,2024,1,36-45
1012,41,Female,Karachi,Karachi South,2025-09-07,2025,9,36-45
1013,36,Male,Karachi,Karachi Central,2024-06-18,2024,6,36-45
1014,41,Female,Karachi,Karachi East,2024-03-07,2024,3,36-45
1015,33,Male,Karachi,Keamari,2024-08-24,2024,8,26-35
1016,32,Female,Karachi,Karachi Central,2025-08-11,2025,8,26-35
1017,24,Female,Karachi,Karachi Central,2024-12-07,2024,12,18-25
1018,51,Male,Karachi,Korangi,2024-09-15,2024,9,46-55
1019,62,Male,Karachi,Malir,2025-10-04,2025,10,56+
1020,28,Male,Karachi,Karachi West,2025-12-13,2025,12,26-35
1021,47,Male,Karachi,Karachi East,2025-07-08,2025,7,46-55
1022,37,Male,Karachi,Keamari,2024-01-17,2024,1,36-45
1023,50,Male,Karachi,Malir,2025-08-28,2025,8,46-55
1024,41,Male,Karachi,Karachi Central,2024-09-02,2024,9,36-45
1025,34,Male,Karachi,Malir,2024-10-21,2024,10,26-35
1026,43,Male,Karachi,Karachi West,2024-08-17,2024,8,36-45
1027,65,Female,Karachi,Karachi South,2024-05-29,2024,5,56+
1028,52,Female,Karachi,Karachi Central,2025-02-20,2025,2,46-55
1029,27,Male,Karachi,Karachi West,2024-08-29,2024,8,26-35
1030,55,Male,Karachi,Malir,2024-02-23,2024,2,46-55
1031,53,Male,Karachi,Karachi South,2025-12-01,2025,12,46-55
1032,49,Female,Karachi,Korangi,2024-10-11,2024,10,46-55
1033,60,Female,Karachi,Karachi East,2025-01-16,2025,1,56+
1034,55,Male,Karachi,Karachi South,2024-05-27,2024,5,46-55
1035,50,Male,Karachi,Karachi Central,2026-01-01,2026,1,46-55
1036,24,Female,Karachi,Malir,2025-01-25,2025,1,18-25
1037,64,Female,Karachi,Karachi Central,2025-09-08,2025,9,56+
1038,48,Male,Karachi,Karachi South,2024-12-02,2024,12,46-55
1039,43,Male,Karachi,Karachi Central,2024-07-24,2024,7,36-45
1040,51,Female,Karachi,Karachi East,2025-06-10,2025,6,46-55
1041,37,Female,Karachi,Korangi,2025-03-04,2025,3,36-45
1042,34,Female,Karachi,Karachi West,2025-10-01,2025,10,26-35
1043,60,Male,Karachi,Karachi South,2025-09-14,2025,9,56+
1044,39,Male,Karachi,Karachi West,2025-03-18,2025,3,36-45
1045,27,Male,Karachi,Karachi West,2024-05-10,2024,5,26-35
1046,31,Female,Karachi,Karachi East,2025-11-08,2025,11,26-35
1047,21,Male,Karachi,Malir,2024-05-18,2024,5,18-25
1048,53,Male,Karachi,Keamari,2025-01-27,2025,1,46-55
1049,29,Female,Karachi,Karachi South,2025-04-04,2025,4,26-35
1050,31,Male,Karachi,Karachi South,2025-12-16,2025,12,26-35
1051,64,Female,Karachi,Keamari,2025-05-27,2025,5,56+
1052,26,Female,Karachi,Korangi,2024-12-06,2024,12,26-35
1053,23,Female,Karachi,Malir,2024-11-08,2024,11,18-25
1054,58,Female,Karachi,Keamari,2025-02-07,2025,2,56+
1055,64,Male,Karachi,Korangi,2025-03-19,2025,3,56+
1056,32,Female,Karachi,Korangi,2024-01-20,2024,1,26-35
1057,36,Female,Karachi,Malir,2025-10-25,2025,10,36-45
1058,39,Female,Karachi,Karachi Central,2025-01-02,2025,1,36-45
1059,45,Female,Karachi,Karachi South,2025-01-31,2025,1,36-45
1060,39,Male,Karachi,Karachi West,2025-08-22,2025,8,36-45
1061,29,Male,Karachi,Keamari,2025-12-18,2025,12,26-35
1062,54,Female,Karachi,Karachi East,2025-01-18,2025,1,46-55
1063,37,Female,Karachi,Karachi South,2025-09-15,2025,9,36-45
1064,53,Female,Karachi,Karachi East,2024-10-09,2024,10,46-55
1065,65,Female,Karachi,Malir,2025-10-20,2025,10,56+
1066,24,Male,Karachi,Karachi Central,2024-12-12,2024,12,18-25
1067,38,Male,Karachi,Karachi South,2024-03-16,2024,3,36-45
1068,18,Male,Karachi,Karachi Central,2024-11-17,2024,11,18-25
1069,18,Female,Karachi,Karachi South,2025-06-29,2025,6,18-25
1070,31,Female,Karachi,Malir,2024-06-18,2024,6,26-35
1071,36,Female,Karachi,Malir,2025-04-07,2025,4,36-45
1072,56,Male,Karachi,Malir,2024-11-04,2024,11,56+
1073,53,Female,Karachi,Malir,2024-08-08,2024,8,46-55
1074,58,Male,Karachi,Malir,2024-03-22,2024,3,56+
1075,39,Male,Karachi,Malir,2025-07-04,2025,7,36-45
1076,34,Female,Karachi,Korangi,2025-11-21,2025,11,26-35
1077,28,Male,Karachi,Keamari,2024-12-27,2024,12,26-35
1078,26,Female,Karachi,Karachi East,2025-08-21,2025,8,26-35
1079,33,Female,Karachi,Korangi,2025-05-07,2025,5,26-35
1080,35,Female,Karachi,Karachi South,2026-01-05,2026,1,26-35
1081,51,Female,Karachi,Malir,2025-07-29,2025,7,46-55
1082,64,Male,Karachi,Karachi South,2025-10-11,2025,10,56+
1083,44,Male,Karachi,Keamari,2025-08-29,2025,8,36-45
1084,25,Female,Karachi,Karachi South,2024-05-29,2024,5,18-25
1085,32,Female,Karachi,Karachi South,2024-08-11,2024,8,26-35
1086,54,Male,Karachi,Karachi Central,2025-10-02,2025,10,46-55
1087,31,Male,Karachi,Korangi,2024-09-14,2024,9,26-35
1088,46,Female,Karachi,Karachi East,2024-04-19,2024,4,46-55
1089,43,Male,Karachi,Karachi Central,2024-05-18,2024,5,36-45
1090,63,Female,Karachi,Karachi East,2024-05-18,2024,5,56+
1091,38,Male,Karachi,Karachi South,2024-08-13,2024,8,36-45
1092,38,Male,Karachi,Korangi,2025-03-13,2025,3,36-45
1093,43,Male,Karachi,Karachi Central,2025-05-19,2025,5,36-45
1094,23,Female,Karachi,Karachi Central,2025-05-15,2025,5,18-25
1095,40,Male,Karachi,Karachi East,2025-08-18,2025,8,36-45
1096,46,Female,Karachi,Keamari,2024-07-18,2024,7,46-55
1097,52,Male,Karachi,Korangi,2024-05-16,2024,5,46-55
1098,28,Female,Karachi,Karachi Central,2024-05-14,2024,5,26-35
1099,33,Female,Karachi,Karachi West,2025-09-27,2025,9,26-35
1100,56,Female,Karachi,Karachi South,2025-08-26,2025,8,56+
1101,62,Female,Karachi,Karachi East,2024-03-02,2024,3,56+
1102,34,Female,Karachi,Karachi Central,2025-09-28,2025,9,26-35
1103,53,Male,Karachi,Malir,2024-01-21,2024,1,46-55
1104,26,Male,Karachi,Korangi,2024-08-15,2024,8,26-35
1105,30,Male,Karachi,Karachi East,2024-09-14,2024,9,26-35
1106,53,Male,Karachi,Karachi South,2024-04-16,2024,4,46-55
1107,41,Female,Karachi,Keamari,2025-07-10,2025,7,36-45
1108,36,Female,Karachi,Korangi,2024-06-13,2024,6,36-45
1109,59,Male,Karachi,Malir,2025-04-02,2025,4,56+
1110,51,Female,Karachi,Karachi East,2024-08-01,2024,8,46-55
1111,35,Male,Karachi,Malir,2024-05-21,2024,5,26-35
1112,39,Male,Karachi,Karachi East,2025-02-17,2025,2,36-45
1113,59,Male,Karachi,Karachi South,2024-12-12,2024,12,56+
1114,44,Female,Karachi,Keamari,2025-10-25,2025,10,36-45
1115,38,Male,Karachi,Malir,2025-08-25,2025,8,36-45
1116,37,Male,Karachi,Keamari,2025-04-21,2025,4,36-45
1117,35,Female,Karachi,Korangi,2024-06-13,2024,6,26-35
1118,51,Male,Karachi,Malir,2025-12-17,2025,12,46-55
1119,31,Female,Karachi,Korangi,2025-08-02,2025,8,26-35
1120,58,Female,Karachi,Keamari,2024-03-12,2024,3,56+
1121,52,Male,Karachi,Karachi Central,2025-12-21,2025,12,46-55
1122,43,Male,Karachi,Karachi South,2025-02-15,2025,2,36-45
1123,50,Male,Karachi,Malir,2025-12-11,2025,12,46-55
1124,38,Female,Karachi,Karachi East,2024-09-14,2024,9,36-45
1125,60,Male,Karachi,Korangi,2024-06-17,2024,6,56+
1126,36,Male,Karachi,Korangi,2024-07-11,2024,7,36-45
1127,29,Female,Karachi,Karachi Central,2024-11-24,2024,11,26-35
1128,19,Female,Karachi,Karachi South,2024-10-20,2024,10,18-25
1129,56,Female,Karachi,Korangi,2024-12-04,2024,12,56+
1130,27,Male,Karachi,Karachi Central,2024-04-01,2024,4,26-35
1131,40,Male,Karachi,Korangi,2024-05-21,2024,5,36-45
1132,28,Male,Karachi,Karachi East,2024-10-27,2024,10,26-35
1133,39,Male,Karachi,Korangi,2024-09-01,2024,9,36-45
1134,61,Male,Karachi,Karachi East,2025-12-25,2025,12,56+
1135,24,Female,Karachi,Karachi South,2025-09-22,2025,9,18-25
1136,22,Male,Karachi,Karachi South,2024-04-11,2024,4,18-25
1137,63,Female,Karachi,Karachi Central,2025-07-12,2025,7,56+
1138,36,Female,Karachi,Korangi,2024-02-02,2024,2,36-45
1139,51,Male,Karachi,Karachi West,2025-05-24,2025,5,46-55
1140,30,Female,Karachi,Karachi East,2024-07-31,2024,7,26-35
1141,35,Female,Karachi,Keamari,2024-05-16,2024,5,26-35
1142,38,Female,Karachi,Karachi East,2024-06-27,2024,6,36-45
1143,27,Female,Karachi,Malir,2024-10-29,2024,10,26-35
1144,51,Male,Karachi,Karachi Central,2024-06-18,2024,6,46-55
1145,62,Male,Karachi,Karachi East,2024-02-21,2024,2,56+
1146,41,Female,Karachi,Korangi,2025-02-07,2025,2,36-45
1147,25,Male,Karachi,Karachi South,2024-02-10,2024,2,18-25
1148,31,Male,Karachi,Karachi West,2024-06-17,2024,6,26-35
1149,60,Female,Karachi,Korangi,2024-07-20,2024,7,56+
1150,18,Female,Karachi,Karachi South,2025-07-28,2025,7,18-25
1151,25,Female,Karachi,Korangi,2024-08-18,2024,8,18-25
1152,32,Male,Karachi,Karachi South,2024-03-09,2024,3,26-35
1153,46,Female,Karachi,Karachi South,2025-10-17,2025,10,46-55
1154,22,Female,Karachi,Malir,2025-12-20,2025,12,18-25
1155,35,Male,Karachi,Malir,2025-11-23,2025,11,26-35
1156,35,Male,Karachi,Korangi,2024-11-20,2024,11,26-35
1157,57,Male,Karachi,Karachi South,2025-11-13,2025,11,56+
1158,41,Male,Karachi,Karachi Central,2024-11-12,2024,11,36-45
1159,31,Male,Karachi,Karachi West,2025-08-20,2025,8,26-35
1160,24,Female,Karachi,Korangi,2025-04-03,2025,4,18-25
1161,39,Female,Karachi,Karachi South,2025-08-18,2025,8,36-45
1162,34,Male,Karachi,Karachi South,2025-04-25,2025,4,26-35
1163,58,Female,Karachi,Keamari,2025-05-01,2025,5,56+
1164,65,Female,Karachi,Karachi Central,2025-12-09,2025,12,56+
1165,62,Male,Karachi,Malir,2024-04-09,2024,4,56+
1166,36,Male,Karachi,Malir,2025-08-06,2025,8,36-45
1167,27,Female,Karachi,Karachi Central,2024-09-06,2024,9,26-35
1168,59,Male,Karachi,Malir,2025-11-25,2025,11,56+
1169,22,Female,Karachi,Karachi South,2025-05-30,2025,5,18-25
1170,45,Male,Karachi,Karachi Central,2025-01-19,2025,1,36-45
1171,63,Female,Karachi,Karachi East,2024-05-02,2024,5,56+
1172,34,Male,Karachi,Korangi,2024-06-18,2024,6,26-35
1173,29,Male,Karachi,Karachi South,2025-10-30,2025,10,26-35
1174,64,Female,Karachi,Karachi West,2024-11-13,2024,11,56+
1175,53,Male,Karachi,Karachi West,2024-04-22,2024,4,46-55
1176,54,Male,Karachi,Malir,2025-02-14,2025,2,46-55
1177,23,Female,Karachi,Karachi Central,2024-08-11,2024,8,18-25
1178,31,Male,Karachi,Korangi,2025-11-29,2025,11,26-35
1179,62,Male,Karachi,Karachi South,2025-04-04,2025,4,56+
1180,20,Male,Karachi,Karachi East,2025-03-12,2025,3,18-25
1181,19,Male,Karachi,Karachi West,2025-02-21,2025,2,18-25
1182,37,Male,Karachi,Karachi West,2025-08-12,2025,8,36-45
1183,25,Female,Karachi,Keamari,2025-04-16,2025,4,18-25
1184,45,Female,Karachi,Karachi South,2025-08-22,2025,8,36-45
1185,56,Male,Karachi,Keamari,2025-10-04,2025,10,56+
1186,19,Female,Karachi,Korangi,2024-09-01,2024,9,18-25
1187,49,Male,Karachi,Karachi Central,2025-03-23,2025,3,46-55
1188,26,Male,Karachi,Karachi South,2024-09-12,2024,9,26-35
1189,20,Male,Karachi,Karachi South,2024-12-27,2024,12,18-25
1190,32,Male,Karachi,Karachi West,2025-03-16,2025,3,26-35
1191,46,Male,Karachi,Malir,2024-08-22,2024,8,46-55
1192,35,Female,Karachi,Keamari,2025-06-13,2025,6,26-35
1193,38,Female,Karachi,Karachi West,2024-08-11,2024,8,36-45
1194,35,Female,Karachi,Malir,2025-05-12,2025,5,26-35
1195,33,Female,Karachi,Karachi Central,2025-03-17,2025,3,26-35
1196,24,Male,Karachi,Karachi Central,2024-09-04,2024,9,18-25
1197,48,Male,Karachi,Karachi West,2024-10-25,2024,10,46-55
1198,29,Male,Karachi,Korangi,2024-03-10,2024,3,26-35
1199,48,Female,Karachi,Keamari,2024-11-04,2024,11,46-55
1200,59,Female,Karachi,Malir,2024-12-14,2024,12,56+
1201,35,Female,Karachi,Korangi,2024-06-22,2024,6,26-35
1202,54,Male,Karachi,Karachi West,2025-03-16,2025,3,46-55
1203,57,Female,Karachi,Karachi South,2025-08-19,2025,8,56+
1204,28,Female,Karachi,Karachi East,2024-09-17,2024,9,26-35
1205,32,Male,Karachi,Malir,2024-03-15,2024,3,26-35
1206,58,Female,Karachi,Karachi South,2025-12-21,2025,12,56+
1207,19,Male,Karachi,Karachi East,2024-02-28,2024,2,18-25
1208,56,Male,Karachi,Karachi West,2025-08-21,2025,8,56+
1209,37,Male,Karachi,Karachi West,2024-10-23,2024,10,36-45
1210,42,Female,Karachi,Korangi,2024-06-20,2024,6,36-45
1211,36,Female,Karachi,Karachi East,2024-02-10,2024,2,36-45
1212,36,Male,Karachi,Korangi,2024-07-29,2024,7,36-45
1213,41,Female,Karachi,Keamari,2024-06-29,2024,6,36-45
1214,44,Female,Karachi,Korangi,2024-11-13,2024,11,36-45
1215,24,Female,Karachi,Karachi Central,2025-11-17,2025,11,18-25
1216,21,Male,Karachi,Karachi East,2024-01-09,2024,1,18-25
1217,21,Female,Karachi,Keamari,2024-04-26,2024,4,18-25
1218,32,Female,Karachi,Keamari,2025-11-09,2025,11,26-35
1219,36,Female,Karachi,Karachi East,2025-04-17,2025,4,36-45
1220,29,Female,Karachi,Karachi West,2025-02-03,2025,2,26-35
1221,24,Male,Karachi,Karachi West,2024-11-18,2024,11,18-25
1222,49,Female,Karachi,Keamari,2025-03-22,2025,3,46-55
1223,34,Male,Karachi,Karachi East,2025-05-26,2025,5,26-35
1224,33,Female,Karachi,Karachi Central,2024-11-05,2024,11,26-35
1225,28,Male,Karachi,Karachi Central,2025-02-10,2025,2,26-35
1226,59,Male,Karachi,Karachi South,2025-01-14,2025,1,56+
1227,46,Female,Karachi,Keamari,2024-04-16,2024,4,46-55
1228,25,Female,Karachi,Karachi West,2025-09-26,2025,9,18-25
1229,33,Female,Karachi,Karachi East,2024-07-04,2024,7,26-35
1230,54,Male,Karachi,Karachi South,2025-05-06,2025,5,46-55
1231,64,Female,Karachi,Korangi,2025-12-30,2025,12,56+
1232,47,Female,Karachi,Karachi Central,2025-07-26,2025,7,46-55
1233,46,Female,Karachi,Keamari,2024-07-13,2024,7,46-55
1234,23,Male,Karachi,Korangi,2024-09-27,2024,9,18-25
1235,60,Female,Karachi,Keamari,2024-07-29,2024,7,56+
1236,37,Female,Karachi,Malir,2025-12-04,2025,12,36-45
1237,51,Female,Karachi,Karachi South,2025-01-10,2025,1,46-55
1238,31,Female,Karachi,Karachi West,2024-10-18,2024,10,26-35
1239,46,Female,Karachi,Karachi Central,2025-11-17,2025,11,46-55
1240,40,Female,Karachi,Karachi Central,2024-08-20,2024,8,36-45
1241,23,Male,Karachi,Karachi East,2025-05-31,2025,5,18-25
1242,30,Female,Karachi,Korangi,2024-11-06,2024,11,26-35
1243,20,Female,Karachi,Karachi East,2024-11-02,2024,11,18-25
1244,57,Female,Karachi,Karachi South,2025-04-19,2025,4,56+
1245,34,Male,Karachi,Karachi South,2024-10-13,2024,10,26-35
1246,30,Male,Karachi,Karachi South,2025-08-27,2025,8,26-35
1247,25,Female,Karachi,Korangi,2024-05-10,2024,5,18-25
1248,56,Male,Karachi,Karachi South,2025-06-04,2025,6,56+
1249,24,Male,Karachi,Karachi Central,2025-04-06,2025,4,18-25
1250,53,Male,Karachi,Karachi South,2024-08-22,2024,8,46-55
1251,44,Male,Karachi,Malir,2025-04-01,2025,4,36-45
1252,22,Male,Karachi,Karachi West,2025-12-01,2025,12,18-25
1253,37,Female,Karachi,Karachi Central,2025-02-09,2025,2,36-45
1254,54,Male,Karachi,Karachi West,2025-03-23,2025,3,46-55
1255,54,Female,Karachi,Korangi,2024-07-03,2024,7,46-55
1256,25,Female,Karachi,Karachi South,2025-02-14,2025,2,18-25
1257,22,Male,Karachi,Karachi West,2025-06-14,2025,6,18-25
1258,39,Female,Karachi,Karachi East,2025-12-07,2025,12,36-45
1259,62,Female,Karachi,Korangi,2024-10-27,2024,10,56+
1260,33,Male,Karachi,Korangi,2024-08-01,2024,8,26-35
1261,44,Male,Karachi,Karachi East,2024-03-05,2024,3,36-45
1262,28,Male,Karachi,Malir,2024-01-15,2024,1,26-35
1263,55,Male,Karachi,Karachi South,2024-07-08,2024,7,46-55
1264,25,Female,Karachi,Keamari,2024-04-07,2024,4,18-25
1265,46,Female,Karachi,Karachi Central,2025-01-29,2025,1,46-55
1266,26,Male,Karachi,Karachi East,2025-11-01,2025,11,26-35
1267,30,Male,Karachi,Malir,2024-09-08,2024,9,26-35
1268,48,Female,Karachi,Karachi East,2024-12-30,2024,12,46-55
1269,33,Female,Karachi,Karachi West,2025-01-25,2025,1,26-35
1270,47,Female,Karachi,Karachi East,2024-07-11,2024,7,46-55
1271,30,Female,Karachi,Karachi East,2025-12-25,2025,12,26-35
1272,61,Female,Karachi,Karachi South,2025-08-01,2025,8,56+
1273,42,Female,Karachi,Karachi East,2025-03-08,2025,3,36-45
1274,49,Male,Karachi,Malir,2025-07-03,2025,7,46-55
1275,64,Male,Karachi,Karachi East,2024-07-07,2024,7,56+
1276,49,Female,Karachi,Keamari,2025-01-06,2025,1,46-55
1277,26,Male,Karachi,Karachi South,2024-01-28,2024,1,26-35
1278,57,Female,Karachi,Malir,2025-03-15,2025,3,56+
1279,26,Male,Karachi,Korangi,2025-05-27,2025,5,26-35
1280,48,Male,Karachi,Karachi South,2025-05-20,2025,5,46-55
1281,65,Female,Karachi,Karachi Central,2024-04-19,2024,4,56+
1282,52,Female,Karachi,Karachi East,2025-04-22,2025,4,46-55
1283,58,Male,Karachi,Karachi West,2024-11-01,2024,11,56+
1284,28,Female,Karachi,Karachi East,2025-05-07,2025,5,26-35
1285,34,Female,Karachi,Malir,2024-08-18,2024,8,26-35
1286,52,Male,Karachi,Korangi,2025-05-28,2025,5,46-55
1287,51,Male,Karachi,Karachi Central,2024-12-07,2024,12,46-55
1288,43,Female,Karachi,Korangi,2024-04-22,2024,4,36-45
1289,38,Female,Karachi,Karachi East,2025-10-11,2025,10,36-45
1290,28,Male,Karachi,Keamari,2024-09-24,2024,9,26-35
1291,60,Male,Karachi,Karachi East,2024-10-18,2024,10,56+
1292,65,Male,Karachi,Keamari,2024-10-26,2024,10,56+
1293,28,Male,Karachi,Keamari,2025-05-14,2025,5,26-35
1294,56,Female,Karachi,Malir,2025-08-06,2025,8,56+
1295,20,Male,Karachi,Keamari,2024-11-18,2024,11,18-25
1296,25,Female,Karachi,Karachi South,2024-04-17,2024,4,18-25
1297,59,Male,Karachi,Karachi East,2024-11-10,2024,11,56+
1298,49,Female,Karachi,Karachi Central,2024-02-09,2024,2,46-55
1299,50,Male,Karachi,Keamari,2024-05-16,2024,5,46-55
1300,30,Male,Karachi,Karachi West,2025-11-01,2025,11,26-35
1301,61,Female,Karachi,Karachi South,2024-03-27,2024,3,56+
1302,30,Male,Karachi,Malir,2025-02-21,2025,2,26-35
1303,30,Female,Karachi,Karachi East,2024-06-04,2024,6,26-35
1304,41,Male,Karachi,Keamari,2024-10-19,2024,10,36-45
1305,45,Male,Karachi,Korangi,2024-10-28,2024,10,36-45
1306,35,Male,Karachi,Karachi South,2024-08-27,2024,8,26-35
1307,20,Male,Karachi,Karachi Central,2024-02-15,2024,2,18-25
1308,50,Male,Karachi,Keamari,2024-12-17,2024,12,46-55
1309,31,Male,Karachi,Karachi Central,2024-03-18,2024,3,26-35
1310,39,Male,Karachi,Korangi,2025-09-09,2025,9,36-45
1311,60,Female,Karachi,Karachi Central,2024-12-28,2024,12,56+
1312,57,Male,Karachi,Karachi East,2024-11-10,2024,11,56+
1313,24,Male,Karachi,Karachi West,2024-03-25,2024,3,18-25
1314,18,Male,Karachi,Malir,2024-01-17,2024,1,18-25
1315,31,Male,Karachi,Keamari,2025-04-22,2025,4,26-35
1316,43,Female,Karachi,Karachi South,2024-09-29,2024,9,36-45
1317,59,Female,Karachi,Keamari,2024-02-03,2024,2,56+
1318,65,Male,Karachi,Karachi West,2024-12-20,2024,12,56+
1319,35,Male,Karachi,Karachi West,2024-10-10,2024,10,26-35
1320,41,Male,Karachi,Karachi Central,2024-08-15,2024,8,36-45
1321,30,Male,Karachi,Karachi Central,2025-07-30,2025,7,26-35
1322,30,Female,Karachi,Karachi South,2025-12-13,2025,12,26-35
1323,40,Female,Karachi,Korangi,2024-11-18,2024,11,36-45
1324,50,Female,Karachi,Karachi West,2024-11-03,2024,11,46-55
1325,63,Male,Karachi,Karachi Central,2024-02-21,2024,2,56+
1326,49,Female,Karachi,Malir,2024-04-04,2024,4,46-55
1327,35,Female,Karachi,Karachi West,2024-10-11,2024,10,26-35
1328,27,Male,Karachi,Korangi,2024-07-11,2024,7,26-35
1329,46,Female,Karachi,Malir,2024-11-01,2024,11,46-55
1330,52,Male,Karachi,Karachi Central,2024-07-31,2024,7,46-55
1331,49,Male,Karachi,Karachi South,2025-04-18,2025,4,46-55
1332,46,Male,Karachi,Karachi Central,2025-11-12,2025,11,46-55
1333,32,Female,Karachi,Karachi Central,2025-08-28,2025,8,26-35
1334,65,Female,Karachi,Korangi,2024-04-22,2024,4,56+
1335,52,Female,Karachi,Korangi,2025-12-16,2025,12,46-55
1336,24,Female,Karachi,Karachi East,2024-11-10,2024,11,18-25
1337,34,Male,Karachi,Korangi,2024-01-11,2024,1,26-35
1338,52,Female,Karachi,Keamari,2025-01-20,2025,1,46-55
1339,46,Male,Karachi,Keamari,2024-05-02,2024,5,46-55
1340,19,Female,Karachi,Keamari,2025-07-02,2025,7,18-25
1341,21,Male,Karachi,Keamari,2024-02-09,2024,2,18-25
1342,50,Male,Karachi,Karachi West,2025-05-02,2025,5,46-55
1343,50,Male,Karachi,Karachi South,2024-09-28,2024,9,46-55
1344,19,Female,Karachi,Keamari,2025-11-10,2025,11,18-25
1345,23,Female,Karachi,Malir,2025-12-19,2025,12,18-25
1346,64,Female,Karachi,Karachi East,2024-10-25,2024,10,56+
1347,35,Female,Karachi,Malir,2024-10-04,2024,10,26-35
1348,22,Male,Karachi,Karachi West,2024-10-07,2024,10,18-25
1349,58,Female,Karachi,Karachi Central,2025-11-17,2025,11,56+
1350,24,Female,Karachi,Karachi Central,2024-05-18,2024,5,18-25
1351,54,Female,Karachi,Korangi,2024-07-20,2024,7,46-55
1352,45,Male,Karachi,Karachi South,2024-12-07,2024,12,36-45
1353,21,Male,Karachi,Keamari,2024-11-29,2024,11,18-25
1354,57,Male,Karachi,Karachi West,2025-11-05,2025,11,56+
1355,54,Male,Karachi,Korangi,2024-06-03,2024,6,46-55
1356,62,Female,Karachi,Karachi Central,2025-04-23,2025,4,56+
1357,29,Female,Karachi,Malir,2025-11-13,2025,11,26-35
1358,39,Female,Karachi,Korangi,2024-05-15,2024,5,36-45
1359,19,Male,Karachi,Korangi,2024-05-16,2024,5,18-25
1360,38,Male,Karachi,Korangi,2024-01-25,2024,1,36-45
1361,27,Female,Karachi,Karachi East,2025-08-11,2025,8,26-35
1362,32,Female,Karachi,Karachi East,2025-04-26,2025,4,26-35
1363,48,Female,Karachi,Keamari,2025-12-22,2025,12,46-55
1364,23,Male,Karachi,Karachi Central,2024-09-12,2024,9,18-25
1365,24,Female,Karachi,Korangi,2024-10-31,2024,10,18-25
1366,47,Female,Karachi,Karachi Central,2024-06-19,2024,6,46-55
1367,22,Male,Karachi,Karachi Central,2024-09-28,2024,9,18-25
1368,64,Male,Karachi,Karachi Central,2025-10-22,2025,10,56+
1369,38,Male,Karachi,Karachi Central,2025-06-14,2025,6,36-45
1370,37,Male,Karachi,Korangi,2024-03-16,2024,3,36-45
1371,30,Female,Karachi,Karachi Central,2025-12-02,2025,12,26-35
1372,50,Female,Karachi,Karachi East,2025-06-29,2025,6,46-55
1373,53,Female,Karachi,Korangi,2025-05-14,2025,5,46-55
1374,53,Male,Karachi,Karachi West,2024-08-28,2024,8,46-55
1375,57,Male,Karachi,Korangi,2024-01-17,2024,1,56+
1376,58,Male,Karachi,Karachi Central,2024-12-08,2024,12,56+
1377,19,Female,Karachi,Keamari,2024-10-17,2024,10,18-25
1378,25,Female,Karachi,Karachi South,2024-10-04,2024,10,18-25
1379,50,Male,Karachi,Karachi Central,2025-04-07,2025,4,46-55
1380,60,Male,Karachi,Karachi West,2024-02-14,2024,2,56+
1381,31,Male,Karachi,Karachi West,2025-06-05,2025,6,26-35
1382,36,Female,Karachi,Karachi Central,2025-01-18,2025,1,36-45
1383,22,Female,Karachi,Karachi Central,2025-02-05,2025,2,18-25
1384,32,Female,Karachi,Malir,2025-11-23,2025,11,26-35
1385,21,Male,Karachi,Keamari,2024-02-16,2024,2,18-25
1386,48,Female,Karachi,Karachi Central,2024-11-30,2024,11,46-55
1387,37,Male,Karachi,Karachi Central,2024-11-08,2024,11,36-45
1388,57,Female,Karachi,Karachi Central,2026-01-05,2026,1,56+
1389,31,Male,Karachi,Karachi West,2024-04-13,2024,4,26-35
1390,23,Female,Karachi,Karachi West,2025-12-16,2025,12,18-25
1391,29,Male,Karachi,Korangi,2024-09-11,2024,9,26-35
1392,60,Male,Karachi,Karachi East,2024-07-14,2024,7,56+
1393,22,Female,Karachi,Korangi,2024-09-02,2024,9,18-25
1394,42,Female,Karachi,Keamari,2025-11-07,2025,11,36-45
1395,27,Male,Karachi,Korangi,2024-06-26,2024,6,26-35
1396,48,Male,Karachi,Korangi,2025-11-30,2025,11,46-55
1397,47,Female,Karachi,Korangi,2025-07-18,2025,7,46-55
1398,64,Female,Karachi,Keamari,2025-07-01,2025,7,56+
1399,27,Female,Karachi,Malir,2025-08-02,2025,8,26-35
1400,43,Female,Karachi,Keamari,2025-12-13,2025,12,36-45
1401,35,Male,Karachi,Keamari,2024-10-08,2024,10,26-35
1402,30,Female,Karachi,Karachi Central,2026-01-01,2026,1,26-35
1403,57,Male,Karachi,Korangi,2024-02-05,2024,2,56+
1404,22,Female,Karachi,Karachi West,2025-07-23,2025,7,18-25
1405,27,Female,Karachi,Korangi,2025-07-29,2025,7,26-35
1406,42,Female,Karachi,Keamari,2025-08-03,2025,8,36-45
1407,40,Male,Karachi,Karachi East,2025-02-17,2025,2,36-45
1408,64,Female,Karachi,Korangi,2025-04-09,2025,4,56+
1409,63,Female,Karachi,Keamari,2024-02-10,2024,2,56+
1410,58,Male,Karachi,Keamari,2025-07-02,2025,7,56+
1411,52,Female,Karachi,Korangi,2025-12-31,2025,12,46-55
1412,35,Male,Karachi,Karachi West,2025-09-21,2025,9,26-35
1413,25,Male,Karachi,Malir,2025-03-20,2025,3,18-25
1414,64,Female,Karachi,Karachi East,2025-11-07,2025,11,56+
1415,55,Male,Karachi,Karachi Central,2025-06-02,2025,6,46-55
1416,55,Male,Karachi,Karachi Central,2024-01-11,2024,1,46-55
1417,52,Female,Karachi,Karachi Central,2025-03-17,2025,3,46-55
1418,47,Female,Karachi,Korangi,2025-04-18,2025,4,46-55
1419,38,Female,Karachi,Karachi South,2025-08-21,2025,8,36-45
1420,47,Male,Karachi,Keamari,2025-04-29,2025,4,46-55
1421,32,Male,Karachi,Karachi East,2025-04-09,2025,4,26-35
1422,20,Female,Karachi,Karachi South,2024-05-31,2024,5,18-25
1423,61,Female,Karachi,Karachi South,2025-12-08,2025,12,56+
1424,64,Male,Karachi,Keamari,2025-11-17,2025,11,56+
1425,18,Male,Karachi,Karachi West,2025-04-14,2025,4,18-25
1426,24,Female,Karachi,Karachi Central,2025-01-17,2025,1,18-25
1427,42,Female,Karachi,Malir,2024-05-22,2024,5,36-45
1428,63,Female,Karachi,Karachi East,2024-09-09,2024,9,56+
1429,25,Female,Karachi,Korangi,2025-12-23,2025,12,18-25
1430,33,Male,Karachi,Malir,2024-05-20,2024,5,26-35
1431,56,Male,Karachi,Karachi Central,2024-02-03,2024,2,56+
1432,23,Female,Karachi,Karachi South,2024-11-11,2024,11,18-25
1433,56,Male,Karachi,Malir,2024-03-06,2024,3,56+
1434,65,Female,Karachi,Karachi East,2025-06-19,2025,6,56+
1435,45,Male,Karachi,Keamari,2024-07-18,2024,7,36-45
1436,23,Male,Karachi,Karachi South,2025-03-22,2025,3,18-25
1437,51,Female,Karachi,Korangi,2025-09-17,2025,9,46-55
1438,45,Female,Karachi,Malir,2025-09-29,2025,9,36-45
1439,18,Female,Karachi,Korangi,2024-05-27,2024,5,18-25
1440,46,Male,Karachi,Karachi South,2024-11-26,2024,11,46-55
1441,35,Male,Karachi,Korangi,2024-11-16,2024,11,26-35
1442,52,Female,Karachi,Karachi West,2025-01-08,2025,1,46-55
1443,60,Female,Karachi,Korangi,2025-02-12,2025,2,56+
1444,54,Male,Karachi,Korangi,2025-06-11,2025,6,46-55
1445,55,Male,Karachi,Karachi South,2024-05-21,2024,5,46-55
1446,28,Male,Karachi,Karachi East,2024-09-05,2024,9,26-35
1447,22,Male,Karachi,Malir,2025-07-19,2025,7,18-25
1448,36,Female,Karachi,Karachi Central,2024-10-20,2024,10,36-45
1449,28,Male,Karachi,Malir,2026-01-06,2026,1,26-35
1450,45,Male,Karachi,Karachi South,2025-11-01,2025,11,36-45
1451,39,Male,Karachi,Karachi East,2024-05-31,2024,5,36-45
1452,62,Female,Karachi,Karachi Central,2024-07-22,2024,7,56+
1453,37,Female,Karachi,Karachi South,2025-09-14,2025,9,36-45
1454,45,Male,Karachi,Karachi East,2024-12-26,2024,12,36-45
1455,20,Female,Karachi,Karachi West,2026-01-04,2026,1,18-25
1456,48,Male,Karachi,Karachi East,2024-04-02,2024,4,46-55
1457,28,Male,Karachi,Karachi Central,2025-08-09,2025,8,26-35
1458,34,Male,Karachi,Karachi West,2024-07-04,2024,7,26-35
1459,36,Male,Karachi,Karachi Central,2024-10-26,2024,10,36-45
1460,35,Female,Karachi,Korangi,2025-11-19,2025,11,26-35
1461,41,Female,Karachi,Keamari,2024-03-17,2024,3,36-45
1462,26,Male,Karachi,Karachi East,2024-09-09,2024,9,26-35
1463,48,Female,Karachi,Keamari,2025-02-23,2025,2,46-55
1464,47,Male,Karachi,Malir,2025-04-04,2025,4,46-55
1465,42,Male,Karachi,Karachi West,2025-11-06,2025,11,36-45
1466,55,Female,Karachi,Karachi South,2025-06-13,2025,6,46-55
1467,59,Male,Karachi,Karachi East,2025-03-08,2025,3,56+
1468,24,Female,Karachi,Karachi South,2024-10-24,2024,10,18-25
1469,28,Female,Karachi,Karachi Central,2024-09-21,2024,9,26-35
1470,47,Male,Karachi,Karachi East,2025-05-03,2025,5,46-55
1471,53,Male,Karachi,Karachi South,2024-05-09,2024,5,46-55
1472,31,Female,Karachi,Malir,2025-08-30,2025,8,26-35
1473,42,Male,Karachi,Malir,2024-01-09,2024,1,36-45
1474,60,Male,Karachi,Malir,2025-11-02,2025,11,56+
1475,42,Female,Karachi,Karachi West,2025-10-02,2025,10,36-45
1476,30,Female,Karachi,Malir,2024-03-05,2024,3,26-35
1477,34,Female,Karachi,Karachi South,2024-08-18,2024,8,26-35
1478,59,Male,Karachi,Karachi East,2025-06-26,2025,6,56+
1479,62,Female,Karachi,Karachi Central,2024-09-22,2024,9,56+
1480,18,Male,Karachi,Karachi East,2025-06-04,2025,6,18-25
1481,24,Female,Karachi,Korangi,2025-09-02,2025,9,18-25
1482,65,Female,Karachi,Malir,2024-06-17,2024,6,56+
1483,28,Male,Karachi,Malir,2024-06-04,2024,6,26-35
1484,41,Female,Karachi,Keamari,2024-04-18,2024,4,36-45
1485,58,Male,Karachi,Korangi,2026-01-01,2026,1,56+
1486,36,Female,Karachi,Karachi West,2024-09-21,2024,9,36-45
1487,48,Female,Karachi,Korangi,2025-02-25,2025,2,46-55
1488,31,Male,Karachi,Karachi Central,2024-05-02,2024,5,26-35
1489,27,Female,Karachi,Malir,2025-10-19,2025,10,26-35
1490,27,Male,Karachi,Karachi West,2024-10-11,2024,10,26-35
1491,33,Male,Karachi,Karachi West,2025-07-19,2025,7,26-35
1492,31,Female,Karachi,Keamari,2025-07-29,2025,7,26-35
1493,27,Male,Karachi,Karachi Central,2025-05-05,2025,5,26-35
1494,43,Female,Karachi,Karachi East,2024-08-18,2024,8,36-45
1495,50,Female,Karachi,Malir,2024-10-07,2024,10,46-55
1496,44,Female,Karachi,Malir,2025-10-09,2025,10,36-45
1497,55,Male,Karachi,Malir,2025-04-23,2025,4,46-55
1498,29,Male,Karachi,Korangi,2025-02-24,2025,2,26-35
1499,48,Female,Karachi,Karachi East,2025-05-05,2025,5,46-55
1500,64,Male,Karachi,Korangi,2025-09-10,2025,9,56+
1501,41,Male,Karachi,Korangi,2024-07-13,2024,7,36-45
1502,29,Female,Karachi,Korangi,2024-09-12,2024,9,26-35
1503,25,Female,Karachi,Karachi South,2024-07-27,2024,7,18-25
1504,38,Male,Karachi,Karachi West,2024-12-23,2024,12,36-45
1505,39,Female,Karachi,Karachi East,2025-11-02,2025,11,36-45
1506,24,Female,Karachi,Karachi East,2024-02-23,2024,2,18-25
1507,52,Female,Karachi,Keamari,2025-01-10,2025,1,46-55
1508,42,Male,Karachi,Karachi South,2024-07-23,2024,7,36-45
1509,61,Male,Karachi,Karachi Central,2025-10-11,2025,10,56+
1510,62,Female,Karachi,Keamari,2024-08-02,2024,8,56+
1511,21,Female,Karachi,Keamari,2025-09-04,2025,9,18-25
1512,28,Female,Karachi,Malir,2025-04-13,2025,4,26-35
1513,19,Male,Karachi,Keamari,2024-04-13,2024,4,18-25
1514,29,Male,Karachi,Korangi,2024-07-18,2024,7,26-35
1515,61,Male,Karachi,Korangi,2025-10-12,2025,10,56+
1516,51,Female,Karachi,Karachi South,2024-10-18,2024,10,46-55
1517,60,Female,Karachi,Karachi East,2024-08-08,2024,8,56+
1518,39,Female,Karachi,Karachi East,2025-05-21,2025,5,36-45
1519,56,Female,Karachi,Karachi West,2025-03-03,2025,3,56+
1520,52,Male,Karachi,Karachi East,2024-12-29,2024,12,46-55
1521,24,Female,Karachi,Karachi South,2025-08-17,2025,8,18-25
1522,39,Male,Karachi,Malir,2024-01-24,2024,1,36-45
1523,62,Male,Karachi,Korangi,2024-01-10,2024,1,56+
1524,64,Male,Karachi,Karachi East,2024-04-11,2024,4,56+
1525,64,Male,Karachi,Karachi Central,2025-10-24,2025,10,56+
1526,21,Male,Karachi,Malir,2024-07-07,2024,7,18-25
1527,48,Male,Karachi,Karachi Central,2025-05-31,2025,5,46-55
1528,62,Male,Karachi,Malir,2025-03-09,2025,3,56+
1529,56,Male,Karachi,Karachi West,2024-06-04,2024,6,56+
1530,54,Female,Karachi,Karachi West,2024-06-30,2024,6,46-55
1531,26,Male,Karachi,Malir,2024-06-27,2024,6,26-35
1532,48,Male,Karachi,Korangi,2024-08-18,2024,8,46-55
1533,52,Female,Karachi,Karachi Central,2024-07-12,2024,7,46-55
1534,61,Male,Karachi,Malir,2025-03-24,2025,3,56+
1535,46,Male,Karachi,Malir,2025-12-21,2025,12,46-55
1536,19,Male,Karachi,Malir,2024-07-26,2024,7,18-25
1537,44,Female,Karachi,Malir,2025-09-18,2025,9,36-45
1538,44,Female,Karachi,Karachi Central,2024-10-23,2024,10,36-45
1539,59,Male,Karachi,Korangi,2024-07-31,2024,7,56+
1540,19,Male,Karachi,Karachi West,2024-03-28,2024,3,18-25
1541,26,Male,Karachi,Malir,2024-04-24,2024,4,26-35
1542,44,Female,Karachi,Karachi East,2024-03-15,2024,3,36-45
1543,59,Male,Karachi,Karachi West,2024-05-31,2024,5,56+
1544,19,Female,Karachi,Malir,2025-07-05,2025,7,18-25
1545,26,Female,Karachi,Karachi West,2024-09-02,2024,9,26-35
1546,38,Male,Karachi,Korangi,2024-11-13,2024,11,36-45
1547,48,Male,Karachi,Karachi Central,2025-06-25,2025,6,46-55
1548,54,Male,Karachi,Keamari,2025-10-14,2025,10,46-55
1549,53,Male,Karachi,Malir,2025-08-30,2025,8,46-55
1550,36,Male,Karachi,Malir,2024-04-25,2024,4,36-45
1551,41,Female,Karachi,Keamari,2025-10-24,2025,10,36-45
1552,40,Female,Karachi,Karachi East,2024-01-20,2024,1,36-45
1553,21,Female,Karachi,Karachi East,2025-11-20,2025,11,18-25
1554,24,Female,Karachi,Keamari,2025-12-13,2025,12,18-25
1555,31,Female,Karachi,Karachi East,2025-10-20,2025,10,26-35
1556,23,Female,Karachi,Karachi South,2024-12-18,2024,12,18-25
1557,42,Female,Karachi,Karachi West,2024-01-17,2024,1,36-45
1558,38,Male,Karachi,Karachi South,2024-10-18,2024,10,36-45
1559,30,Male,Karachi,Karachi South,2024-04-19,2024,4,26-35
1560,53,Female,Karachi,Karachi Central,2024-02-13,2024,2,46-55
1561,30,Male,Karachi,Malir,2025-08-15,2025,8,26-35
1562,28,Female,Karachi,Malir,2024-11-23,2024,11,26-35
1563,56,Female,Karachi,Karachi South,2025-12-25,2025,12,56+
1564,49,Male,Karachi,Karachi East,2024-03-01,2024,3,46-55
1565,33,Female,Karachi,Karachi South,2025-06-19,2025,6,26-35
1566,44,Female,Karachi,Korangi,2024-03-12,2024,3,36-45
1567,20,Female,Karachi,Karachi South,2024-09-18,2024,9,18-25
1568,56,Female,Karachi,Malir,2025-06-01,2025,6,56+
1569,42,Male,Karachi,Karachi South,2024-10-04,2024,10,36-45
1570,60,Female,Karachi,Malir,2025-01-16,2025,1,56+
1571,58,Female,Karachi,Karachi West,2024-04-20,2024,4,56+
1572,62,Male,Karachi,Karachi South,2024-03-09,2024,3,56+
1573,36,Female,Karachi,Karachi West,2024-05-16,2024,5,36-45
1574,31,Female,Karachi,Malir,2025-07-05,2025,7,26-35
1575,32,Female,Karachi,Malir,2025-07-17,2025,7,26-35
1576,58,Female,Karachi,Malir,2025-12-31,2025,12,56+
1577,54,Female,Karachi,Karachi South,2024-11-10,2024,11,46-55
1578,18,Female,Karachi,Karachi West,2025-03-05,2025,3,18-25
1579,27,Female,Karachi,Keamari,2024-10-03,2024,10,26-35
1580,52,Male,Karachi,Malir,2025-02-26,2025,2,46-55
1581,61,Female,Karachi,Karachi East,2024-05-26,2024,5,56+
1582,48,Male,Karachi,Malir,2025-09-03,2025,9,46-55
1583,18,Female,Karachi,Keamari,2025-08-08,2025,8,18-25
1584,45,Male,Karachi,Karachi Central,2024-11-29,2024,11,36-45
1585,56,Male,Karachi,Karachi West,2024-12-13,2024,12,56+
1586,20,Male,Karachi,Karachi West,2025-08-08,2025,8,18-25
1587,55,Male,Karachi,Karachi West,2025-05-20,2025,5,46-55
1588,58,Male,Karachi,Karachi South,2025-08-05,2025,8,56+
1589,59,Male,Karachi,Korangi,2024-05-10,2024,5,56+
1590,48,Female,Karachi,Karachi East,2025-07-14,2025,7,46-55
1591,34,Male,Karachi,Karachi South,2024-07-19,2024,7,26-35
1592,20,Male,Karachi,Karachi West,2024-05-04,2024,5,18-25
1593,29,Male,Karachi,Karachi South,2025-02-06,2025,2,26-35
1594,24,Female,Karachi,Keamari,2025-07-15,2025,7,18-25
1595,24,Female,Karachi,Karachi West,2025-10-25,2025,10,18-25
1596,22,Male,Karachi,Keamari,2024-01-21,2024,1,18-25
1597,24,Female,Karachi,Karachi Central,2024-09-02,2024,9,18-25
1598,37,Male,Karachi,Karachi Central,2024-12-27,2024,12,36-45
1599,19,Female,Karachi,Karachi South,2024-11-04,2024,11,18-25
1600,31,Female,Karachi,Karachi West,2024-09-07,2024,9,26-35
1601,48,Female,Karachi,Karachi West,2025-01-14,2025,1,46-55
1602,44,Male,Karachi,Karachi South,2024-02-15,2024,2,36-45
1603,53,Female,Karachi,Malir,2025-01-04,2025,1,46-55
1604,54,Female,Karachi,Karachi South,2024-07-02,2024,7,46-55
1605,40,Male,Karachi,Karachi South,2024-11-12,2024,11,36-45
1606,41,Male,Karachi,Korangi,2025-06-28,2025,6,36-45
1607,26,Female,Karachi,Karachi West,2024-09-18,2024,9,26-35
1608,28,Female,Karachi,Malir,2024-10-26,2024,10,26-35
1609,22,Female,Karachi,Korangi,2024-02-20,2024,2,18-25
1610,22,Male,Karachi,Malir,2025-01-18,2025,1,18-25
1611,18,Male,Karachi,Karachi Central,2025-12-15,2025,12,18-25
1612,32,Female,Karachi,Keamari,2024-08-01,2024,8,26-35
1613,47,Male,Karachi,Malir,2025-07-17,2025,7,46-55
1614,31,Female,Karachi,Karachi West,2024-02-25,2024,2,26-35
1615,28,Female,Karachi,Korangi,2024-06-20,2024,6,26-35
1616,43,Female,Karachi,Karachi West,2024-12-05,2024,12,36-45
1617,57,Male,Karachi,Karachi West,2024-08-12,2024,8,56+
1618,52,Male,Karachi,Korangi,2025-08-13,2025,8,46-55
1619,29,Female,Karachi,Malir,2024-10-17,2024,10,26-35
1620,40,Female,Karachi,Malir,2025-05-31,2025,5,36-45
1621,62,Male,Karachi,Karachi Central,2024-08-16,2024,8,56+
1622,63,Female,Karachi,Karachi West,2025-09-14,2025,9,56+
1623,45,Male,Karachi,Karachi South,2024-05-20,2024,5,36-45
1624,46,Female,Karachi,Karachi South,2024-12-13,2024,12,46-55
1625,36,Female,Karachi,Keamari,2025-02-14,2025,2,36-45
1626,49,Male,Karachi,Malir,2025-05-27,2025,5,46-55
1627,26,Male,Karachi,Keamari,2025-06-26,2025,6,26-35
1628,21,Male,Karachi,Keamari,2025-06-05,2025,6,18-25
1629,45,Male,Karachi,Karachi Central,2024-09-05,2024,9,36-45
1630,57,Male,Karachi,Karachi East,2025-08-21,2025,8,56+
1631,35,Male,Karachi,Malir,2024-03-29,2024,3,26-35
1632,59,Male,Karachi,Malir,2024-01-21,2024,1,56+
1633,47,Male,Karachi,Karachi Central,2024-06-03,2024,6,46-55
1634,24,Male,Karachi,Karachi West,2024-03-21,2024,3,18-25
1635,60,Female,Karachi,Karachi Central,2025-07-03,2025,7,56+
1636,22,Female,Karachi,Malir,2025-09-07,2025,9,18-25
1637,38,Female,Karachi,Korangi,2025-06-12,2025,6,36-45
1638,42,Male,Karachi,Karachi West,2024-03-28,2024,3,36-45
1639,60,Female,Karachi,Karachi East,2024-12-10,2024,12,56+
1640,23,Male,Karachi,Korangi,2025-10-09,2025,10,18-25
1641,51,Female,Karachi,Karachi West,2025-12-11,2025,12,46-55
1642,34,Male,Karachi,Karachi West,2024-08-10,2024,8,26-35
1643,32,Male,Karachi,Keamari,2024-05-06,2024,5,26-35
1644,31,Female,Karachi,Malir,2025-06-05,2025,6,26-35
1645,62,Male,Karachi,Karachi Central,2025-10-27,2025,10,56+
1646,29,Female,Karachi,Karachi South,2025-05-22,2025,5,26-35
1647,49,Female,Karachi,Karachi Central,2025-10-22,2025,10,46-55
1648,51,Female,Karachi,Malir,2024-06-02,2024,6,46-55
1649,40,Male,Karachi,Malir,2024-06-23,2024,6,36-45
1650,47,Male,Karachi,Keamari,2024-10-13,2024,10,46-55
1651,65,Male,Karachi,Karachi West,2025-10-21,2025,10,56+
1652,24,Male,Karachi,Keamari,2025-10-27,2025,10,18-25
1653,47,Male,Karachi,Keamari,2024-10-27,2024,10,46-55
1654,49,Female,Karachi,Malir,2024-05-27,2024,5,46-55
1655,50,Male,Karachi,Karachi Central,2024-10-23,2024,10,46-55
1656,45,Female,Karachi,Karachi West,2025-06-30,2025,6,36-45
1657,61,Female,Karachi,Karachi South,2025-09-04,2025,9,56+
1658,40,Male,Karachi,Korangi,2025-04-27,2025,4,36-45
1659,65,Female,Karachi,Karachi Central,2025-06-17,2025,6,56+
1660,39,Male,Karachi,Korangi,2024-07-16,2024,7,36-45
1661,30,Female,Karachi,Malir,2024-06-02,2024,6,26-35
1662,20,Female,Karachi,Karachi West,2025-11-09,2025,11,18-25
1663,50,Male,Karachi,Keamari,2024-02-10,2024,2,46-55
1664,29,Female,Karachi,Malir,2025-09-17,2025,9,26-35
1665,39,Male,Karachi,Karachi East,2024-06-09,2024,6,36-45
1666,59,Male,Karachi,Karachi West,2024-11-03,2024,11,56+
1667,30,Male,Karachi,Keamari,2024-11-26,2024,11,26-35
1668,33,Male,Karachi,Karachi South,2025-06-23,2025,6,26-35
1669,26,Male,Karachi,Karachi South,2025-07-13,2025,7,26-35
1670,19,Male,Karachi,Karachi West,2024-10-21,2024,10,18-25
1671,20,Female,Karachi,Keamari,2024-10-16,2024,10,18-25
1672,39,Male,Karachi,Keamari,2025-03-01,2025,3,36-45
1673,56,Female,Karachi,Karachi Central,2025-10-16,2025,10,56+
1674,25,Female,Karachi,Karachi Central,2024-12-04,2024,12,18-25
1675,29,Female,Karachi,Karachi East,2024-02-25,2024,2,26-35
1676,31,Female,Karachi,Keamari,2024-12-10,2024,12,26-35
1677,44,Male,Karachi,Korangi,2024-08-26,2024,8,36-45
1678,29,Male,Karachi,Malir,2025-08-20,2025,8,26-35
1679,19,Male,Karachi,Karachi South,2025-10-08,2025,10,18-25
1680,26,Male,Karachi,Karachi South,2025-05-16,2025,5,26-35
1681,34,Male,Karachi,Keamari,2025-12-19,2025,12,26-35
1682,29,Female,Karachi,Karachi West,2025-08-01,2025,8,26-35
1683,53,Female,Karachi,Malir,2025-06-22,2025,6,46-55
1684,37,Female,Karachi,Malir,2025-10-25,2025,10,36-45
1685,50,Female,Karachi,Karachi South,2025-02-07,2025,2,46-55
1686,50,Male,Karachi,Karachi South,2025-08-02,2025,8,46-55
1687,29,Male,Karachi,Malir,2025-07-15,2025,7,26-35
1688,20,Female,Karachi,Keamari,2024-09-06,2024,9,18-25
1689,59,Male,Karachi,Karachi South,2025-01-23,2025,1,56+
1690,54,Male,Karachi,Karachi West,2025-12-11,2025,12,46-55
1691,48,Female,Karachi,Keamari,2024-02-06,2024,2,46-55
1692,60,Female,Karachi,Karachi South,2024-04-29,2024,4,56+
1693,52,Female,Karachi,Karachi South,2025-06-22,2025,6,46-55
1694,31,Female,Karachi,Malir,2025-05-21,2025,5,26-35
1695,53,Female,Karachi,Karachi West,2024-12-04,2024,12,46-55
1696,20,Male,Karachi,Malir,2025-11-16,2025,11,18-25
1697,32,Male,Karachi,Karachi West,2024-07-12,2024,7,26-35
1698,40,Female,Karachi,Karachi Central,2025-03-29,2025,3,36-45
1699,56,Female,Karachi,Karachi East,2025-03-12,2025,3,56+
1700,50,Female,Karachi,Karachi East,2025-11-27,2025,11,46-55
1701,43,Male,Karachi,Karachi East,2024-08-22,2024,8,36-45
1702,45,Male,Karachi,Karachi Central,2024-02-04,2024,2,36-45
1703,47,Female,Karachi,Karachi West,2024-10-14,2024,10,46-55
1704,25,Male,Karachi,Karachi Central,2025-09-27,2025,9,18-25
1705,59,Female,Karachi,Karachi Central,2025-04-11,2025,4,56+
1706,58,Male,Karachi,Karachi South,2025-02-20,2025,2,56+
1707,35,Male,Karachi,Malir,2025-08-16,2025,8,26-35
1708,25,Male,Karachi,Karachi Central,2025-02-16,2025,2,18-25
1709,31,Female,Karachi,Karachi East,2024-11-29,2024,11,26-35
1710,36,Male,Karachi,Karachi East,2024-09-21,2024,9,36-45
1711,48,Female,Karachi,Keamari,2024-12-25,2024,12,46-55
1712,24,Male,Karachi,Korangi,2024-02-05,2024,2,18-25
1713,62,Male,Karachi,Karachi South,2024-12-06,2024,12,56+
1714,38,Male,Karachi,Korangi,2025-03-13,2025,3,36-45
1715,28,Male,Karachi,Karachi Central,2025-09-04,2025,9,26-35
1716,20,Male,Karachi,Karachi East,2025-01-18,2025,1,18-25
1717,18,Male,Karachi,Karachi Central,2025-05-10,2025,5,18-25
1718,44,Male,Karachi,Karachi Central,2025-08-17,2025,8,36-45
1719,63,Female,Karachi,Korangi,2025-01-20,2025,1,56+
1720,19,Male,Karachi,Korangi,2025-06-06,2025,6,18-25
1721,48,Female,Karachi,Karachi Central,2024-11-08,2024,11,46-55
1722,34,Male,Karachi,Karachi East,2025-02-15,2025,2,26-35
1723,33,Female,Karachi,Karachi South,2024-09-16,2024,9,26-35
1724,62,Female,Karachi,Karachi South,2024-03-20,2024,3,56+
1725,18,Female,Karachi,Malir,2024-03-10,2024,3,18-25
1726,30,Male,Karachi,Keamari,2024-02-25,2024,2,26-35
1727,30,Male,Karachi,Malir,2024-06-01,2024,6,26-35
1728,48,Male,Karachi,Karachi West,2024-05-25,2024,5,46-55
1729,25,Male,Karachi,Malir,2025-03-14,2025,3,18-25
1730,25,Female,Karachi,Karachi South,2024-04-11,2024,4,18-25
1731,56,Female,Karachi,Karachi West,2024-01-29,2024,1,56+
1732,59,Female,Karachi,Malir,2025-03-13,2025,3,56+
1733,31,Male,Karachi,Karachi West,2025-08-31,2025,8,26-35
1734,33,Female,Karachi,Karachi West,2025-06-23,2025,6,26-35
1735,38,Male,Karachi,Karachi Central,2024-02-16,2024,2,36-45
1736,24,Female,Karachi,Karachi East,2025-11-11,2025,11,18-25
1737,55,Female,Karachi,Karachi East,2025-06-19,2025,6,46-55
1738,43,Male,Karachi,Karachi West,2024-03-05,2024,3,36-45
1739,25,Female,Karachi,Malir,2025-02-03,2025,2,18-25
1740,47,Male,Karachi,Karachi South,2024-08-21,2024,8,46-55
1741,50,Female,Karachi,Keamari,2024-09-19,2024,9,46-55
1742,53,Male,Karachi,Karachi South,2024-04-25,2024,4,46-55
1743,33,Female,Karachi,Karachi Central,2024-01-08,2024,1,26-35
1744,40,Female,Karachi,Karachi Central,2025-06-06,2025,6,36-45
1745,37,Female,Karachi,Karachi South,2024-10-24,2024,10,36-45
1746,38,Male,Karachi,Karachi West,2025-09-20,2025,9,36-45
1747,42,Female,Karachi,Malir,2024-09-17,2024,9,36-45
1748,33,Male,Karachi,Karachi Central,2025-07-19,2025,7,26-35
1749,33,Male,Karachi,Karachi West,2025-04-23,2025,4,26-35
1750,33,Female,Karachi,Karachi Central,2025-12-08,2025,12,26-35
1751,52,Male,Karachi,Karachi East,2025-03-24,2025,3,46-55
1752,35,Female,Karachi,Karachi East,2024-10-12,2024,10,26-35
1753,33,Male,Karachi,Karachi West,2025-01-02,2025,1,26-35
1754,27,Female,Karachi,Karachi South,2025-04-30,2025,4,26-35
1755,41,Male,Karachi,Karachi Central,2025-12-14,2025,12,36-45
1756,26,Female,Karachi,Karachi Central,2024-09-13,2024,9,26-35
1757,30,Male,Karachi,Keamari,2025-09-12,2025,9,26-35
1758,58,Male,Karachi,Karachi East,2025-07-08,2025,7,56+
1759,57,Female,Karachi,Korangi,2025-03-08,2025,3,56+
1760,29,Female,Karachi,Korangi,2024-12-21,2024,12,26-35
1761,32,Female,Karachi,Korangi,2025-07-18,2025,7,26-35
1762,49,Male,Karachi,Karachi East,2025-02-21,2025,2,46-55
1763,26,Male,Karachi,Karachi Central,2024-03-28,2024,3,26-35
1764,58,Female,Karachi,Keamari,2024-03-02,2024,3,56+
1765,55,Female,Karachi,Keamari,2024-04-08,2024,4,46-55
1766,25,Female,Karachi,Korangi,2025-08-04,2025,8,18-25
1767,23,Female,Karachi,Karachi Central,2025-10-21,2025,10,18-25
1768,28,Female,Karachi,Korangi,2025-07-06,2025,7,26-35
1769,60,Female,Karachi,Karachi West,2025-12-21,2025,12,56+
1770,52,Female,Karachi,Korangi,2025-12-21,2025,12,46-55
1771,23,Female,Karachi,Karachi West,2025-08-22,2025,8,18-25
1772,49,Male,Karachi,Karachi Central,2024-08-22,2024,8,46-55
1773,62,Male,Karachi,Keamari,2025-07-25,2025,7,56+
1774,25,Female,Karachi,Karachi South,2025-05-21,2025,5,18-25
1775,28,Male,Karachi,Korangi,2024-05-08,2024,5,26-35
1776,52,Female,Karachi,Karachi South,2025-12-03,2025,12,46-55
1777,26,Female,Karachi,Karachi South,2024-03-18,2024,3,26-35
1778,46,Male,Karachi,Karachi South,2024-03-26,2024,3,46-55
1779,59,Female,Karachi,Karachi Central,2025-01-10,2025,1,56+
1780,19,Male,Karachi,Karachi South,2024-03-16,2024,3,18-25
1781,33,Female,Karachi,Karachi East,2024-12-13,2024,12,26-35
1782,55,Male,Karachi,Korangi,2025-10-08,2025,10,46-55
1783,58,Male,Karachi,Karachi South,2024-11-13,2024,11,56+
1784,60,Female,Karachi,Karachi South,2025-04-24,2025,4,56+
1785,33,Female,Karachi,Karachi West,2025-06-09,2025,6,26-35
1786,32,Female,Karachi,Karachi South,2025-09-20,2025,9,26-35
1787,63,Male,Karachi,Karachi Central,2024-10-18,2024,10,56+
1788,50,Female,Karachi,Malir,2025-08-28,2025,8,46-55
1789,26,Female,Karachi,Karachi South,2024-01-27,2024,1,26-35
1790,58,Female,Karachi,Korangi,2024-01-22,2024,1,56+
1791,33,Female,Karachi,Korangi,2025-08-16,2025,8,26-35
1792,65,Female,Karachi,Karachi Central,2025-02-25,2025,2,56+
1793,55,Female,Karachi,Karachi South,2024-08-27,2024,8,46-55
1794,60,Male,Karachi,Karachi Central,2024-01-22,2024,1,56+
1795,33,Male,Karachi,Keamari,2025-08-13,2025,8,26-35
1796,40,Male,Karachi,Karachi Central,2025-02-17,2025,2,36-45
1797,50,Male,Karachi,Karachi Central,2025-02-10,2025,2,46-55
1798,45,Male,Karachi,Keamari,2024-10-22,2024,10,36-45
1799,59,Male,Karachi,Keamari,2025-03-23,2025,3,56+
1800,63,Male,Karachi,Karachi Central,2025-06-26,2025,6,56+
1801,35,Female,Karachi,Karachi South,2025-10-04,2025,10,26-35
1802,60,Female,Karachi,Karachi Central,2024-03-03,2024,3,56+
1803,31,Female,Karachi,Karachi East,2024-08-13,2024,8,26-35
1804,29,Female,Karachi,Malir,2024-08-29,2024,8,26-35
1805,28,Male,Karachi,Karachi Central,2025-04-21,2025,4,26-35
1806,53,Female,Karachi,Keamari,2024-01-13,2024,1,46-55
1807,63,Female,Karachi,Karachi South,2025-03-12,2025,3,56+
1808,54,Male,Karachi,Karachi South,2025-11-18,2025,11,46-55
1809,63,Male,Karachi,Malir,2025-09-23,2025,9,56+
1810,26,Male,Karachi,Karachi East,2024-08-04,2024,8,26-35
1811,28,Male,Karachi,Malir,2025-11-07,2025,11,26-35
1812,20,Male,Karachi,Malir,2024-12-24,2024,12,18-25
1813,37,Male,Karachi,Karachi East,2025-07-31,2025,7,36-45
1814,46,Male,Karachi,Karachi East,2024-10-18,2024,10,46-55
1815,47,Male,Karachi,Malir,2025-08-14,2025,8,46-55
1816,56,Female,Karachi,Karachi West,2024-04-02,2024,4,56+
1817,39,Female,Karachi,Karachi Central,2025-11-16,2025,11,36-45
1818,55,Female,Karachi,Karachi East,2025-04-16,2025,4,46-55
1819,37,Female,Karachi,Karachi South,2024-12-07,2024,12,36-45
1820,36,Male,Karachi,Korangi,2025-07-30,2025,7,36-45
1821,39,Male,Karachi,Malir,2025-02-17,2025,2,36-45
1822,35,Male,Karachi,Karachi West,2025-10-07,2025,10,26-35
1823,38,Male,Karachi,Karachi Central,2024-07-28,2024,7,36-45
1824,44,Male,Karachi,Karachi South,2024-07-16,2024,7,36-45
1825,39,Male,Karachi,Karachi South,2025-12-01,2025,12,36-45
1826,38,Male,Karachi,Karachi Central,2025-02-16,2025,2,36-45
1827,51,Male,Karachi,Karachi East,2024-09-05,2024,9,46-55
1828,44,Female,Karachi,Karachi Central,2024-05-20,2024,5,36-45
1829,41,Female,Karachi,Karachi Central,2025-12-19,2025,12,36-45
1830,41,Male,Karachi,Keamari,2025-05-09,2025,5,36-45
1831,58,Male,Karachi,Malir,2025-05-28,2025,5,56+
1832,27,Female,Karachi,Karachi West,2024-04-04,2024,4,26-35
1833,34,Female,Karachi,Malir,2025-01-11,2025,1,26-35
1834,23,Male,Karachi,Karachi West,2025-01-02,2025,1,18-25
1835,27,Female,Karachi,Karachi Central,2024-03-23,2024,3,26-35
1836,35,Female,Karachi,Karachi East,2024-09-02,2024,9,26-35
1837,41,Female,Karachi,Karachi Central,2025-01-20,2025,1,36-45
1838,28,Male,Karachi,Karachi Central,2025-06-13,2025,6,26-35
1839,36,Female,Karachi,Karachi West,2024-04-11,2024,4,36-45
1840,40,Female,Karachi,Malir,2024-02-01,2024,2,36-45
1841,55,Female,Karachi,Karachi West,2025-05-02,2025,5,46-55
1842,54,Male,Karachi,Karachi South,2024-07-23,2024,7,46-55
1843,32,Female,Karachi,Malir,2024-07-09,2024,7,26-35
1844,58,Female,Karachi,Malir,2025-10-10,2025,10,56+
1845,21,Female,Karachi,Karachi West,2024-08-26,2024,8,18-25
1846,37,Male,Karachi,Korangi,2025-01-14,2025,1,36-45
1847,47,Female,Karachi,Karachi West,2024-04-17,2024,4,46-55
1848,24,Female,Karachi,Karachi East,2025-10-23,2025,10,18-25
1849,51,Male,Karachi,Karachi South,2025-08-29,2025,8,46-55
1850,23,Female,Karachi,Korangi,2025-10-19,2025,10,18-25
1851,60,Male,Karachi,Korangi,2025-12-19,2025,12,56+
1852,57,Male,Karachi,Keamari,2025-06-22,2025,6,56+
1853,52,Female,Karachi,Karachi East,2025-08-16,2025,8,46-55
1854,39,Male,Karachi,Korangi,2025-11-11,2025,11,36-45
1855,65,Male,Karachi,Korangi,2024-12-20,2024,12,56+
1856,22,Male,Karachi,Malir,2025-05-19,2025,5,18-25
1857,39,Male,Karachi,Karachi Central,2024-11-30,2024,11,36-45
1858,57,Male,Karachi,Karachi Central,2024-08-23,2024,8,56+
1859,24,Male,Karachi,Karachi West,2024-07-25,2024,7,18-25
1860,31,Female,Karachi,Malir,2025-11-29,2025,11,26-35
1861,32,Female,Karachi,Karachi South,2025-10-19,2025,10,26-35
1862,41,Male,Karachi,Karachi East,2024-10-20,2024,10,36-45
1863,39,Male,Karachi,Keamari,2025-02-15,2025,2,36-45
1864,32,Female,Karachi,Karachi West,2024-03-28,2024,3,26-35
1865,53,Male,Karachi,Karachi South,2025-09-03,2025,9,46-55
1866,35,Male,Karachi,Karachi Central,2024-07-30,2024,7,26-35
1867,35,Male,Karachi,Keamari,2025-08-04,2025,8,26-35
1868,63,Male,Karachi,Karachi Central,2025-05-16,2025,5,56+
1869,33,Female,Karachi,Karachi South,2024-06-08,2024,6,26-35
1870,23,Female,Karachi,Karachi Central,2025-04-16,2025,4,18-25
1871,24,Female,Karachi,Keamari,2025-02-11,2025,2,18-25
1872,57,Male,Karachi,Keamari,2025-12-16,2025,12,56+
1873,53,Male,Karachi,Karachi West,2024-10-25,2024,10,46-55
1874,65,Male,Karachi,Karachi West,2025-03-16,2025,3,56+
1875,19,Male,Karachi,Keamari,2025-02-10,2025,2,18-25
1876,27,Female,Karachi,Karachi Central,2025-03-05,2025,3,26-35
1877,28,Female,Karachi,Karachi South,2024-08-23,2024,8,26-35
1878,58,Female,Karachi,Keamari,2025-12-19,2025,12,56+
1879,36,Male,Karachi,Karachi Central,2024-06-18,2024,6,36-45
1880,21,Male,Karachi,Malir,2024-05-25,2024,5,18-25
1881,51,Male,Karachi,Keamari,2025-12-12,2025,12,46-55
1882,43,Female,Karachi,Korangi,2025-12-08,2025,12,36-45
1883,43,Female,Karachi,Karachi South,2024-06-24,2024,6,36-45
1884,28,Male,Karachi,Karachi South,2024-08-12,2024,8,26-35
1885,54,Female,Karachi,Keamari,2024-12-20,2024,12,46-55
1886,59,Male,Karachi,Karachi East,2024-11-10,2024,11,56+
1887,19,Male,Karachi,Korangi,2025-09-26,2025,9,18-25
1888,27,Female,Karachi,Malir,2025-12-15,2025,12,26-35
1889,45,Female,Karachi,Keamari,2025-02-14,2025,2,36-45
1890,59,Female,Karachi,Malir,2025-07-25,2025,7,56+
1891,19,Female,Karachi,Karachi Central,2025-07-27,2025,7,18-25
1892,27,Female,Karachi,Karachi Central,2025-02-16,2025,2,26-35
1893,40,Female,Karachi,Karachi Central,2025-10-11,2025,10,36-45
1894,54,Female,Karachi,Korangi,2025-05-07,2025,5,46-55
1895,64,Male,Karachi,Korangi,2025-06-10,2025,6,56+
1896,48,Female,Karachi,Karachi South,2025-10-08,2025,10,46-55
1897,29,Male,Karachi,Karachi East,2025-08-03,2025,8,26-35
1898,39,Male,Karachi,Karachi West,2024-09-20,2024,9,36-45
1899,28,Male,Karachi,Karachi East,2025-01-19,2025,1,26-35
1900,54,Female,Karachi,Malir,2025-05-15,2025,5,46-55
1901,47,Male,Karachi,Keamari,2024-05-01,2024,5,46-55
1902,37,Female,Karachi,Keamari,2024-09-21,2024,9,36-45
1903,34,Female,Karachi,Malir,2025-09-04,2025,9,26-35
1904,42,Male,Karachi,Karachi Central,2026-01-03,2026,1,36-45
1905,56,Male,Karachi,Korangi,2024-10-09,2024,10,56+
1906,36,Female,Karachi,Karachi East,2024-12-19,2024,12,36-45
1907,52,Female,Karachi,Korangi,2025-03-07,2025,3,46-55
1908,32,Male,Karachi,Malir,2025-01-19,2025,1,26-35
1909,52,Female,Karachi,Keamari,2024-11-27,2024,11,46-55
1910,63,Female,Karachi,Karachi East,2024-05-31,2024,5,56+
1911,49,Female,Karachi,Korangi,2024-03-09,2024,3,46-55
1912,42,Female,Karachi,Karachi South,2024-11-06,2024,11,36-45
1913,37,Female,Karachi,Malir,2024-08-03,2024,8,36-45
1914,47,Female,Karachi,Karachi South,2025-04-26,2025,4,46-55
1915,27,Male,Karachi,Karachi West,2024-04-15,2024,4,26-35
1916,61,Female,Karachi,Malir,2024-02-05,2024,2,56+
1917,65,Male,Karachi,Malir,2026-01-02,2026,1,56+
1918,57,Male,Karachi,Karachi East,2024-06-25,2024,6,56+
1919,30,Female,Karachi,Korangi,2024-10-16,2024,10,26-35
1920,62,Male,Karachi,Karachi West,2025-03-18,2025,3,56+
1921,63,Female,Karachi,Korangi,2025-01-28,2025,1,56+
1922,43,Female,Karachi,Karachi Central,2024-04-18,2024,4,36-45
1923,29,Female,Karachi,Karachi East,2025-08-28,2025,8,26-35
1924,23,Male,Karachi,Karachi East,2024-05-02,2024,5,18-25
1925,35,Male,Karachi,Malir,2025-07-13,2025,7,26-35
1926,62,Male,Karachi,Keamari,2024-11-28,2024,11,56+
1927,23,Male,Karachi,Korangi,2025-11-22,2025,11,18-25
1928,28,Male,Karachi,Karachi Central,2024-03-10,2024,3,26-35
1929,36,Female,Karachi,Karachi South,2025-10-17,2025,10,36-45
1930,18,Male,Karachi,Karachi South,2025-04-18,2025,4,18-25
1931,51,Male,Karachi,Karachi East,2025-10-25,2025,10,46-55
1932,41,Female,Karachi,Keamari,2024-02-13,2024,2,36-45
1933,53,Male,Karachi,Korangi,2025-08-01,2025,8,46-55
1934,28,Male,Karachi,Karachi East,2025-12-13,2025,12,26-35
1935,45,Male,Karachi,Karachi East,2025-11-29,2025,11,36-45
1936,49,Female,Karachi,Karachi South,2024-10-02,2024,10,46-55
1937,20,Male,Karachi,Karachi South,2025-07-18,2025,7,18-25
1938,52,Female,Karachi,Karachi South,2024-11-03,2024,11,46-55
1939,24,Male,Karachi,Karachi East,2026-01-01,2026,1,18-25
1940,65,Male,Karachi,Keamari,2024-02-08,2024,2,56+
1941,51,Female,Karachi,Karachi East,2025-02-24,2025,2,46-55
1942,26,Male,Karachi,Karachi South,2025-02-21,2025,2,26-35
1943,36,Male,Karachi,Korangi,2025-05-31,2025,5,36-45
1944,54,Female,Karachi,Malir,2024-11-13,2024,11,46-55
1945,25,Female,Karachi,Karachi West,2025-09-04,2025,9,18-25
1946,63,Male,Karachi,Malir,2025-12-24,2025,12,56+
1947,48,Female,Karachi,Keamari,2025-07-05,2025,7,46-55
1948,22,Male,Karachi,Karachi South,2025-12-23,2025,12,18-25
1949,46,Female,Karachi,Karachi Central,2024-07-10,2024,7,46-55
1950,32,Female,Karachi,Keamari,2024-04-10,2024,4,26-35
1951,54,Female,Karachi,Keamari,2025-06-04,2025,6,46-55
1952,29,Male,Karachi,Karachi Central,2025-12-14,2025,12,26-35
1953,31,Female,Karachi,Malir,2024-01-23,2024,1,26-35
1954,33,Male,Karachi,Karachi East,2024-06-16,2024,6,26-35
1955,25,Female,Karachi,Karachi East,2024-11-06,2024,11,18-25
1956,25,Male,Karachi,Karachi East,2025-01-02,2025,1,18-25
1957,42,Female,Karachi,Keamari,2024-09-09,2024,9,36-45
1958,51,Female,Karachi,Karachi East,2025-04-23,2025,4,46-55
1959,25,Female,Karachi,Karachi South,2025-09-25,2025,9,18-25
1960,20,Female,Karachi,Malir,2025-08-24,2025,8,18-25
1961,55,Male,Karachi,Karachi West,2024-06-27,2024,6,46-55
1962,54,Male,Karachi,Karachi West,2024-09-17,2024,9,46-55
1963,58,Male,Karachi,Karachi South,2025-11-28,2025,11,56+
1964,52,Female,Karachi,Karachi West,2025-01-03,2025,1,46-55
1965,64,Male,Karachi,Karachi West,2024-05-30,2024,5,56+
1966,52,Female,Karachi,Malir,2025-02-16,2025,2,46-55
1967,42,Male,Karachi,Korangi,2024-08-30,2024,8,36-45
1968,36,Male,Karachi,Karachi East,2025-12-11,2025,12,36-45
1969,37,Female,Karachi,Karachi East,2024-08-29,2024,8,36-45
1970,46,Male,Karachi,Malir,2025-11-04,2025,11,46-55
1971,58,Female,Karachi,Karachi Central,2024-04-12,2024,4,56+
1972,51,Male,Karachi,Karachi East,2024-12-03,2024,12,46-55
1973,36,Male,Karachi,Karachi West,2025-04-19,2025,4,36-45
1974,30,Male,Karachi,Keamari,2024-06-04,2024,6,26-35
1975,50,Female,Karachi,Keamari,2025-12-12,2025,12,46-55
1976,43,Female,Karachi,Karachi East,2025-04-12,2025,4,36-45
1977,37,Male,Karachi,Keamari,2024-12-21,2024,12,36-45
1978,45,Male,Karachi,Karachi West,2025-04-10,2025,4,36-45
1979,22,Female,Karachi,Karachi East,2024-12-19,2024,12,18-25
1980,18,Male,Karachi,Karachi East,2024-03-17,2024,3,18-25
1981,22,Male,Karachi,Karachi South,2025-12-17,2025,12,18-25
1982,30,Female,Karachi,Malir,2024-05-15,2024,5,26-35
1983,18,Male,Karachi,Korangi,2024-11-27,2024,11,18-25
1984,42,Female,Karachi,Karachi West,2025-08-10,2025,8,36-45
1985,24,Male,Karachi,Keamari,2024-02-25,2024,2,18-25
1986,52,Male,Karachi,Keamari,2025-05-04,2025,5,46-55
1987,45,Female,Karachi,Keamari,2025-06-04,2025,6,36-45
1988,27,Female,Karachi,Karachi South,2025-10-05,2025,10,26-35
1989,36,Male,Karachi,Keamari,2025-09-29,2025,9,36-45
1990,24,Female,Karachi,Keamari,2025-10-10,2025,10,18-25
1991,22,Female,Karachi,Karachi Central,2025-10-03,2025,10,18-25
1992,65,Female,Karachi,Karachi South,2024-12-21,2024,12,56+
1993,54,Male,Karachi,Karachi South,2025-01-08,2025,1,46-55
1994,25,Female,Karachi,Korangi,2024-01-08,2024,1,18-25
1995,34,Female,Karachi,Malir,2024-02-26,2024,2,26-35
1996,36,Male,Karachi,Malir,2024-03-04,2024,3,36-45
1997,18,Male,Karachi,Keamari,2025-03-19,2025,3,18-25
1998,46,Female,Karachi,Malir,2024-02-12,2024,2,46-55
1999,61,Female,Karachi,Karachi West,2025-01-06,2025,1,56+
2000,26,Male,Karachi,Keamari,2025-05-28,2025,5,26-35
2001,58,Female,Karachi,Karachi East,2024-10-10,2024,10,56+
2002,20,Male,Karachi,Korangi,2025-11-30,2025,11,18-25
2003,44,Female,Karachi,Malir,2024-02-02,2024,2,36-45
2004,36,Female,Karachi,Korangi,2024-09-19,2024,9,36-45
2005,29,Male,Karachi,Keamari,2024-02-06,2024,2,26-35
2006,36,Female,Karachi,Karachi South,2024-04-27,2024,4,36-45
2007,30,Male,Karachi,Karachi South,2024-08-19,2024,8,26-35
2008,32,Female,Karachi,Karachi Central,2025-11-20,2025,11,26-35
2009,34,Female,Karachi,Korangi,2024-08-12,2024,8,26-35
2010,27,Male,Karachi,Karachi East,2025-06-07,2025,6,26-35
2011,24,Female,Karachi,Keamari,2024-10-26,2024,10,18-25
2012,58,Male,Karachi,Karachi West,2024-08-08,2024,8,56+
2013,27,Female,Karachi,Karachi West,2024-09-13,2024,9,26-35
2014,41,Female,Karachi,Karachi East,2025-04-16,2025,4,36-45
2015,44,Male,Karachi,Keamari,2025-06-09,2025,6,36-45
2016,54,Female,Karachi,Karachi West,2025-05-07,2025,5,46-55
2017,60,Female,Karachi,Karachi South,2025-10-10,2025,10,56+
2018,52,Female,Karachi,Karachi South,2024-04-22,2024,4,46-55
2019,57,Male,Karachi,Korangi,2025-10-08,2025,10,56+
2020,62,Male,Karachi,Korangi,2024-02-06,2024,2,56+
2021,51,Female,Karachi,Karachi East,2025-02-16,2025,2,46-55
2022,52,Female,Karachi,Malir,2025-01-09,2025,1,46-55
2023,60,Male,Karachi,Keamari,2024-05-09,2024,5,56+
2024,61,Male,Karachi,Karachi East,2024-09-19,2024,9,56+
2025,43,Female,Karachi,Karachi Central,2024-04-23,2024,4,36-45
2026,48,Male,Karachi,Karachi Central,2024-05-16,2024,5,46-55
2027,46,Female,Karachi,Karachi East,2024-01-14,2024,1,46-55
2028,41,Male,Karachi,Keamari,2025-07-22,2025,7,36-45
2029,63,Male,Karachi,Karachi Central,2025-07-02,2025,7,56+
2030,41,Female,Karachi,Karachi Central,2025-02-02,2025,2,36-45
2031,47,Female,Karachi,Malir,2025-06-21,2025,6,46-55
2032,36,Male,Karachi,Karachi Central,2024-08-16,2024,8,36-45
2033,25,Female,Karachi,Karachi East,2024-01-23,2024,1,18-25
2034,50,Female,Karachi,Karachi West,2025-10-07,2025,10,46-55
2035,21,Female,Karachi,Korangi,2024-07-15,2024,7,18-25
2036,38,Female,Karachi,Keamari,2025-03-04,2025,3,36-45
2037,55,Female,Karachi,Karachi West,2024-07-16,2024,7,46-55
2038,38,Male,Karachi,Malir,2025-01-13,2025,1,36-45
2039,32,Female,Karachi,Keamari,2025-02-27,2025,2,26-35
2040,36,Female,Karachi,Karachi Central,2024-02-15,2024,2,36-45
2041,24,Male,Karachi,Karachi Central,2024-09-23,2024,9,18-25
2042,29,Female,Karachi,Karachi Central,2024-10-31,2024,10,26-35
2043,49,Female,Karachi,Karachi West,2025-11-19,2025,11,46-55
2044,28,Male,Karachi,Malir,2025-06-09,2025,6,26-35
2045,29,Female,Karachi,Malir,2024-07-26,2024,7,26-35
2046,26,Female,Karachi,Keamari,2024-09-22,2024,9,26-35
2047,18,Male,Karachi,Korangi,2025-09-25,2025,9,18-25
2048,62,Male,Karachi,Karachi South,2025-04-17,2025,4,56+
2049,58,Female,Karachi,Keamari,2025-03-02,2025,3,56+
2050,54,Female,Karachi,Malir,2024-02-08,2024,2,46-55
2051,37,Male,Karachi,Karachi West,2025-08-28,2025,8,36-45
2052,38,Female,Karachi,Karachi East,2025-01-12,2025,1,36-45
2053,61,Female,Karachi,Korangi,2025-09-15,2025,9,56+
2054,33,Male,Karachi,Malir,2025-02-20,2025,2,26-35
2055,50,Female,Karachi,Keamari,2024-05-04,2024,5,46-55
2056,44,Female,Karachi,Korangi,2025-01-23,2025,1,36-45
2057,61,Female,Karachi,Korangi,2024-06-30,2024,6,56+
2058,38,Female,Karachi,Korangi,2024-08-16,2024,8,36-45
2059,30,Female,Karachi,Korangi,2024-08-24,2024,8,26-35
2060,53,Male,Karachi,Karachi South,2024-08-14,2024,8,46-55
2061,54,Female,Karachi,Malir,2024-03-09,2024,3,46-55
2062,61,Male,Karachi,Karachi Central,2024-07-24,2024,7,56+
2063,33,Female,Karachi,Karachi East,2025-11-18,2025,11,26-35
2064,21,Male,Karachi,Korangi,2025-04-23,2025,4,18-25
2065,60,Female,Karachi,Karachi East,2024-10-07,2024,10,56+
2066,54,Female,Karachi,Malir,2025-12-09,2025,12,46-55
2067,52,Female,Karachi,Keamari,2025-11-21,2025,11,46-55
2068,39,Female,Karachi,Malir,2024-06-26,2024,6,36-45
2069,42,Male,Karachi,Karachi Central,2024-03-12,2024,3,36-45
2070,50,Female,Karachi,Karachi Central,2024-09-24,2024,9,46-55
2071,26,Female,Karachi,Karachi South,2025-11-19,2025,11,26-35
2072,63,Male,Karachi,Karachi East,2024-04-30,2024,4,56+
2073,44,Female,Karachi,Karachi East,2025-12-25,2025,12,36-45
2074,19,Male,Karachi,Malir,2025-08-06,2025,8,18-25
2075,25,Female,Karachi,Korangi,2025-04-26,2025,4,18-25
2076,56,Female,Karachi,Karachi West,2024-10-06,2024,10,56+
2077,55,Female,Karachi,Malir,2024-06-08,2024,6,46-55
2078,38,Male,Karachi,Karachi South,2024-05-01,2024,5,36-45
2079,52,Male,Karachi,Korangi,2024-04-24,2024,4,46-55
2080,18,Female,Karachi,Karachi South,2025-01-15,2025,1,18-25
2081,27,Male,Karachi,Karachi Central,2024-05-21,2024,5,26-35
2082,57,Male,Karachi,Malir,2025-08-13,2025,8,56+
2083,21,Male,Karachi,Malir,2025-03-19,2025,3,18-25
2084,46,Male,Karachi,Keamari,2025-11-17,2025,11,46-55
2085,37,Female,Karachi,Keamari,2024-10-05,2024,10,36-45
2086,19,Male,Karachi,Korangi,2025-06-17,2025,6,18-25
2087,18,Female,Karachi,Keamari,2024-08-08,2024,8,18-25
2088,45,Female,Karachi,Korangi,2025-05-15,2025,5,36-45
2089,38,Male,Karachi,Malir,2024-07-09,2024,7,36-45
2090,61,Male,Karachi,Malir,2025-03-12,2025,3,56+
2091,41,Female,Karachi,Karachi Central,2024-10-22,2024,10,36-45
2092,41,Female,Karachi,Korangi,2024-01-08,2024,1,36-45
2093,38,Female,Karachi,Korangi,2025-04-03,2025,4,36-45
2094,27,Female,Karachi,Karachi South,2024-03-27,2024,3,26-35
2095,27,Female,Karachi,Korangi,2024-08-06,2024,8,26-35
2096,50,Female,Karachi,Malir,2024-09-22,2024,9,46-55
2097,22,Female,Karachi,Malir,2025-05-24,2025,5,18-25
2098,41,Male,Karachi,Korangi,2025-02-16,2025,2,36-45
2099,55,Male,Karachi,Karachi West,2024-10-08,2024,10,46-55
2100,22,Male,Karachi,Malir,2024-03-03,2024,3,18-25
2101,35,Male,Karachi,Keamari,2024-08-17,2024,8,26-35
2102,52,Female,Karachi,Korangi,2025-06-30,2025,6,46-55
2103,29,Male,Karachi,Keamari,2024-03-06,2024,3,26-35
2104,52,Female,Karachi,Keamari,2025-10-29,2025,10,46-55
2105,42,Female,Karachi,Karachi West,2025-06-17,2025,6,36-45
2106,51,Male,Karachi,Karachi West,2025-12-03,2025,12,46-55
2107,45,Female,Karachi,Malir,2025-01-08,2025,1,36-45
2108,42,Female,Karachi,Korangi,2025-03-15,2025,3,36-45
2109,59,Male,Karachi,Keamari,2024-05-03,2024,5,56+
2110,26,Male,Karachi,Karachi West,2025-03-18,2025,3,26-35
2111,57,Female,Karachi,Karachi West,2025-12-02,2025,12,56+
2112,63,Female,Karachi,Malir,2025-08-08,2025,8,56+
2113,46,Male,Karachi,Karachi West,2025-01-25,2025,1,46-55
2114,41,Male,Karachi,Korangi,2024-04-12,2024,4,36-45
2115,60,Male,Karachi,Keamari,2024-10-19,2024,10,56+
2116,61,Male,Karachi,Malir,2024-07-18,2024,7,56+
2117,38,Female,Karachi,Korangi,2025-07-01,2025,7,36-45
2118,44,Male,Karachi,Karachi Central,2025-10-12,2025,10,36-45
2119,35,Male,Karachi,Malir,2025-10-08,2025,10,26-35
2120,46,Male,Karachi,Karachi Central,2024-08-07,2024,8,46-55
2121,60,Female,Karachi,Karachi Central,2024-03-11,2024,3,56+
2122,29,Male,Karachi,Korangi,2024-10-01,2024,10,26-35
2123,33,Female,Karachi,Korangi,2025-01-04,2025,1,26-35
2124,50,Female,Karachi,Karachi South,2025-06-11,2025,6,46-55
2125,18,Male,Karachi,Karachi Central,2024-10-22,2024,10,18-25
2126,22,Female,Karachi,Karachi South,2024-09-22,2024,9,18-25
2127,43,Female,Karachi,Karachi West,2025-06-20,2025,6,36-45
2128,63,Male,Karachi,Keamari,2024-03-12,2024,3,56+
2129,19,Male,Karachi,Karachi South,2024-01-27,2024,1,18-25
2130,46,Male,Karachi,Malir,2024-08-21,2024,8,46-55
2131,64,Female,Karachi,Karachi South,2025-01-31,2025,1,56+
2132,27,Female,Karachi,Karachi South,2024-12-22,2024,12,26-35
2133,55,Male,Karachi,Korangi,2025-01-24,2025,1,46-55
2134,21,Female,Karachi,Karachi Central,2025-08-15,2025,8,18-25
2135,47,Male,Karachi,Karachi West,2024-02-28,2024,2,46-55
2136,55,Male,Karachi,Keamari,2024-01-29,2024,1,46-55
2137,44,Female,Karachi,Karachi West,2024-11-29,2024,11,36-45
2138,32,Male,Karachi,Karachi East,2025-04-06,2025,4,26-35
2139,20,Male,Karachi,Malir,2024-03-26,2024,3,18-25
2140,33,Male,Karachi,Korangi,2024-10-30,2024,10,26-35
2141,32,Female,Karachi,Keamari,2024-10-29,2024,10,26-35
2142,61,Female,Karachi,Karachi Central,2024-08-20,2024,8,56+
2143,41,Male,Karachi,Karachi East,2025-03-26,2025,3,36-45
2144,25,Male,Karachi,Karachi Central,2024-04-13,2024,4,18-25
2145,55,Female,Karachi,Malir,2025-12-15,2025,12,46-55
2146,30,Male,Karachi,Karachi East,2025-12-01,2025,12,26-35
2147,34,Male,Karachi,Keamari,2024-12-04,2024,12,26-35
2148,46,Female,Karachi,Korangi,2024-01-13,2024,1,46-55
2149,33,Female,Karachi,Karachi East,2024-11-01,2024,11,26-35
2150,45,Female,Karachi,Keamari,2024-04-15,2024,4,36-45
2151,19,Male,Karachi,Keamari,2024-08-25,2024,8,18-25
2152,23,Female,Karachi,Korangi,2025-09-06,2025,9,18-25
2153,42,Female,Karachi,Keamari,2025-10-18,2025,10,36-45
2154,36,Male,Karachi,Korangi,2024-05-21,2024,5,36-45
2155,43,Male,Karachi,Karachi West,2025-03-03,2025,3,36-45
2156,59,Male,Karachi,Karachi West,2024-09-02,2024,9,56+
2157,46,Female,Karachi,Karachi Central,2024-12-31,2024,12,46-55
2158,19,Male,Karachi,Karachi Central,2024-02-24,2024,2,18-25
2159,19,Female,Karachi,Karachi South,2024-04-18,2024,4,18-25
2160,27,Male,Karachi,Karachi East,2025-02-25,2025,2,26-35
2161,35,Male,Karachi,Karachi West,2024-05-26,2024,5,26-35
2162,29,Female,Karachi,Karachi Central,2025-05-30,2025,5,26-35
2163,54,Male,Karachi,Karachi West,2024-05-16,2024,5,46-55
2164,61,Male,Karachi,Karachi Central,2024-04-21,2024,4,56+
2165,44,Male,Karachi,Keamari,2024-03-14,2024,3,36-45
2166,23,Female,Karachi,Karachi South,2024-09-03,2024,9,18-25
2167,63,Male,Karachi,Keamari,2025-08-23,2025,8,56+
2168,56,Female,Karachi,Karachi West,2024-01-13,2024,1,56+
2169,55,Female,Karachi,Karachi South,2025-06-11,2025,6,46-55
2170,22,Female,Karachi,Karachi South,2024-06-01,2024,6,18-25
2171,49,Male,Karachi,Karachi South,2024-08-18,2024,8,46-55
2172,21,Male,Karachi,Karachi West,2024-07-03,2024,7,18-25
2173,45,Male,Karachi,Karachi East,2024-09-05,2024,9,36-45
2174,45,Male,Karachi,Karachi South,2025-08-09,2025,8,36-45
2175,26,Male,Karachi,Karachi West,2024-10-29,2024,10,26-35
2176,62,Male,Karachi,Karachi West,2024-06-30,2024,6,56+
2177,44,Female,Karachi,Karachi Central,2024-05-27,2024,5,36-45
2178,29,Female,Karachi,Korangi,2025-08-16,2025,8,26-35
2179,18,Female,Karachi,Karachi West,2025-10-02,2025,10,18-25
2180,61,Female,Karachi,Malir,2025-07-20,2025,7,56+
2181,35,Male,Karachi,Karachi East,2025-12-25,2025,12,26-35
2182,40,Male,Karachi,Korangi,2025-05-05,2025,5,36-45
2183,40,Male,Karachi,Korangi,2024-09-03,2024,9,36-45
2184,65,Female,Karachi,Keamari,2024-02-10,2024,2,56+
2185,18,Male,Karachi,Karachi East,2024-05-12,2024,5,18-25
2186,58,Female,Karachi,Malir,2024-09-14,2024,9,56+
2187,23,Female,Karachi,Keamari,2024-02-07,2024,2,18-25
2188,42,Female,Karachi,Karachi South,2025-11-04,2025,11,36-45
2189,38,Female,Karachi,Karachi South,2025-08-04,2025,8,36-45
2190,19,Female,Karachi,Malir,2025-10-14,2025,10,18-25
2191,33,Female,Karachi,Malir,2025-02-28,2025,2,26-35
2192,47,Male,Karachi,Karachi East,2025-10-17,2025,10,46-55
2193,61,Female,Karachi,Karachi South,2025-03-16,2025,3,56+
2194,46,Female,Karachi,Malir,2025-12-02,2025,12,46-55
2195,42,Male,Karachi,Karachi Central,2025-12-27,2025,12,36-45
2196,32,Female,Karachi,Karachi Central,2024-07-09,2024,7,26-35
2197,19,Female,Karachi,Korangi,2025-11-08,2025,11,18-25
2198,55,Male,Karachi,Malir,2025-12-23,2025,12,46-55
2199,28,Male,Karachi,Keamari,2024-06-09,2024,6,26-35
2200,58,Female,Karachi,Korangi,2025-02-21,2025,2,56+
2201,43,Male,Karachi,Karachi South,2025-06-16,2025,6,36-45
2202,36,Female,Karachi,Karachi South,2024-01-18,2024,1,36-45
2203,23,Male,Karachi,Karachi South,2024-12-28,2024,12,18-25
2204,42,Male,Karachi,Karachi South,2024-09-13,2024,9,36-45
2205,47,Male,Karachi,Karachi West,2024-02-05,2024,2,46-55
2206,35,Male,Karachi,Karachi East,2024-04-21,2024,4,26-35
2207,47,Female,Karachi,Keamari,2024-02-22,2024,2,46-55
2208,40,Male,Karachi,Karachi South,2025-02-02,2025,2,36-45
2209,27,Female,Karachi,Keamari,2025-09-23,2025,9,26-35
2210,38,Male,Karachi,Karachi South,2025-10-29,2025,10,36-45
2211,31,Female,Karachi,Karachi Central,2024-08-29,2024,8,26-35
2212,54,Female,Karachi,Keamari,2024-07-09,2024,7,46-55
2213,27,Female,Karachi,Malir,2025-09-16,2025,9,26-35
2214,57,Female,Karachi,Korangi,2024-08-30,2024,8,56+
2215,29,Female,Karachi,Karachi Central,2024-06-13,2024,6,26-35
2216,63,Female,Karachi,Karachi East,2025-10-29,2025,10,56+
2217,58,Male,Karachi,Karachi South,2025-04-29,2025,4,56+
2218,49,Female,Karachi,Karachi West,2025-06-28,2025,6,46-55
2219,61,Female,Karachi,Karachi East,2025-08-31,2025,8,56+
2220,40,Female,Karachi,Karachi West,2024-12-01,2024,12,36-45
2221,27,Male,Karachi,Karachi Central,2025-06-28,2025,6,26-35
2222,54,Male,Karachi,Korangi,2024-10-09,2024,10,46-55
2223,47,Male,Karachi,Malir,2025-07-17,2025,7,46-55
2224,31,Female,Karachi,Keamari,2025-12-09,2025,12,26-35
2225,53,Female,Karachi,Karachi West,2025-02-24,2025,2,46-55
2226,61,Female,Karachi,Karachi West,2024-04-03,2024,4,56+
2227,62,Female,Karachi,Karachi West,2024-01-28,2024,1,56+
2228,43,Female,Karachi,Karachi West,2024-11-13,2024,11,36-45
2229,44,Male,Karachi,Karachi East,2025-11-29,2025,11,36-45
2230,33,Male,Karachi,Keamari,2025-09-27,2025,9,26-35
2231,52,Male,Karachi,Karachi West,2024-02-02,2024,2,46-55
2232,60,Female,Karachi,Malir,2024-06-15,2024,6,56+
2233,23,Male,Karachi,Korangi,2024-10-18,2024,10,18-25
2234,26,Female,Karachi,Karachi East,2025-08-12,2025,8,26-35
2235,48,Female,Karachi,Karachi South,2024-07-28,2024,7,46-55
2236,42,Female,Karachi,Keamari,2024-05-26,2024,5,36-45
2237,53,Male,Karachi,Korangi,2025-03-23,2025,3,46-55
2238,45,Male,Karachi,Keamari,2024-12-23,2024,12,36-45
2239,46,Male,Karachi,Keamari,2024-06-24,2024,6,46-55
2240,27,Male,Karachi,Karachi East,2024-02-04,2024,2,26-35
2241,37,Male,Karachi,Keamari,2024-05-25,2024,5,36-45
2242,46,Female,Karachi,Karachi Central,2025-07-30,2025,7,46-55
2243,33,Male,Karachi,Keamari,2025-12-23,2025,12,26-35
2244,38,Female,Karachi,Keamari,2025-07-15,2025,7,36-45
2245,34,Female,Karachi,Karachi South,2024-04-29,2024,4,26-35
2246,51,Male,Karachi,Korangi,2024-05-07,2024,5,46-55
2247,20,Female,Karachi,Malir,2024-03-12,2024,3,18-25
2248,44,Female,Karachi,Korangi,2025-02-19,2025,2,36-45
2249,38,Female,Karachi,Karachi South,2025-10-19,2025,10,36-45
2250,33,Female,Karachi,Karachi Central,2024-06-08,2024,6,26-35
2251,63,Male,Karachi,Karachi South,2025-01-17,2025,1,56+
2252,46,Male,Karachi,Karachi West,2025-04-28,2025,4,46-55
2253,20,Female,Karachi,Karachi West,2025-06-30,2025,6,18-25
2254,34,Female,Karachi,Karachi West,2025-02-17,2025,2,26-35
2255,50,Female,Karachi,Karachi East,2025-09-09,2025,9,46-55
2256,63,Male,Karachi,Keamari,2024-08-28,2024,8,56+
2257,52,Female,Karachi,Karachi South,2025-04-10,2025,4,46-55
2258,21,Male,Karachi,Korangi,2024-03-03,2024,3,18-25
2259,35,Male,Karachi,Korangi,2025-07-14,2025,7,26-35
2260,21,Male,Karachi,Karachi South,2025-05-25,2025,5,18-25
2261,24,Female,Karachi,Karachi West,2024-09-16,2024,9,18-25
2262,46,Female,Karachi,Karachi East,2024-09-18,2024,9,46-55
2263,34,Male,Karachi,Karachi West,2024-11-17,2024,11,26-35
2264,37,Male,Karachi,Keamari,2025-06-21,2025,6,36-45
2265,44,Male,Karachi,Karachi Central,2025-10-11,2025,10,36-45
2266,28,Female,Karachi,Keamari,2024-03-21,2024,3,26-35
2267,21,Female,Karachi,Karachi West,2025-04-30,2025,4,18-25
2268,46,Female,Karachi,Karachi East,2025-12-07,2025,12,46-55
2269,40,Male,Karachi,Karachi Central,2024-04-23,2024,4,36-45
2270,54,Female,Karachi,Malir,2024-11-25,2024,11,46-55
2271,48,Male,Karachi,Karachi Central,2025-10-30,2025,10,46-55
2272,51,Female,Karachi,Karachi Central,2025-01-18,2025,1,46-55
2273,62,Female,Karachi,Karachi East,2024-04-24,2024,4,56+
2274,26,Male,Karachi,Karachi Central,2024-11-03,2024,11,26-35
2275,63,Female,Karachi,Karachi South,2024-08-14,2024,8,56+
2276,43,Male,Karachi,Karachi Central,2024-11-15,2024,11,36-45
2277,30,Male,Karachi,Karachi West,2024-09-26,2024,9,26-35
2278,23,Female,Karachi,Keamari,2024-07-19,2024,7,18-25
2279,61,Female,Karachi,Malir,2025-06-04,2025,6,56+
2280,25,Male,Karachi,Karachi East,2025-09-25,2025,9,18-25
2281,60,Female,Karachi,Karachi East,2025-06-19,2025,6,56+
2282,56,Female,Karachi,Malir,2025-01-15,2025,1,56+
2283,18,Female,Karachi,Malir,2024-11-30,2024,11,18-25
2284,49,Male,Karachi,Malir,2024-05-20,2024,5,46-55
2285,41,Female,Karachi,Keamari,2024-04-30,2024,4,36-45
2286,60,Female,Karachi,Keamari,2025-12-03,2025,12,56+
2287,54,Female,Karachi,Karachi South,2024-12-11,2024,12,46-55
2288,40,Male,Karachi,Karachi West,2025-11-08,2025,11,36-45
2289,19,Female,Karachi,Keamari,2025-04-12,2025,4,18-25
2290,52,Male,Karachi,Karachi Central,2025-07-09,2025,7,46-55
2291,61,Female,Karachi,Malir,2025-12-05,2025,12,56+
2292,45,Female,Karachi,Korangi,2025-11-05,2025,11,36-45
2293,50,Male,Karachi,Karachi West,2025-05-10,2025,5,46-55
2294,63,Male,Karachi,Karachi Central,2025-10-27,2025,10,56+
2295,46,Female,Karachi,Karachi East,2025-05-17,2025,5,46-55
2296,24,Female,Karachi,Keamari,2025-01-23,2025,1,18-25
2297,19,Male,Karachi,Karachi East,2025-07-29,2025,7,18-25
2298,54,Female,Karachi,Karachi West,2024-06-01,2024,6,46-55
2299,27,Male,Karachi,Keamari,2025-06-27,2025,6,26-35
2300,20,Female,Karachi,Keamari,2024-06-03,2024,6,18-25
2301,50,Male,Karachi,Karachi South,2025-01-26,2025,1,46-55
2302,29,Male,Karachi,Keamari,2025-11-17,2025,11,26-35
2303,54,Female,Karachi,Karachi Central,2025-10-09,2025,10,46-55
2304,56,Male,Karachi,Karachi South,2024-04-14,2024,4,56+
2305,39,Female,Karachi,Karachi East,2024-06-09,2024,6,36-45
2306,24,Female,Karachi,Malir,2025-03-16,2025,3,18-25
2307,36,Female,Karachi,Karachi East,2025-08-07,2025,8,36-45
2308,31,Female,Karachi,Karachi East,2025-12-13,2025,12,26-35
2309,26,Male,Karachi,Karachi West,2025-08-22,2025,8,26-35
2310,39,Male,Karachi,Karachi Central,2024-07-23,2024,7,36-45
2311,53,Female,Karachi,Malir,2025-04-11,2025,4,46-55
2312,19,Male,Karachi,Korangi,2025-03-28,2025,3,18-25
2313,49,Female,Karachi,Korangi,2025-09-03,2025,9,46-55
2314,33,Male,Karachi,Karachi Central,2025-09-29,2025,9,26-35
2315,27,Male,Karachi,Karachi East,2025-09-05,2025,9,26-35
2316,56,Male,Karachi,Karachi South,2024-10-07,2024,10,56+
2317,33,Male,Karachi,Keamari,2024-01-11,2024,1,26-35
2318,25,Female,Karachi,Malir,2025-06-04,2025,6,18-25
2319,56,Female,Karachi,Karachi South,2025-03-05,2025,3,56+
2320,26,Female,Karachi,Karachi South,2025-07-24,2025,7,26-35
2321,30,Female,Karachi,Karachi West,2024-06-18,2024,6,26-35
2322,61,Female,Karachi,Karachi East,2024-10-16,2024,10,56+
2323,32,Female,Karachi,Karachi South,2024-01-16,2024,1,26-35
2324,65,Female,Karachi,Keamari,2025-01-31,2025,1,56+
2325,31,Male,Karachi,Karachi East,2025-01-23,2025,1,26-35
2326,22,Female,Karachi,Malir,2024-04-28,2024,4,18-25
2327,27,Male,Karachi,Keamari,2025-11-07,2025,11,26-35
2328,52,Female,Karachi,Karachi West,2025-01-08,2025,1,46-55
2329,41,Male,Karachi,Korangi,2025-08-07,2025,8,36-45
2330,18,Female,Karachi,Korangi,2025-04-11,2025,4,18-25
2331,40,Female,Karachi,Karachi Central,2025-05-28,2025,5,36-45
2332,23,Female,Karachi,Karachi Central,2024-02-04,2024,2,18-25
2333,61,Male,Karachi,Karachi West,2024-08-22,2024,8,56+
2334,28,Female,Karachi,Karachi East,2025-11-08,2025,11,26-35
2335,20,Female,Karachi,Karachi South,2025-05-25,2025,5,18-25
2336,38,Male,Karachi,Karachi South,2024-10-22,2024,10,36-45
2337,55,Female,Karachi,Malir,2024-04-12,2024,4,46-55
2338,46,Female,Karachi,Karachi South,2025-06-04,2025,6,46-55
2339,39,Female,Karachi,Karachi West,2024-11-16,2024,11,36-45
2340,34,Female,Karachi,Karachi South,2025-08-06,2025,8,26-35
2341,46,Male,Karachi,Keamari,2025-07-04,2025,7,46-55
2342,39,Female,Karachi,Keamari,2025-04-30,2025,4,36-45
2343,23,Female,Karachi,Keamari,2025-03-30,2025,3,18-25
2344,53,Male,Karachi,Karachi East,2024-02-29,2024,2,46-55
2345,38,Female,Karachi,Korangi,2025-09-13,2025,9,36-45
2346,49,Female,Karachi,Karachi West,2025-06-14,2025,6,46-55
2347,48,Female,Karachi,Korangi,2025-02-04,2025,2,46-55
2348,30,Female,Karachi,Keamari,2025-08-15,2025,8,26-35
2349,29,Female,Karachi,Karachi East,2024-01-20,2024,1,26-35
2350,54,Male,Karachi,Karachi South,2024-08-01,2024,8,46-55
2351,23,Male,Karachi,Korangi,2025-08-26,2025,8,18-25
2352,39,Male,Karachi,Malir,2025-10-24,2025,10,36-45
2353,40,Female,Karachi,Korangi,2025-10-27,2025,10,36-45
2354,54,Male,Karachi,Korangi,2025-09-23,2025,9,46-55
2355,51,Male,Karachi,Karachi Central,2025-12-12,2025,12,46-55
2356,62,Female,Karachi,Karachi West,2024-10-19,2024,10,56+
2357,35,Male,Karachi,Malir,2025-07-10,2025,7,26-35
2358,26,Male,Karachi,Karachi South,2024-11-30,2024,11,26-35
2359,34,Female,Karachi,Karachi West,2025-01-21,2025,1,26-35
2360,58,Female,Karachi,Karachi East,2025-02-25,2025,2,56+
2361,23,Female,Karachi,Karachi Central,2024-03-19,2024,3,18-25
2362,22,Male,Karachi,Karachi Central,2025-09-03,2025,9,18-25
2363,30,Male,Karachi,Karachi West,2024-03-30,2024,3,26-35
2364,19,Male,Karachi,Karachi West,2025-03-31,2025,3,18-25
2365,34,Female,Karachi,Karachi South,2024-09-21,2024,9,26-35
2366,28,Female,Karachi,Karachi West,2025-05-14,2025,5,26-35
2367,27,Male,Karachi,Korangi,2024-08-05,2024,8,26-35
2368,36,Male,Karachi,Korangi,2024-07-22,2024,7,36-45
2369,21,Female,Karachi,Korangi,2025-04-28,2025,4,18-25
2370,32,Female,Karachi,Korangi,2025-05-11,2025,5,26-35
2371,51,Female,Karachi,Korangi,2024-02-22,2024,2,46-55
2372,52,Male,Karachi,Karachi East,2024-07-18,2024,7,46-55
2373,42,Female,Karachi,Keamari,2024-05-19,2024,5,36-45
2374,59,Male,Karachi,Karachi South,2024-06-01,2024,6,56+
2375,60,Male,Karachi,Malir,2024-05-11,2024,5,56+
2376,63,Female,Karachi,Malir,2025-01-28,2025,1,56+
2377,25,Male,Karachi,Karachi South,2025-11-07,2025,11,18-25
2378,27,Male,Karachi,Keamari,2024-01-07,2024,1,26-35
2379,40,Male,Karachi,Korangi,2024-03-04,2024,3,36-45
2380,36,Female,Karachi,Karachi West,2024-10-31,2024,10,36-45
2381,47,Male,Karachi,Karachi West,2024-03-20,2024,3,46-55
2382,46,Female,Karachi,Karachi West,2024-06-23,2024,6,46-55
2383,51,Female,Karachi,Keamari,2025-01-11,2025,1,46-55
2384,32,Male,Karachi,Keamari,2024-09-07,2024,9,26-35
2385,63,Male,Karachi,Malir,2025-02-04,2025,2,56+
2386,29,Male,Karachi,Karachi West,2024-02-01,2024,2,26-35
2387,64,Male,Karachi,Karachi East,2024-09-29,2024,9,56+
2388,61,Female,Karachi,Karachi West,2024-08-26,2024,8,56+
2389,44,Female,Karachi,Karachi Central,2025-09-29,2025,9,36-45
2390,45,Male,Karachi,Korangi,2024-12-13,2024,12,36-45
2391,33,Male,Karachi,Karachi East,2025-03-04,2025,3,26-35
2392,60,Female,Karachi,Karachi South,2024-01-26,2024,1,56+
2393,45,Male,Karachi,Karachi Central,2024-07-20,2024,7,36-45
2394,47,Female,Karachi,Malir,2025-12-02,2025,12,46-55
2395,56,Male,Karachi,Karachi East,2025-10-07,2025,10,56+
2396,61,Female,Karachi,Karachi East,2024-09-30,2024,9,56+
2397,49,Female,Karachi,Korangi,2025-06-07,2025,6,46-55
2398,43,Male,Karachi,Karachi Central,2025-07-27,2025,7,36-45
2399,49,Male,Karachi,Korangi,2024-04-16,2024,4,46-55
2400,48,Female,Karachi,Karachi Central,2024-01-24,2024,1,46-55
2401,20,Male,Karachi,Keamari,2025-03-03,2025,3,18-25
2402,65,Female,Karachi,Korangi,2025-10-10,2025,10,56+
2403,57,Female,Karachi,Korangi,2025-11-20,2025,11,56+
2404,56,Male,Karachi,Korangi,2025-03-25,2025,3,56+
2405,18,Male,Karachi,Keamari,2025-01-24,2025,1,18-25
2406,38,Female,Karachi,Malir,2024-11-07,2024,11,36-45
2407,64,Male,Karachi,Karachi South,2024-06-29,2024,6,56+
2408,27,Female,Karachi,Korangi,2025-03-22,2025,3,26-35
2409,48,Female,Karachi,Malir,2025-05-27,2025,5,46-55
2410,28,Male,Karachi,Keamari,2024-08-11,2024,8,26-35
2411,18,Male,Karachi,Korangi,2024-11-04,2024,11,18-25
2412,36,Male,Karachi,Karachi West,2025-06-14,2025,6,36-45
2413,54,Female,Karachi,Malir,2024-01-22,2024,1,46-55
2414,22,Female,Karachi,Korangi,2024-07-29,2024,7,18-25
2415,24,Male,Karachi,Karachi Central,2024-11-29,2024,11,18-25
2416,18,Female,Karachi,Korangi,2024-09-01,2024,9,18-25
2417,51,Male,Karachi,Malir,2025-01-10,2025,1,46-55
2418,65,Female,Karachi,Malir,2024-11-12,2024,11,56+
2419,27,Female,Karachi,Keamari,2025-04-10,2025,4,26-35
2420,60,Male,Karachi,Karachi Central,2024-07-05,2024,7,56+
2421,29,Male,Karachi,Karachi East,2024-02-10,2024,2,26-35
2422,31,Male,Karachi,Karachi East,2025-12-31,2025,12,26-35
2423,47,Female,Karachi,Karachi South,2025-08-18,2025,8,46-55
2424,21,Female,Karachi,Karachi South,2024-12-30,2024,12,18-25
2425,52,Male,Karachi,Karachi East,2024-10-16,2024,10,46-55
2426,57,Female,Karachi,Keamari,2024-05-24,2024,5,56+
2427,41,Male,Karachi,Karachi Central,2024-02-21,2024,2,36-45
2428,26,Female,Karachi,Karachi Central,2024-10-31,2024,10,26-35
2429,45,Female,Karachi,Karachi South,2025-10-20,2025,10,36-45
2430,47,Male,Karachi,Karachi East,2025-01-25,2025,1,46-55
2431,61,Female,Karachi,Karachi South,2024-03-07,2024,3,56+
2432,28,Male,Karachi,Malir,2025-01-04,2025,1,26-35
2433,51,Male,Karachi,Karachi West,2024-03-21,2024,3,46-55
2434,42,Male,Karachi,Malir,2024-08-13,2024,8,36-45
2435,25,Female,Karachi,Karachi Central,2024-01-31,2024,1,18-25
2436,39,Female,Karachi,Karachi East,2025-03-28,2025,3,36-45
2437,32,Female,Karachi,Malir,2024-01-14,2024,1,26-35
2438,29,Female,Karachi,Korangi,2025-02-19,2025,2,26-35
2439,23,Male,Karachi,Karachi West,2024-04-12,2024,4,18-25
2440,51,Female,Karachi,Korangi,2025-12-21,2025,12,46-55
2441,40,Female,Karachi,Karachi South,2026-01-06,2026,1,36-45
2442,44,Male,Karachi,Korangi,2024-03-27,2024,3,36-45
2443,33,Female,Karachi,Karachi West,2025-04-14,2025,4,26-35
2444,64,Male,Karachi,Karachi West,2024-01-21,2024,1,56+
2445,37,Male,Karachi,Malir,2025-01-26,2025,1,36-45
2446,21,Male,Karachi,Keamari,2025-12-23,2025,12,18-25
2447,58,Female,Karachi,Karachi South,2024-07-21,2024,7,56+
2448,36,Female,Karachi,Karachi East,2025-06-11,2025,6,36-45
2449,25,Male,Karachi,Korangi,2025-08-05,2025,8,18-25
2450,21,Female,Karachi,Karachi Central,2025-02-13,2025,2,18-25
2451,40,Female,Karachi,Karachi South,2024-01-09,2024,1,36-45
2452,47,Male,Karachi,Karachi South,2024-07-02,2024,7,46-55
2453,57,Female,Karachi,Malir,2025-09-11,2025,9,56+
2454,34,Male,Karachi,Karachi East,2024-07-15,2024,7,26-35
2455,27,Female,Karachi,Keamari,2024-05-07,2024,5,26-35
2456,56,Female,Karachi,Karachi West,2024-12-10,2024,12,56+
2457,48,Male,Karachi,Karachi Central,2024-02-05,2024,2,46-55
2458,48,Female,Karachi,Korangi,2025-06-09,2025,6,46-55
2459,40,Female,Karachi,Korangi,2025-01-25,2025,1,36-45
2460,40,Male,Karachi,Keamari,2024-10-24,2024,10,36-45
2461,18,Female,Karachi,Korangi,2025-03-12,2025,3,18-25
2462,18,Female,Karachi,Keamari,2024-11-13,2024,11,18-25
2463,61,Male,Karachi,Keamari,2025-04-30,2025,4,56+
2464,30,Male,Karachi,Karachi South,2025-01-25,2025,1,26-35
2465,53,Female,Karachi,Karachi East,2024-12-16,2024,12,46-55
2466,58,Male,Karachi,Karachi South,2024-01-08,2024,1,56+
2467,28,Female,Karachi,Malir,2024-06-15,2024,6,26-35
2468,55,Female,Karachi,Karachi South,2025-02-10,2025,2,46-55
2469,39,Male,Karachi,Malir,2024-09-05,2024,9,36-45
2470,63,Female,Karachi,Karachi South,2025-03-02,2025,3,56+
2471,29,Female,Karachi,Karachi East,2025-06-25,2025,6,26-35
2472,33,Female,Karachi,Karachi Central,2024-02-18,2024,2,26-35
2473,46,Female,Karachi,Karachi East,2024-10-09,2024,10,46-55
2474,42,Male,Karachi,Keamari,2025-02-27,2025,2,36-45
2475,61,Female,Karachi,Karachi West,2024-11-08,2024,11,56+
2476,38,Male,Karachi,Karachi South,2024-12-05,2024,12,36-45
2477,49,Female,Karachi,Karachi Central,2024-06-14,2024,6,46-55
2478,46,Female,Karachi,Karachi East,2025-07-31,2025,7,46-55
2479,55,Male,Karachi,Keamari,2024-11-26,2024,11,46-55
2480,31,Female,Karachi,Karachi Central,2024-05-03,2024,5,26-35
2481,50,Female,Karachi,Keamari,2024-03-18,2024,3,46-55
2482,45,Male,Karachi,Karachi Central,2025-07-16,2025,7,36-45
2483,48,Female,Karachi,Keamari,2024-10-31,2024,10,46-55
2484,56,Female,Karachi,Karachi East,2025-12-15,2025,12,56+
2485,41,Female,Karachi,Malir,2024-11-23,2024,11,36-45
2486,33,Male,Karachi,Karachi South,2025-01-03,2025,1,26-35
2487,28,Female,Karachi,Karachi West,2024-11-13,2024,11,26-35
2488,63,Male,Karachi,Karachi South,2025-06-07,2025,6,56+
2489,30,Male,Karachi,Karachi Central,2024-09-08,2024,9,26-35
2490,41,Male,Karachi,Malir,2024-03-29,2024,3,36-45
2491,45,Female,Karachi,Malir,2025-03-09,2025,3,36-45
2492,18,Female,Karachi,Karachi South,2025-11-28,2025,11,18-25
2493,52,Male,Karachi,Karachi East,2025-10-16,2025,10,46-55
2494,18,Female,Karachi,Karachi East,2024-08-27,2024,8,18-25
2495,27,Female,Karachi,Korangi,2024-07-27,2024,7,26-35
2496,41,Female,Karachi,Karachi East,2024-09-04,2024,9,36-45
2497,49,Male,Karachi,Malir,2025-03-17,2025,3,46-55
2498,43,Female,Karachi,Korangi,2024-09-20,2024,9,36-45
2499,20,Male,Karachi,Karachi Central,2024-12-15,2024,12,18-25
2500,34,Male,Karachi,Malir,2025-10-09,2025,10,26-35
2501,35,Female,Karachi,Keamari,2025-01-25,2025,1,26-35
2502,58,Female,Karachi,Malir,2024-01-28,2024,1,56+
2503,58,Male,Karachi,Karachi East,2025-10-25,2025,10,56+
2504,49,Male,Karachi,Karachi East,2024-08-29,2024,8,46-55
2505,54,Male,Karachi,Malir,2024-01-11,2024,1,46-55
2506,46,Male,Karachi,Korangi,2024-07-26,2024,7,46-55
2507,38,Female,Karachi,Karachi South,2025-09-02,2025,9,36-45
2508,32,Male,Karachi,Malir,2024-11-04,2024,11,26-35
2509,20,Male,Karachi,Keamari,2025-08-22,2025,8,18-25
2510,41,Male,Karachi,Karachi Central,2024-12-14,2024,12,36-45
2511,26,Female,Karachi,Karachi West,2025-01-16,2025,1,26-35
2512,45,Male,Karachi,Korangi,2025-09-16,2025,9,36-45
2513,62,Male,Karachi,Karachi South,2025-08-22,2025,8,56+
2514,33,Female,Karachi,Karachi East,2024-12-08,2024,12,26-35
2515,19,Female,Karachi,Karachi Central,2025-09-28,2025,9,18-25
2516,46,Female,Karachi,Malir,2025-02-09,2025,2,46-55
2517,54,Male,Karachi,Keamari,2025-05-26,2025,5,46-55
2518,63,Female,Karachi,Karachi South,2025-11-12,2025,11,56+
2519,24,Male,Karachi,Malir,2024-07-10,2024,7,18-25
2520,39,Female,Karachi,Karachi South,2024-12-26,2024,12,36-45
2521,36,Male,Karachi,Karachi Central,2024-07-26,2024,7,36-45
2522,30,Male,Karachi,Karachi South,2024-02-03,2024,2,26-35
2523,19,Male,Karachi,Malir,2024-10-12,2024,10,18-25
2524,44,Female,Karachi,Karachi East,2025-04-15,2025,4,36-45
2525,49,Female,Karachi,Korangi,2025-10-15,2025,10,46-55
2526,19,Female,Karachi,Malir,2024-11-17,2024,11,18-25
2527,43,Male,Karachi,Karachi West,2025-09-03,2025,9,36-45
2528,56,Female,Karachi,Karachi Central,2025-10-08,2025,10,56+
2529,62,Female,Karachi,Karachi South,2024-10-09,2024,10,56+
2530,55,Female,Karachi,Karachi East,2024-05-19,2024,5,46-55
2531,48,Female,Karachi,Karachi West,2024-03-10,2024,3,46-55
2532,42,Male,Karachi,Korangi,2025-12-19,2025,12,36-45
2533,24,Male,Karachi,Keamari,2024-03-07,2024,3,18-25
2534,60,Male,Karachi,Karachi West,2025-06-26,2025,6,56+
2535,35,Female,Karachi,Karachi Central,2024-01-27,2024,1,26-35
2536,50,Female,Karachi,Karachi East,2024-07-19,2024,7,46-55
2537,37,Male,Karachi,Malir,2024-02-18,2024,2,36-45
2538,54,Female,Karachi,Karachi East,2025-02-14,2025,2,46-55
2539,38,Female,Karachi,Karachi East,2025-03-24,2025,3,36-45
2540,59,Male,Karachi,Karachi West,2025-08-26,2025,8,56+
2541,18,Female,Karachi,Karachi Central,2024-04-24,2024,4,18-25
2542,54,Female,Karachi,Korangi,2024-06-07,2024,6,46-55
2543,65,Female,Karachi,Keamari,2024-06-11,2024,6,56+
2544,61,Male,Karachi,Korangi,2025-01-13,2025,1,56+
2545,43,Male,Karachi,Korangi,2025-09-26,2025,9,36-45
2546,51,Male,Karachi,Malir,2024-04-14,2024,4,46-55
2547,45,Male,Karachi,Karachi South,2024-07-05,2024,7,36-45
2548,43,Male,Karachi,Keamari,2024-10-24,2024,10,36-45
2549,45,Female,Karachi,Malir,2024-05-13,2024,5,36-45
2550,57,Male,Karachi,Karachi East,2024-07-30,2024,7,56+
2551,53,Female,Karachi,Keamari,2024-10-24,2024,10,46-55
2552,41,Male,Karachi,Karachi South,2025-07-29,2025,7,36-45
2553,36,Male,Karachi,Karachi South,2024-08-03,2024,8,36-45
2554,28,Female,Karachi,Karachi Central,2024-02-18,2024,2,26-35
2555,61,Male,Karachi,Malir,2024-04-25,2024,4,56+
2556,20,Female,Karachi,Keamari,2024-01-17,2024,1,18-25
2557,53,Female,Karachi,Karachi West,2024-03-06,2024,3,46-55
2558,52,Male,Karachi,Karachi South,2025-02-08,2025,2,46-55
2559,37,Male,Karachi,Keamari,2025-08-01,2025,8,36-45
2560,33,Male,Karachi,Keamari,2024-03-29,2024,3,26-35
2561,53,Male,Karachi,Karachi West,2025-08-07,2025,8,46-55
2562,37,Female,Karachi,Malir,2024-01-23,2024,1,36-45
2563,49,Male,Karachi,Malir,2024-07-02,2024,7,46-55
2564,51,Female,Karachi,Karachi South,2024-09-23,2024,9,46-55
2565,47,Male,Karachi,Korangi,2025-02-27,2025,2,46-55
2566,20,Male,Karachi,Karachi Central,2025-07-17,2025,7,18-25
2567,43,Female,Karachi,Karachi East,2025-07-06,2025,7,36-45
2568,59,Male,Karachi,Karachi South,2024-08-20,2024,8,56+
2569,55,Female,Karachi,Karachi South,2025-01-24,2025,1,46-55
2570,48,Male,Karachi,Karachi Central,2025-07-18,2025,7,46-55
2571,58,Female,Karachi,Karachi West,2025-06-22,2025,6,56+
2572,35,Female,Karachi,Karachi East,2025-11-11,2025,11,26-35
2573,27,Female,Karachi,Korangi,2024-11-29,2024,11,26-35
2574,56,Female,Karachi,Karachi South,2025-12-11,2025,12,56+
2575,41,Male,Karachi,Karachi South,2024-06-09,2024,6,36-45
2576,43,Female,Karachi,Keamari,2025-05-11,2025,5,36-45
2577,47,Male,Karachi,Korangi,2025-04-17,2025,4,46-55
2578,18,Male,Karachi,Korangi,2025-07-11,2025,7,18-25
2579,36,Female,Karachi,Keamari,2025-12-23,2025,12,36-45
2580,46,Female,Karachi,Keamari,2024-06-18,2024,6,46-55
2581,34,Female,Karachi,Karachi West,2024-04-15,2024,4,26-35
2582,21,Female,Karachi,Korangi,2025-08-14,2025,8,18-25
2583,39,Female,Karachi,Karachi East,2024-02-21,2024,2,36-45
2584,36,Female,Karachi,Karachi East,2024-11-10,2024,11,36-45
2585,27,Female,Karachi,Karachi East,2024-09-03,2024,9,26-35
2586,45,Male,Karachi,Karachi West,2025-01-24,2025,1,36-45
2587,26,Male,Karachi,Korangi,2026-01-02,2026,1,26-35
2588,64,Female,Karachi,Malir,2024-01-19,2024,1,56+
2589,61,Female,Karachi,Karachi West,2025-05-27,2025,5,56+
2590,22,Female,Karachi,Karachi West,2024-09-11,2024,9,18-25
2591,55,Female,Karachi,Karachi Central,2025-01-08,2025,1,46-55
2592,57,Male,Karachi,Korangi,2025-09-27,2025,9,56+
2593,56,Male,Karachi,Karachi East,2024-07-23,2024,7,56+
2594,28,Male,Karachi,Karachi South,2025-09-07,2025,9,26-35
2595,65,Male,Karachi,Karachi West,2025-02-24,2025,2,56+
2596,56,Male,Karachi,Malir,2025-09-18,2025,9,56+
2597,59,Female,Karachi,Malir,2025-05-22,2025,5,56+
2598,32,Female,Karachi,Keamari,2025-05-21,2025,5,26-35
2599,57,Female,Karachi,Karachi West,2025-03-12,2025,3,56+
2600,30,Female,Karachi,Karachi South,2025-05-23,2025,5,26-35
2601,30,Male,Karachi,Malir,2025-08-05,2025,8,26-35
2602,38,Female,Karachi,Korangi,2024-09-12,2024,9,36-45
2603,47,Male,Karachi,Karachi West,2024-01-28,2024,1,46-55
2604,50,Female,Karachi,Korangi,2024-03-22,2024,3,46-55
2605,58,Female,Karachi,Karachi Central,2024-05-01,2024,5,56+
2606,24,Male,Karachi,Karachi Central,2024-12-03,2024,12,18-25
2607,62,Female,Karachi,Karachi East,2025-06-11,2025,6,56+
2608,28,Female,Karachi,Karachi West,2025-10-10,2025,10,26-35
2609,53,Male,Karachi,Karachi Central,2025-12-21,2025,12,46-55
2610,62,Female,Karachi,Malir,2024-06-19,2024,6,56+
2611,61,Female,Karachi,Malir,2025-07-24,2025,7,56+
2612,21,Female,Karachi,Karachi West,2025-09-14,2025,9,18-25
2613,60,Female,Karachi,Karachi East,2025-10-06,2025,10,56+
2614,29,Female,Karachi,Karachi East,2024-12-07,2024,12,26-35
2615,22,Male,Karachi,Karachi South,2025-02-20,2025,2,18-25
2616,55,Female,Karachi,Malir,2025-06-07,2025,6,46-55
2617,37,Male,Karachi,Keamari,2025-11-30,2025,11,36-45
2618,33,Female,Karachi,Keamari,2024-10-24,2024,10,26-35
2619,58,Male,Karachi,Keamari,2025-02-12,2025,2,56+
2620,24,Male,Karachi,Keamari,2024-04-26,2024,4,18-25
2621,65,Female,Karachi,Karachi Central,2024-05-29,2024,5,56+
2622,22,Female,Karachi,Keamari,2024-09-28,2024,9,18-25
2623,63,Female,Karachi,Karachi South,2024-11-29,2024,11,56+
2624,26,Male,Karachi,Karachi East,2024-12-13,2024,12,26-35
2625,25,Female,Karachi,Keamari,2025-10-20,2025,10,18-25
2626,65,Male,Karachi,Karachi East,2024-11-11,2024,11,56+
2627,35,Male,Karachi,Korangi,2024-10-06,2024,10,26-35
2628,57,Female,Karachi,Karachi West,2025-12-02,2025,12,56+
2629,46,Male,Karachi,Karachi West,2024-06-16,2024,6,46-55
2630,37,Male,Karachi,Keamari,2025-09-19,2025,9,36-45
2631,50,Male,Karachi,Karachi West,2025-11-28,2025,11,46-55
2632,45,Male,Karachi,Malir,2024-04-23,2024,4,36-45
2633,28,Male,Karachi,Karachi East,2024-08-11,2024,8,26-35
2634,22,Male,Karachi,Karachi West,2025-01-29,2025,1,18-25
2635,51,Female,Karachi,Malir,2024-03-26,2024,3,46-55
2636,40,Female,Karachi,Korangi,2024-01-09,2024,1,36-45
2637,37,Female,Karachi,Korangi,2024-12-10,2024,12,36-45
2638,46,Male,Karachi,Karachi West,2025-11-17,2025,11,46-55
2639,22,Male,Karachi,Karachi West,2025-08-01,2025,8,18-25
2640,48,Male,Karachi,Karachi Central,2025-12-07,2025,12,46-55
2641,62,Female,Karachi,Karachi West,2024-11-06,2024,11,56+
2642,45,Female,Karachi,Karachi West,2024-04-17,2024,4,36-45
2643,23,Female,Karachi,Karachi West,2024-12-24,2024,12,18-25
2644,62,Female,Karachi,Korangi,2024-05-12,2024,5,56+
2645,29,Female,Karachi,Korangi,2024-03-27,2024,3,26-35
2646,50,Female,Karachi,Korangi,2025-06-30,2025,6,46-55
2647,43,Male,Karachi,Keamari,2024-02-12,2024,2,36-45
2648,25,Male,Karachi,Keamari,2025-10-16,2025,10,18-25
2649,40,Female,Karachi,Karachi South,2024-02-07,2024,2,36-45
2650,48,Male,Karachi,Karachi West,2025-05-13,2025,5,46-55
2651,64,Female,Karachi,Karachi West,2025-01-12,2025,1,56+
2652,44,Female,Karachi,Karachi West,2025-12-21,2025,12,36-45
2653,33,Female,Karachi,Karachi West,2024-09-10,2024,9,26-35
2654,50,Male,Karachi,Karachi West,2024-04-05,2024,4,46-55
2655,22,Female,Karachi,Keamari,2025-11-05,2025,11,18-25
2656,54,Female,Karachi,Keamari,2024-03-20,2024,3,46-55
2657,31,Male,Karachi,Malir,2024-09-06,2024,9,26-35
2658,29,Female,Karachi,Korangi,2024-01-12,2024,1,26-35
2659,42,Female,Karachi,Karachi West,2024-05-24,2024,5,36-45
2660,56,Female,Karachi,Korangi,2024-09-02,2024,9,56+
2661,25,Male,Karachi,Korangi,2024-11-21,2024,11,18-25
2662,29,Male,Karachi,Karachi East,2024-05-11,2024,5,26-35
2663,41,Male,Karachi,Korangi,2025-12-27,2025,12,36-45
2664,34,Female,Karachi,Karachi Central,2025-08-24,2025,8,26-35
2665,20,Male,Karachi,Karachi West,2024-07-05,2024,7,18-25
2666,26,Female,Karachi,Karachi East,2024-03-21,2024,3,26-35
2667,56,Male,Karachi,Karachi Central,2025-04-04,2025,4,56+
2668,26,Female,Karachi,Karachi West,2024-03-05,2024,3,26-35
2669,62,Male,Karachi,Keamari,2024-09-15,2024,9,56+
2670,51,Male,Karachi,Karachi West,2025-07-03,2025,7,46-55
2671,37,Male,Karachi,Keamari,2024-03-23,2024,3,36-45
2672,58,Female,Karachi,Korangi,2024-04-20,2024,4,56+
2673,43,Male,Karachi,Korangi,2024-03-13,2024,3,36-45
2674,39,Female,Karachi,Malir,2025-04-26,2025,4,36-45
2675,39,Male,Karachi,Malir,2024-11-02,2024,11,36-45
2676,39,Female,Karachi,Karachi East,2025-01-24,2025,1,36-45
2677,56,Female,Karachi,Karachi East,2025-02-11,2025,2,56+
2678,43,Female,Karachi,Karachi Central,2024-06-18,2024,6,36-45
2679,20,Male,Karachi,Malir,2024-03-07,2024,3,18-25
2680,65,Male,Karachi,Karachi West,2025-03-25,2025,3,56+
2681,65,Female,Karachi,Karachi Central,2025-11-18,2025,11,56+
2682,57,Male,Karachi,Karachi West,2025-09-23,2025,9,56+
2683,57,Male,Karachi,Korangi,2024-06-14,2024,6,56+
2684,46,Female,Karachi,Keamari,2025-10-25,2025,10,46-55
2685,30,Male,Karachi,Karachi South,2024-03-08,2024,3,26-35
2686,58,Male,Karachi,Karachi East,2024-07-18,2024,7,56+
2687,61,Female,Karachi,Karachi East,2025-01-10,2025,1,56+
2688,38,Female,Karachi,Karachi South,2024-03-08,2024,3,36-45
2689,28,Male,Karachi,Karachi West,2025-09-30,2025,9,26-35
2690,60,Female,Karachi,Karachi Central,2024-12-22,2024,12,56+
2691,54,Male,Karachi,Karachi South,2024-08-03,2024,8,46-55
2692,33,Male,Karachi,Malir,2025-09-08,2025,9,26-35
2693,59,Female,Karachi,Karachi East,2025-04-12,2025,4,56+
2694,57,Male,Karachi,Malir,2025-08-27,2025,8,56+
2695,61,Female,Karachi,Karachi East,2024-01-15,2024,1,56+
2696,40,Male,Karachi,Malir,2025-09-26,2025,9,36-45
2697,24,Male,Karachi,Malir,2025-04-13,2025,4,18-25
2698,47,Male,Karachi,Malir,2025-05-17,2025,5,46-55
2699,22,Male,Karachi,Keamari,2025-11-11,2025,11,18-25
2700,52,Male,Karachi,Karachi West,2024-11-28,2024,11,46-55
2701,20,Male,Karachi,Korangi,2024-05-16,2024,5,18-25
2702,56,Female,Karachi,Karachi West,2024-05-21,2024,5,56+
2703,20,Female,Karachi,Karachi South,2024-11-27,2024,11,18-25
2704,57,Male,Karachi,Karachi East,2025-03-27,2025,3,56+
2705,31,Male,Karachi,Karachi Central,2024-07-06,2024,7,26-35
2706,63,Male,Karachi,Malir,2025-06-18,2025,6,56+
2707,52,Female,Karachi,Karachi West,2025-06-03,2025,6,46-55
2708,37,Male,Karachi,Karachi East,2025-09-28,2025,9,36-45
2709,20,Male,Karachi,Karachi Central,2025-06-05,2025,6,18-25
2710,62,Female,Karachi,Karachi South,2025-05-26,2025,5,56+
2711,63,Male,Karachi,Keamari,2024-09-17,2024,9,56+
2712,18,Male,Karachi,Keamari,2024-10-22,2024,10,18-25
2713,46,Female,Karachi,Korangi,2025-05-29,2025,5,46-55
2714,38,Female,Karachi,Karachi Central,2025-08-05,2025,8,36-45
2715,23,Female,Karachi,Malir,2024-05-21,2024,5,18-25
2716,31,Female,Karachi,Karachi East,2024-02-28,2024,2,26-35
2717,40,Female,Karachi,Karachi East,2025-03-11,2025,3,36-45
2718,28,Female,Karachi,Karachi East,2024-11-02,2024,11,26-35
2719,36,Female,Karachi,Karachi West,2025-07-15,2025,7,36-45
2720,31,Female,Karachi,Karachi West,2025-09-04,2025,9,26-35
2721,34,Female,Karachi,Malir,2024-10-07,2024,10,26-35
2722,38,Female,Karachi,Karachi East,2024-12-15,2024,12,36-45
2723,45,Female,Karachi,Korangi,2025-06-10,2025,6,36-45
2724,47,Female,Karachi,Karachi South,2024-06-10,2024,6,46-55
2725,35,Male,Karachi,Karachi East,2024-04-22,2024,4,26-35
2726,45,Male,Karachi,Karachi West,2024-05-13,2024,5,36-45
2727,35,Female,Karachi,Karachi South,2025-04-14,2025,4,26-35
2728,40,Female,Karachi,Korangi,2024-02-13,2024,2,36-45
2729,42,Female,Karachi,Keamari,2024-12-23,2024,12,36-45
2730,56,Male,Karachi,Karachi South,2025-02-12,2025,2,56+
2731,55,Female,Karachi,Karachi West,2024-06-03,2024,6,46-55
2732,63,Female,Karachi,Malir,2025-07-09,2025,7,56+
2733,56,Female,Karachi,Karachi Central,2024-02-04,2024,2,56+
2734,35,Female,Karachi,Karachi West,2024-11-24,2024,11,26-35
2735,49,Male,Karachi,Malir,2024-07-06,2024,7,46-55
2736,20,Male,Karachi,Karachi East,2024-02-10,2024,2,18-25
2737,23,Male,Karachi,Malir,2024-11-05,2024,11,18-25
2738,52,Male,Karachi,Karachi Central,2025-12-16,2025,12,46-55
2739,40,Male,Karachi,Karachi East,2025-06-23,2025,6,36-45
2740,31,Female,Karachi,Karachi East,2025-05-21,2025,5,26-35
2741,51,Female,Karachi,Korangi,2024-03-04,2024,3,46-55
2742,44,Male,Karachi,Keamari,2024-02-11,2024,2,36-45
2743,63,Female,Karachi,Korangi,2024-10-20,2024,10,56+
2744,23,Female,Karachi,Keamari,2025-09-23,2025,9,18-25
2745,23,Male,Karachi,Malir,2024-03-29,2024,3,18-25
2746,39,Female,Karachi,Karachi East,2025-09-10,2025,9,36-45
2747,48,Female,Karachi,Korangi,2024-07-05,2024,7,46-55
2748,25,Male,Karachi,Karachi West,2025-10-02,2025,10,18-25
2749,64,Female,Karachi,Karachi West,2024-08-17,2024,8,56+
2750,46,Male,Karachi,Karachi South,2024-08-01,2024,8,46-55
2751,22,Male,Karachi,Malir,2025-03-02,2025,3,18-25
2752,38,Male,Karachi,Karachi East,2024-01-18,2024,1,36-45
2753,37,Male,Karachi,Keamari,2024-02-26,2024,2,36-45
2754,58,Female,Karachi,Karachi South,2024-09-16,2024,9,56+
2755,45,Female,Karachi,Karachi Central,2025-11-19,2025,11,36-45
2756,41,Female,Karachi,Malir,2026-01-04,2026,1,36-45
2757,54,Female,Karachi,Karachi East,2024-07-17,2024,7,46-55
2758,21,Female,Karachi,Keamari,2024-02-12,2024,2,18-25
2759,39,Male,Karachi,Keamari,2025-09-16,2025,9,36-45
2760,58,Female,Karachi,Karachi East,2025-02-25,2025,2,56+
2761,55,Female,Karachi,Karachi West,2025-09-07,2025,9,46-55
2762,33,Female,Karachi,Karachi East,2025-09-29,2025,9,26-35
2763,55,Male,Karachi,Karachi West,2025-12-20,2025,12,46-55
2764,20,Female,Karachi,Karachi West,2025-05-14,2025,5,18-25
2765,27,Female,Karachi,Karachi Central,2025-06-28,2025,6,26-35
2766,27,Male,Karachi,Karachi Central,2024-02-05,2024,2,26-35
2767,64,Female,Karachi,Malir,2025-05-31,2025,5,56+
2768,34,Female,Karachi,Korangi,2024-08-25,2024,8,26-35
2769,33,Male,Karachi,Keamari,2024-01-30,2024,1,26-35
2770,37,Female,Karachi,Karachi South,2025-01-22,2025,1,36-45
2771,51,Male,Karachi,Karachi East,2025-07-05,2025,7,46-55
2772,35,Female,Karachi,Karachi Central,2024-10-19,2024,10,26-35
2773,65,Male,Karachi,Keamari,2025-02-13,2025,2,56+
2774,48,Female,Karachi,Karachi West,2025-02-15,2025,2,46-55
2775,64,Male,Karachi,Korangi,2025-12-08,2025,12,56+
2776,49,Female,Karachi,Karachi West,2025-02-24,2025,2,46-55
2777,49,Male,Karachi,Malir,2024-02-18,2024,2,46-55
2778,57,Female,Karachi,Malir,2025-08-17,2025,8,56+
2779,61,Female,Karachi,Karachi South,2024-05-07,2024,5,56+
2780,62,Female,Karachi,Korangi,2025-12-20,2025,12,56+
2781,41,Female,Karachi,Keamari,2025-12-20,2025,12,36-45
2782,32,Male,Karachi,Malir,2025-05-13,2025,5,26-35
2783,28,Female,Karachi,Karachi Central,2025-01-22,2025,1,26-35
2784,59,Male,Karachi,Karachi Central,2025-01-23,2025,1,56+
2785,54,Female,Karachi,Keamari,2025-06-18,2025,6,46-55
2786,37,Female,Karachi,Karachi West,2025-11-15,2025,11,36-45
2787,42,Female,Karachi,Karachi South,2024-09-23,2024,9,36-45
2788,46,Female,Karachi,Karachi East,2025-08-06,2025,8,46-55
2789,35,Female,Karachi,Karachi Central,2025-03-09,2025,3,26-35
2790,41,Female,Karachi,Korangi,2025-07-10,2025,7,36-45
2791,38,Male,Karachi,Karachi South,2024-04-06,2024,4,36-45
2792,36,Male,Karachi,Karachi South,2024-04-30,2024,4,36-45
2793,52,Male,Karachi,Karachi Central,2024-06-27,2024,6,46-55
2794,26,Male,Karachi,Korangi,2025-03-21,2025,3,26-35
2795,28,Female,Karachi,Karachi South,2025-11-02,2025,11,26-35
2796,56,Female,Karachi,Keamari,2024-09-19,2024,9,56+
2797,41,Male,Karachi,Karachi Central,2024-08-03,2024,8,36-45
2798,47,Male,Karachi,Karachi South,2024-01-15,2024,1,46-55
2799,34,Female,Karachi,Korangi,2025-12-06,2025,12,26-35
2800,63,Female,Karachi,Karachi Central,2025-08-19,2025,8,56+
2801,46,Female,Karachi,Karachi East,2025-03-30,2025,3,46-55
2802,38,Male,Karachi,Korangi,2025-01-13,2025,1,36-45
2803,26,Female,Karachi,Karachi South,2024-09-18,2024,9,26-35
2804,26,Female,Karachi,Karachi South,2024-09-05,2024,9,26-35
2805,59,Female,Karachi,Karachi East,2024-11-11,2024,11,56+
2806,44,Female,Karachi,Karachi South,2025-01-14,2025,1,36-45
2807,38,Female,Karachi,Karachi East,2025-04-06,2025,4,36-45
2808,33,Female,Karachi,Keamari,2025-10-06,2025,10,26-35
2809,51,Female,Karachi,Korangi,2025-11-07,2025,11,46-55
2810,33,Female,Karachi,Karachi South,2024-07-01,2024,7,26-35
2811,57,Female,Karachi,Karachi Central,2024-08-07,2024,8,56+
2812,21,Male,Karachi,Keamari,2025-10-15,2025,10,18-25
2813,22,Female,Karachi,Korangi,2024-11-03,2024,11,18-25
2814,51,Female,Karachi,Karachi West,2025-02-04,2025,2,46-55
2815,23,Female,Karachi,Karachi South,2025-12-27,2025,12,18-25
2816,46,Female,Karachi,Karachi East,2025-07-06,2025,7,46-55
2817,61,Male,Karachi,Keamari,2025-08-22,2025,8,56+
2818,56,Male,Karachi,Karachi South,2024-12-08,2024,12,56+
2819,63,Male,Karachi,Keamari,2024-07-15,2024,7,56+
2820,36,Female,Karachi,Karachi West,2025-08-11,2025,8,36-45
2821,56,Male,Karachi,Karachi West,2024-10-04,2024,10,56+
2822,22,Male,Karachi,Karachi South,2024-02-01,2024,2,18-25
2823,46,Female,Karachi,Karachi West,2025-10-11,2025,10,46-55
2824,29,Female,Karachi,Karachi West,2025-06-06,2025,6,26-35
2825,47,Male,Karachi,Keamari,2025-12-16,2025,12,46-55
2826,36,Female,Karachi,Korangi,2025-10-07,2025,10,36-45
2827,57,Male,Karachi,Karachi East,2025-10-04,2025,10,56+
2828,57,Female,Karachi,Karachi South,2025-06-20,2025,6,56+
2829,43,Male,Karachi,Keamari,2025-05-09,2025,5,36-45
2830,20,Female,Karachi,Karachi East,2024-07-05,2024,7,18-25
2831,37,Male,Karachi,Karachi Central,2024-10-26,2024,10,36-45
2832,41,Female,Karachi,Karachi West,2024-10-20,2024,10,36-45
2833,52,Female,Karachi,Korangi,2025-08-25,2025,8,46-55
2834,61,Male,Karachi,Malir,2024-02-20,2024,2,56+
2835,61,Male,Karachi,Karachi West,2024-01-16,2024,1,56+
2836,58,Female,Karachi,Korangi,2024-10-12,2024,10,56+
2837,57,Female,Karachi,Karachi Central,2024-03-09,2024,3,56+
2838,35,Male,Karachi,Karachi South,2025-10-06,2025,10,26-35
2839,24,Female,Karachi,Karachi West,2024-04-23,2024,4,18-25
2840,40,Female,Karachi,Malir,2024-10-31,2024,10,36-45
2841,34,Female,Karachi,Karachi East,2025-01-09,2025,1,26-35
2842,31,Female,Karachi,Keamari,2024-10-11,2024,10,26-35
2843,48,Male,Karachi,Karachi South,2025-04-17,2025,4,46-55
2844,39,Male,Karachi,Karachi South,2025-03-31,2025,3,36-45
2845,24,Male,Karachi,Karachi East,2025-08-31,2025,8,18-25
2846,46,Female,Karachi,Keamari,2024-07-05,2024,7,46-55
2847,23,Male,Karachi,Karachi South,2025-11-06,2025,11,18-25
2848,20,Female,Karachi,Karachi Central,2025-02-17,2025,2,18-25
2849,65,Female,Karachi,Malir,2024-04-07,2024,4,56+
2850,53,Male,Karachi,Karachi Central,2024-02-14,2024,2,46-55
2851,40,Male,Karachi,Keamari,2025-09-03,2025,9,36-45
2852,57,Male,Karachi,Karachi Central,2025-07-05,2025,7,56+
2853,18,Female,Karachi,Karachi East,2024-03-21,2024,3,18-25
2854,36,Female,Karachi,Karachi South,2024-03-15,2024,3,36-45
2855,48,Female,Karachi,Karachi West,2025-07-15,2025,7,46-55
2856,51,Male,Karachi,Korangi,2025-02-06,2025,2,46-55
2857,27,Female,Karachi,Karachi South,2024-11-16,2024,11,26-35
2858,42,Female,Karachi,Malir,2024-10-09,2024,10,36-45
2859,41,Female,Karachi,Karachi Central,2026-01-02,2026,1,36-45
2860,21,Male,Karachi,Korangi,2024-06-18,2024,6,18-25
2861,59,Female,Karachi,Karachi South,2024-10-14,2024,10,56+
2862,41,Female,Karachi,Karachi East,2024-01-27,2024,1,36-45
2863,65,Male,Karachi,Karachi Central,2024-05-31,2024,5,56+
2864,62,Male,Karachi,Karachi East,2024-02-07,2024,2,56+
2865,19,Female,Karachi,Karachi Central,2025-10-26,2025,10,18-25
2866,24,Male,Karachi,Karachi East,2024-12-09,2024,12,18-25
2867,29,Female,Karachi,Karachi East,2024-05-29,2024,5,26-35
2868,50,Female,Karachi,Korangi,2025-04-05,2025,4,46-55
2869,37,Male,Karachi,Malir,2025-09-14,2025,9,36-45
2870,27,Male,Karachi,Keamari,2025-11-15,2025,11,26-35
2871,40,Male,Karachi,Karachi East,2024-06-11,2024,6,36-45
2872,64,Male,Karachi,Korangi,2025-07-15,2025,7,56+
2873,64,Male,Karachi,Malir,2025-07-23,2025,7,56+
2874,35,Male,Karachi,Karachi West,2024-02-21,2024,2,26-35
2875,63,Male,Karachi,Karachi West,2024-04-09,2024,4,56+
2876,32,Female,Karachi,Karachi Central,2025-04-07,2025,4,26-35
2877,18,Female,Karachi,Karachi West,2024-06-13,2024,6,18-25
2878,24,Female,Karachi,Malir,2025-08-01,2025,8,18-25
2879,52,Female,Karachi,Keamari,2025-07-14,2025,7,46-55
2880,46,Female,Karachi,Korangi,2024-12-24,2024,12,46-55
2881,64,Male,Karachi,Karachi South,2025-03-18,2025,3,56+
2882,57,Male,Karachi,Keamari,2025-11-07,2025,11,56+
2883,37,Female,Karachi,Karachi Central,2025-04-18,2025,4,36-45
2884,49,Male,Karachi,Keamari,2024-06-27,2024,6,46-55
2885,50,Male,Karachi,Karachi South,2025-11-25,2025,11,46-55
2886,41,Female,Karachi,Karachi East,2024-11-25,2024,11,36-45
2887,41,Female,Karachi,Keamari,2025-04-15,2025,4,36-45
2888,35,Male,Karachi,Malir,2024-02-22,2024,2,26-35
2889,63,Female,Karachi,Malir,2024-01-25,2024,1,56+
2890,24,Female,Karachi,Karachi East,2025-09-02,2025,9,18-25
2891,53,Male,Karachi,Korangi,2025-04-09,2025,4,46-55
2892,55,Male,Karachi,Karachi West,2024-05-19,2024,5,46-55
2893,52,Female,Karachi,Karachi East,2024-02-22,2024,2,46-55
2894,46,Female,Karachi,Karachi South,2025-09-25,2025,9,46-55
2895,38,Male,Karachi,Karachi East,2024-04-09,2024,4,36-45
2896,48,Male,Karachi,Malir,2025-10-21,2025,10,46-55
2897,41,Female,Karachi,Malir,2025-06-11,2025,6,36-45
2898,43,Female,Karachi,Malir,2025-04-05,2025,4,36-45
2899,30,Male,Karachi,Korangi,2024-09-15,2024,9,26-35
2900,61,Male,Karachi,Karachi South,2024-05-06,2024,5,56+
2901,65,Female,Karachi,Karachi Central,2025-02-04,2025,2,56+
2902,57,Male,Karachi,Keamari,2025-08-28,2025,8,56+
2903,42,Male,Karachi,Malir,2024-02-20,2024,2,36-45
2904,27,Female,Karachi,Korangi,2025-10-31,2025,10,26-35
2905,32,Male,Karachi,Karachi Central,2024-02-29,2024,2,26-35
2906,46,Male,Karachi,Karachi East,2025-01-19,2025,1,46-55
2907,41,Male,Karachi,Karachi South,2025-08-02,2025,8,36-45
2908,21,Male,Karachi,Karachi South,2025-02-20,2025,2,18-25
2909,21,Male,Karachi,Korangi,2024-01-24,2024,1,18-25
2910,42,Male,Karachi,Karachi Central,2025-03-19,2025,3,36-45
2911,24,Female,Karachi,Karachi East,2024-11-22,2024,11,18-25
2912,65,Female,Karachi,Karachi West,2025-05-01,2025,5,56+
2913,33,Male,Karachi,Keamari,2024-11-11,2024,11,26-35
2914,56,Female,Karachi,Korangi,2025-05-07,2025,5,56+
2915,58,Female,Karachi,Karachi East,2024-04-25,2024,4,56+
2916,56,Male,Karachi,Karachi South,2024-11-10,2024,11,56+
2917,40,Male,Karachi,Karachi South,2025-07-25,2025,7,36-45
2918,37,Male,Karachi,Karachi West,2025-10-24,2025,10,36-45
2919,52,Male,Karachi,Karachi Central,2025-12-10,2025,12,46-55
2920,55,Female,Karachi,Malir,2025-06-22,2025,6,46-55
2921,30,Female,Karachi,Korangi,2024-08-12,2024,8,26-35
2922,24,Male,Karachi,Malir,2025-12-18,2025,12,18-25
2923,40,Male,Karachi,Karachi South,2025-07-15,2025,7,36-45
2924,35,Female,Karachi,Karachi East,2024-10-02,2024,10,26-35
2925,36,Female,Karachi,Malir,2025-10-28,2025,10,36-45
2926,39,Female,Karachi,Malir,2024-06-01,2024,6,36-45
2927,47,Male,Karachi,Malir,2025-04-29,2025,4,46-55
2928,18,Male,Karachi,Karachi Central,2024-08-08,2024,8,18-25
2929,40,Female,Karachi,Karachi Central,2024-06-14,2024,6,36-45
2930,64,Female,Karachi,Karachi South,2024-11-28,2024,11,56+
2931,19,Male,Karachi,Karachi Central,2025-07-06,2025,7,18-25
2932,24,Male,Karachi,Karachi South,2024-06-05,2024,6,18-25
2933,44,Female,Karachi,Karachi South,2024-07-22,2024,7,36-45
2934,58,Female,Karachi,Karachi West,2025-06-06,2025,6,56+
2935,43,Male,Karachi,Karachi East,2024-05-06,2024,5,36-45
2936,23,Male,Karachi,Korangi,2025-07-30,2025,7,18-25
2937,22,Male,Karachi,Karachi South,2024-02-20,2024,2,18-25
2938,50,Female,Karachi,Karachi East,2024-03-16,2024,3,46-55
2939,35,Male,Karachi,Karachi West,2024-03-26,2024,3,26-35
2940,22,Male,Karachi,Malir,2025-10-02,2025,10,18-25
2941,25,Male,Karachi,Karachi West,2024-02-08,2024,2,18-25
2942,41,Female,Karachi,Keamari,2025-01-01,2025,1,36-45
2943,55,Female,Karachi,Malir,2024-08-14,2024,8,46-55
2944,46,Male,Karachi,Malir,2024-04-28,2024,4,46-55
2945,63,Female,Karachi,Karachi West,2025-12-16,2025,12,56+
2946,51,Female,Karachi,Karachi West,2025-03-05,2025,3,46-55
2947,63,Female,Karachi,Karachi East,2024-04-05,2024,4,56+
2948,61,Female,Karachi,Korangi,2024-01-19,2024,1,56+
2949,44,Male,Karachi,Karachi South,2024-05-31,2024,5,36-45
2950,64,Male,Karachi,Korangi,2025-04-07,2025,4,56+
2951,55,Female,Karachi,Korangi,2024-03-10,2024,3,46-55
2952,42,Male,Karachi,Keamari,2025-06-05,2025,6,36-45
2953,55,Male,Karachi,Malir,2024-07-31,2024,7,46-55
2954,53,Male,Karachi,Korangi,2025-02-17,2025,2,46-55
2955,65,Male,Karachi,Malir,2024-07-07,2024,7,56+
2956,51,Female,Karachi,Korangi,2025-10-01,2025,10,46-55
2957,23,Female,Karachi,Karachi Central,2025-10-21,2025,10,18-25
2958,61,Female,Karachi,Karachi South,2025-09-10,2025,9,56+
2959,26,Male,Karachi,Keamari,2025-01-12,2025,1,26-35
2960,24,Female,Karachi,Karachi West,2025-03-25,2025,3,18-25
2961,18,Male,Karachi,Karachi Central,2024-06-30,2024,6,18-25
2962,32,Female,Karachi,Karachi South,2026-01-01,2026,1,26-35
2963,23,Male,Karachi,Karachi Central,2025-08-11,2025,8,18-25
2964,42,Female,Karachi,Malir,2024-09-28,2024,9,36-45
2965,27,Male,Karachi,Malir,2025-02-12,2025,2,26-35
2966,50,Male,Karachi,Karachi Central,2024-09-25,2024,9,46-55
2967,44,Male,Karachi,Karachi South,2024-03-14,2024,3,36-45
2968,47,Male,Karachi,Malir,2025-02-09,2025,2,46-55
2969,37,Female,Karachi,Karachi West,2024-11-30,2024,11,36-45
2970,26,Female,Karachi,Malir,2025-04-11,2025,4,26-35
2971,27,Male,Karachi,Karachi Central,2024-09-16,2024,9,26-35
2972,42,Female,Karachi,Malir,2025-03-25,2025,3,36-45
2973,49,Female,Karachi,Malir,2025-09-07,2025,9,46-55
2974,47,Male,Karachi,Karachi South,2024-06-09,2024,6,46-55
2975,34,Female,Karachi,Karachi East,2025-05-10,2025,5,26-35
2976,23,Female,Karachi,Karachi West,2025-09-29,2025,9,18-25
2977,25,Female,Karachi,Malir,2024-11-03,2024,11,18-25
2978,47,Male,Karachi,Malir,2025-02-12,2025,2,46-55
2979,44,Female,Karachi,Korangi,2024-09-21,2024,9,36-45
2980,62,Male,Karachi,Karachi East,2024-05-11,2024,5,56+
2981,63,Female,Karachi,Karachi South,2024-01-09,2024,1,56+
2982,57,Male,Karachi,Karachi East,2024-06-06,2024,6,56+
2983,37,Female,Karachi,Korangi,2024-12-19,2024,12,36-45
2984,27,Male,Karachi,Karachi West,2024-03-16,2024,3,26-35
2985,22,Male,Karachi,Karachi West,2025-12-04,2025,12,18-25
2986,22,Male,Karachi,Karachi Central,2024-08-29,2024,8,18-25
2987,35,Female,Karachi,Malir,2025-11-07,2025,11,26-35
2988,48,Male,Karachi,Karachi West,2025-06-12,2025,6,46-55
2989,42,Male,Karachi,Karachi Central,2024-11-15,2024,11,36-45
2990,32,Male,Karachi,Korangi,2025-08-26,2025,8,26-35
2991,28,Female,Karachi,Karachi South,2025-04-12,2025,4,26-35
2992,55,Female,Karachi,Keamari,2025-08-14,2025,8,46-55
2993,29,Female,Karachi,Malir,2025-10-05,2025,10,26-35
2994,20,Female,Karachi,Malir,2024-11-10,2024,11,18-25
2995,56,Female,Karachi,Karachi South,2024-01-19,2024,1,56+
2996,42,Male,Karachi,Karachi West,2024-08-12,2024,8,36-45
2997,49,Female,Karachi,Karachi West,2024-09-28,2024,9,46-55
2998,35,Male,Karachi,Karachi South,2025-11-22,2025,11,26-35
2999,50,Male,Karachi,Karachi South,2025-03-27,2025,3,46-55
3000,40,Female,Karachi,Karachi East,2024-05-01,2024,5,36-45
3001,42,Female,Karachi,Karachi East,2024-09-02,2024,9,36-45
3002,65,Male,Karachi,Malir,2025-08-19,2025,8,56+
3003,56,Male,Karachi,Karachi West,2025-01-12,2025,1,56+
3004,57,Female,Karachi,Karachi South,2025-08-15,2025,8,56+
3005,43,Male,Karachi,Keamari,2025-07-03,2025,7,36-45
3006,34,Female,Karachi,Karachi East,2024-03-31,2024,3,26-35
3007,63,Male,Karachi,Korangi,2024-05-09,2024,5,56+
3008,40,Female,Karachi,Karachi Central,2025-06-06,2025,6,36-45
3009,53,Male,Karachi,Karachi East,2024-05-16,2024,5,46-55
3010,50,Male,Karachi,Malir,2025-04-05,2025,4,46-55
3011,36,Male,Karachi,Malir,2025-05-20,2025,5,36-45
3012,26,Male,Karachi,Malir,2025-08-11,2025,8,26-35
3013,61,Female,Karachi,Keamari,2024-02-08,2024,2,56+
3014,31,Male,Karachi,Karachi South,2024-09-07,2024,9,26-35
3015,44,Female,Karachi,Malir,2024-12-22,2024,12,36-45
3016,24,Male,Karachi,Karachi East,2024-04-30,2024,4,18-25
3017,30,Male,Karachi,Keamari,2024-07-29,2024,7,26-35
3018,29,Female,Karachi,Karachi South,2024-03-14,2024,3,26-35
3019,60,Female,Karachi,Malir,2024-08-09,2024,8,56+
3020,65,Female,Karachi,Korangi,2025-05-01,2025,5,56+
3021,41,Female,Karachi,Karachi South,2025-06-09,2025,6,36-45
3022,32,Female,Karachi,Karachi South,2024-05-17,2024,5,26-35
3023,52,Male,Karachi,Karachi West,2024-06-06,2024,6,46-55
3024,23,Female,Karachi,Karachi Central,2024-09-27,2024,9,18-25
3025,50,Female,Karachi,Karachi West,2025-09-21,2025,9,46-55
3026,65,Female,Karachi,Keamari,2024-05-16,2024,5,56+
3027,59,Male,Karachi,Karachi East,2025-05-18,2025,5,56+
3028,28,Female,Karachi,Karachi East,2025-12-13,2025,12,26-35
3029,43,Male,Karachi,Karachi East,2025-03-16,2025,3,36-45
3030,24,Male,Karachi,Korangi,2025-12-19,2025,12,18-25
3031,64,Female,Karachi,Keamari,2024-11-01,2024,11,56+
3032,35,Female,Karachi,Karachi Central,2024-05-28,2024,5,26-35
3033,63,Male,Karachi,Malir,2025-12-16,2025,12,56+
3034,46,Male,Karachi,Karachi South,2025-04-08,2025,4,46-55
3035,43,Female,Karachi,Keamari,2024-11-27,2024,11,36-45
3036,51,Female,Karachi,Keamari,2024-09-13,2024,9,46-55
3037,45,Male,Karachi,Keamari,2024-12-31,2024,12,36-45
3038,65,Female,Karachi,Karachi West,2025-03-17,2025,3,56+
3039,37,Male,Karachi,Malir,2025-01-28,2025,1,36-45
3040,20,Female,Karachi,Karachi West,2024-03-24,2024,3,18-25
3041,56,Male,Karachi,Karachi Central,2024-04-22,2024,4,56+
3042,21,Female,Karachi,Keamari,2025-12-22,2025,12,18-25
3043,26,Female,Karachi,Keamari,2024-12-29,2024,12,26-35
3044,23,Male,Karachi,Keamari,2024-07-04,2024,7,18-25
3045,52,Female,Karachi,Karachi Central,2024-07-03,2024,7,46-55
3046,29,Male,Karachi,Karachi West,2026-01-06,2026,1,26-35
3047,49,Female,Karachi,Karachi South,2024-03-29,2024,3,46-55
3048,52,Female,Karachi,Karachi South,2025-10-27,2025,10,46-55
3049,32,Male,Karachi,Karachi South,2025-03-11,2025,3,26-35
3050,51,Male,Karachi,Karachi South,2025-04-28,2025,4,46-55
3051,28,Female,Karachi,Korangi,2024-03-08,2024,3,26-35
3052,46,Female,Karachi,Karachi West,2026-01-06,2026,1,46-55
3053,56,Female,Karachi,Karachi South,2025-06-02,2025,6,56+
3054,37,Female,Karachi,Malir,2024-10-22,2024,10,36-45
3055,62,Male,Karachi,Karachi South,2026-01-03,2026,1,56+
3056,35,Female,Karachi,Korangi,2025-01-04,2025,1,26-35
3057,18,Male,Karachi,Malir,2025-05-30,2025,5,18-25
3058,20,Male,Karachi,Karachi Central,2025-12-19,2025,12,18-25
3059,26,Male,Karachi,Karachi South,2024-04-13,2024,4,26-35
3060,56,Male,Karachi,Karachi Central,2025-09-12,2025,9,56+
3061,54,Male,Karachi,Karachi West,2025-10-13,2025,10,46-55
3062,54,Male,Karachi,Karachi Central,2024-12-28,2024,12,46-55
3063,44,Female,Karachi,Karachi South,2025-07-14,2025,7,36-45
3064,46,Female,Karachi,Malir,2024-12-31,2024,12,46-55
3065,51,Female,Karachi,Malir,2025-06-22,2025,6,46-55
3066,43,Male,Karachi,Malir,2025-05-07,2025,5,36-45
3067,61,Male,Karachi,Karachi West,2025-06-13,2025,6,56+
3068,35,Female,Karachi,Karachi Central,2024-05-29,2024,5,26-35
3069,56,Male,Karachi,Keamari,2025-11-25,2025,11,56+
3070,46,Male,Karachi,Malir,2025-01-03,2025,1,46-55
3071,50,Female,Karachi,Malir,2024-10-09,2024,10,46-55
3072,50,Female,Karachi,Karachi East,2025-02-06,2025,2,46-55
3073,61,Male,Karachi,Karachi West,2025-10-06,2025,10,56+
3074,55,Male,Karachi,Karachi East,2025-01-04,2025,1,46-55
3075,23,Male,Karachi,Malir,2025-11-12,2025,11,18-25
3076,64,Male,Karachi,Karachi South,2024-04-15,2024,4,56+
3077,44,Male,Karachi,Karachi Central,2024-07-10,2024,7,36-45
3078,41,Male,Karachi,Korangi,2024-11-03,2024,11,36-45
3079,61,Male,Karachi,Karachi Central,2024-08-24,2024,8,56+
3080,25,Male,Karachi,Korangi,2024-12-20,2024,12,18-25
3081,25,Male,Karachi,Keamari,2024-03-09,2024,3,18-25
3082,65,Female,Karachi,Karachi West,2025-04-29,2025,4,56+
3083,35,Female,Karachi,Karachi West,2024-08-30,2024,8,26-35
3084,62,Male,Karachi,Karachi West,2025-03-12,2025,3,56+
3085,28,Male,Karachi,Karachi East,2024-12-18,2024,12,26-35
3086,31,Female,Karachi,Karachi East,2025-03-08,2025,3,26-35
3087,27,Female,Karachi,Malir,2024-06-14,2024,6,26-35
3088,36,Male,Karachi,Karachi East,2024-05-23,2024,5,36-45
3089,33,Female,Karachi,Karachi West,2024-04-13,2024,4,26-35
3090,59,Female,Karachi,Keamari,2025-07-02,2025,7,56+
3091,21,Male,Karachi,Karachi East,2024-11-13,2024,11,18-25
3092,65,Female,Karachi,Keamari,2025-11-07,2025,11,56+
3093,64,Male,Karachi,Keamari,2025-04-28,2025,4,56+
3094,18,Female,Karachi,Malir,2025-07-28,2025,7,18-25
3095,38,Male,Karachi,Karachi West,2024-01-17,2024,1,36-45
3096,25,Male,Karachi,Malir,2024-03-12,2024,3,18-25
3097,20,Male,Karachi,Keamari,2024-11-01,2024,11,18-25
3098,39,Female,Karachi,Karachi South,2024-07-24,2024,7,36-45
3099,62,Female,Karachi,Malir,2024-09-06,2024,9,56+
3100,56,Female,Karachi,Karachi South,2025-11-20,2025,11,56+
3101,57,Female,Karachi,Karachi South,2025-08-22,2025,8,56+
3102,31,Female,Karachi,Karachi West,2024-04-23,2024,4,26-35
3103,37,Male,Karachi,Keamari,2025-01-13,2025,1,36-45
3104,23,Male,Karachi,Karachi South,2024-09-14,2024,9,18-25
3105,61,Male,Karachi,Karachi East,2025-08-31,2025,8,56+
3106,28,Female,Karachi,Karachi South,2025-03-03,2025,3,26-35
3107,23,Female,Karachi,Karachi East,2025-09-25,2025,9,18-25
3108,65,Female,Karachi,Korangi,2024-03-26,2024,3,56+
3109,39,Female,Karachi,Malir,2024-05-12,2024,5,36-45
3110,61,Female,Karachi,Keamari,2024-09-02,2024,9,56+
3111,25,Female,Karachi,Karachi West,2025-07-12,2025,7,18-25
3112,62,Male,Karachi,Keamari,2025-05-16,2025,5,56+
3113,52,Male,Karachi,Keamari,2025-08-11,2025,8,46-55
3114,49,Male,Karachi,Karachi South,2025-12-20,2025,12,46-55
3115,35,Male,Karachi,Karachi East,2025-10-19,2025,10,26-35
3116,44,Male,Karachi,Karachi West,2025-09-01,2025,9,36-45
3117,65,Female,Karachi,Karachi East,2024-08-15,2024,8,56+
3118,59,Male,Karachi,Karachi West,2024-03-28,2024,3,56+
3119,37,Male,Karachi,Korangi,2024-07-19,2024,7,36-45
3120,20,Female,Karachi,Karachi East,2025-05-28,2025,5,18-25
3121,61,Male,Karachi,Karachi East,2025-09-08,2025,9,56+
3122,46,Female,Karachi,Karachi East,2025-05-08,2025,5,46-55
3123,53,Male,Karachi,Korangi,2024-03-07,2024,3,46-55
3124,54,Female,Karachi,Keamari,2024-08-29,2024,8,46-55
3125,33,Female,Karachi,Korangi,2024-03-14,2024,3,26-35
3126,50,Male,Karachi,Karachi Central,2025-07-08,2025,7,46-55
3127,19,Male,Karachi,Karachi Central,2025-09-10,2025,9,18-25
3128,21,Female,Karachi,Keamari,2025-05-09,2025,5,18-25
3129,55,Female,Karachi,Karachi Central,2025-09-26,2025,9,46-55
3130,52,Female,Karachi,Korangi,2024-05-31,2024,5,46-55
3131,18,Female,Karachi,Karachi South,2024-09-05,2024,9,18-25
3132,21,Male,Karachi,Korangi,2024-08-31,2024,8,18-25
3133,22,Male,Karachi,Korangi,2025-06-21,2025,6,18-25
3134,57,Female,Karachi,Keamari,2024-09-16,2024,9,56+
3135,56,Female,Karachi,Karachi Central,2025-06-30,2025,6,56+
3136,59,Female,Karachi,Keamari,2024-07-05,2024,7,56+
3137,40,Female,Karachi,Keamari,2025-09-13,2025,9,36-45
3138,59,Female,Karachi,Karachi South,2025-11-19,2025,11,56+
3139,62,Male,Karachi,Korangi,2025-11-07,2025,11,56+
3140,24,Female,Karachi,Karachi South,2024-09-20,2024,9,18-25
3141,46,Female,Karachi,Karachi South,2025-05-30,2025,5,46-55
3142,27,Male,Karachi,Malir,2024-05-19,2024,5,26-35
3143,47,Female,Karachi,Keamari,2024-01-16,2024,1,46-55
3144,27,Male,Karachi,Malir,2024-02-08,2024,2,26-35
3145,60,Male,Karachi,Karachi East,2024-11-14,2024,11,56+
3146,51,Male,Karachi,Keamari,2024-10-15,2024,10,46-55
3147,33,Male,Karachi,Korangi,2024-02-16,2024,2,26-35
3148,29,Male,Karachi,Karachi Central,2025-04-23,2025,4,26-35
3149,59,Female,Karachi,Korangi,2026-01-06,2026,1,56+
3150,56,Male,Karachi,Keamari,2024-08-10,2024,8,56+
3151,42,Female,Karachi,Keamari,2024-10-22,2024,10,36-45
3152,21,Female,Karachi,Karachi East,2024-11-06,2024,11,18-25
3153,23,Female,Karachi,Karachi South,2025-10-11,2025,10,18-25
3154,54,Female,Karachi,Karachi South,2024-09-22,2024,9,46-55
3155,39,Male,Karachi,Korangi,2024-07-08,2024,7,36-45
3156,62,Male,Karachi,Korangi,2024-10-09,2024,10,56+
3157,41,Female,Karachi,Karachi Central,2025-12-24,2025,12,36-45
3158,58,Female,Karachi,Karachi Central,2025-02-26,2025,2,56+
3159,54,Male,Karachi,Korangi,2025-03-27,2025,3,46-55
3160,38,Female,Karachi,Korangi,2024-07-03,2024,7,36-45
3161,31,Female,Karachi,Korangi,2025-04-27,2025,4,26-35
3162,36,Male,Karachi,Karachi East,2024-11-14,2024,11,36-45
3163,33,Female,Karachi,Karachi East,2024-08-14,2024,8,26-35
3164,49,Male,Karachi,Karachi East,2024-04-10,2024,4,46-55
3165,48,Female,Karachi,Karachi East,2024-11-25,2024,11,46-55
3166,63,Female,Karachi,Keamari,2024-04-08,2024,4,56+
3167,37,Male,Karachi,Karachi South,2024-08-05,2024,8,36-45
3168,64,Male,Karachi,Karachi Central,2025-07-07,2025,7,56+
3169,64,Male,Karachi,Malir,2024-12-20,2024,12,56+
3170,48,Male,Karachi,Malir,2025-10-02,2025,10,46-55
3171,46,Female,Karachi,Karachi West,2024-01-28,2024,1,46-55
3172,19,Male,Karachi,Karachi West,2025-05-26,2025,5,18-25
3173,40,Female,Karachi,Korangi,2024-05-21,2024,5,36-45
3174,28,Male,Karachi,Karachi East,2024-10-25,2024,10,26-35
3175,55,Female,Karachi,Keamari,2024-12-29,2024,12,46-55
3176,37,Female,Karachi,Karachi South,2024-12-12,2024,12,36-45
3177,58,Female,Karachi,Karachi West,2025-08-31,2025,8,56+
3178,24,Male,Karachi,Karachi Central,2025-03-30,2025,3,18-25
3179,24,Male,Karachi,Karachi South,2025-02-24,2025,2,18-25
3180,39,Male,Karachi,Keamari,2024-01-09,2024,1,36-45
3181,30,Male,Karachi,Karachi Central,2025-12-20,2025,12,26-35
3182,62,Male,Karachi,Karachi Central,2025-01-04,2025,1,56+
3183,56,Female,Karachi,Malir,2024-11-13,2024,11,56+
3184,31,Male,Karachi,Karachi South,2025-01-24,2025,1,26-35
3185,26,Female,Karachi,Karachi West,2025-01-03,2025,1,26-35
3186,61,Female,Karachi,Karachi East,2024-10-26,2024,10,56+
3187,18,Male,Karachi,Karachi South,2025-05-21,2025,5,18-25
3188,32,Female,Karachi,Keamari,2025-06-26,2025,6,26-35
3189,55,Male,Karachi,Karachi Central,2024-09-30,2024,9,46-55
3190,29,Male,Karachi,Karachi West,2025-12-15,2025,12,26-35
3191,29,Female,Karachi,Karachi East,2024-03-21,2024,3,26-35
3192,19,Male,Karachi,Karachi Central,2024-08-27,2024,8,18-25
3193,64,Female,Karachi,Karachi South,2025-05-10,2025,5,56+
3194,56,Female,Karachi,Karachi East,2024-05-25,2024,5,56+
3195,47,Male,Karachi,Korangi,2024-12-09,2024,12,46-55
3196,41,Female,Karachi,Korangi,2025-11-19,2025,11,36-45
3197,55,Male,Karachi,Malir,2025-03-05,2025,3,46-55
3198,60,Female,Karachi,Keamari,2025-02-11,2025,2,56+
3199,33,Male,Karachi,Keamari,2025-04-27,2025,4,26-35
3200,23,Male,Karachi,Karachi Central,2025-04-09,2025,4,18-25
3201,50,Male,Karachi,Karachi Central,2025-09-14,2025,9,46-55
3202,33,Female,Karachi,Karachi Central,2024-10-09,2024,10,26-35
3203,36,Female,Karachi,Karachi South,2024-11-05,2024,11,36-45
3204,31,Female,Karachi,Keamari,2025-03-07,2025,3,26-35
3205,55,Male,Karachi,Karachi Central,2024-03-18,2024,3,46-55
3206,25,Male,Karachi,Karachi West,2024-08-02,2024,8,18-25
3207,53,Female,Karachi,Karachi Central,2024-09-10,2024,9,46-55
3208,29,Male,Karachi,Karachi Central,2025-02-02,2025,2,26-35
3209,21,Female,Karachi,Malir,2025-01-15,2025,1,18-25
3210,51,Female,Karachi,Karachi West,2025-09-08,2025,9,46-55
3211,53,Male,Karachi,Karachi Central,2025-05-06,2025,5,46-55
3212,61,Male,Karachi,Korangi,2025-09-03,2025,9,56+
3213,62,Female,Karachi,Korangi,2025-11-18,2025,11,56+
3214,28,Male,Karachi,Malir,2025-06-24,2025,6,26-35
3215,40,Male,Karachi,Karachi West,2024-10-08,2024,10,36-45
3216,52,Female,Karachi,Karachi Central,2024-03-25,2024,3,46-55
3217,45,Female,Karachi,Karachi West,2024-12-14,2024,12,36-45
3218,63,Male,Karachi,Karachi East,2024-03-09,2024,3,56+
3219,51,Female,Karachi,Korangi,2024-09-30,2024,9,46-55
3220,57,Male,Karachi,Korangi,2025-09-07,2025,9,56+
3221,48,Female,Karachi,Malir,2024-03-26,2024,3,46-55
3222,33,Male,Karachi,Keamari,2024-07-05,2024,7,26-35
3223,43,Male,Karachi,Malir,2025-03-31,2025,3,36-45
3224,33,Male,Karachi,Karachi East,2025-07-17,2025,7,26-35
3225,31,Female,Karachi,Malir,2025-12-04,2025,12,26-35
3226,49,Female,Karachi,Karachi Central,2024-08-07,2024,8,46-55
3227,47,Female,Karachi,Karachi West,2025-05-10,2025,5,46-55
3228,43,Male,Karachi,Keamari,2025-08-25,2025,8,36-45
3229,44,Female,Karachi,Karachi Central,2025-05-19,2025,5,36-45
3230,40,Male,Karachi,Karachi Central,2025-07-05,2025,7,36-45
3231,33,Male,Karachi,Keamari,2024-07-31,2024,7,26-35
3232,51,Female,Karachi,Malir,2024-04-08,2024,4,46-55
3233,31,Female,Karachi,Korangi,2025-06-17,2025,6,26-35
3234,38,Female,Karachi,Karachi East,2024-01-13,2024,1,36-45
3235,56,Female,Karachi,Malir,2025-09-15,2025,9,56+
3236,52,Female,Karachi,Karachi West,2024-02-08,2024,2,46-55
3237,18,Male,Karachi,Malir,2024-09-19,2024,9,18-25
3238,22,Female,Karachi,Keamari,2025-12-24,2025,12,18-25
3239,31,Female,Karachi,Karachi East,2024-01-08,2024,1,26-35
3240,24,Male,Karachi,Karachi South,2024-04-17,2024,4,18-25
3241,53,Female,Karachi,Karachi West,2025-06-12,2025,6,46-55
3242,39,Male,Karachi,Karachi South,2025-06-12,2025,6,36-45
3243,53,Male,Karachi,Keamari,2024-12-26,2024,12,46-55
3244,58,Female,Karachi,Keamari,2025-08-04,2025,8,56+
3245,52,Female,Karachi,Karachi West,2025-04-28,2025,4,46-55
3246,48,Male,Karachi,Karachi East,2024-12-11,2024,12,46-55
3247,60,Female,Karachi,Karachi East,2025-05-23,2025,5,56+
3248,26,Female,Karachi,Malir,2025-12-29,2025,12,26-35
3249,20,Male,Karachi,Karachi East,2025-03-13,2025,3,18-25
3250,39,Female,Karachi,Malir,2025-09-13,2025,9,36-45
3251,53,Female,Karachi,Karachi South,2025-02-28,2025,2,46-55
3252,39,Female,Karachi,Karachi East,2024-01-08,2024,1,36-45
3253,53,Female,Karachi,Karachi East,2024-05-11,2024,5,46-55
3254,49,Male,Karachi,Korangi,2024-03-16,2024,3,46-55
3255,52,Male,Karachi,Malir,2025-03-21,2025,3,46-55
3256,48,Male,Karachi,Malir,2024-07-29,2024,7,46-55
3257,33,Male,Karachi,Malir,2025-12-11,2025,12,26-35
3258,55,Male,Karachi,Karachi South,2024-02-01,2024,2,46-55
3259,37,Male,Karachi,Karachi West,2025-12-11,2025,12,36-45
3260,32,Female,Karachi,Karachi Central,2024-11-10,2024,11,26-35
3261,43,Male,Karachi,Karachi South,2025-09-14,2025,9,36-45
3262,35,Male,Karachi,Karachi Central,2024-10-26,2024,10,26-35
3263,37,Male,Karachi,Korangi,2024-01-12,2024,1,36-45
3264,36,Female,Karachi,Karachi South,2025-04-05,2025,4,36-45
3265,25,Male,Karachi,Malir,2025-11-06,2025,11,18-25
3266,62,Male,Karachi,Malir,2024-11-26,2024,11,56+
3267,47,Male,Karachi,Malir,2025-08-20,2025,8,46-55
3268,65,Female,Karachi,Malir,2025-11-09,2025,11,56+
3269,43,Male,Karachi,Malir,2025-03-10,2025,3,36-45
3270,29,Male,Karachi,Karachi Central,2025-06-11,2025,6,26-35
3271,39,Male,Karachi,Karachi Central,2025-02-25,2025,2,36-45
3272,38,Female,Karachi,Karachi East,2025-09-16,2025,9,36-45
3273,58,Female,Karachi,Malir,2025-03-25,2025,3,56+
3274,26,Male,Karachi,Karachi West,2025-03-27,2025,3,26-35
3275,54,Male,Karachi,Keamari,2024-06-19,2024,6,46-55
3276,27,Male,Karachi,Karachi West,2024-12-03,2024,12,26-35
3277,63,Female,Karachi,Karachi East,2024-04-22,2024,4,56+
3278,31,Male,Karachi,Malir,2024-03-13,2024,3,26-35
3279,62,Female,Karachi,Karachi Central,2024-01-30,2024,1,56+
3280,44,Female,Karachi,Karachi West,2024-10-20,2024,10,36-45
3281,40,Male,Karachi,Karachi South,2025-04-16,2025,4,36-45
3282,48,Male,Karachi,Karachi West,2025-07-11,2025,7,46-55
3283,33,Female,Karachi,Karachi South,2025-05-24,2025,5,26-35
3284,26,Male,Karachi,Karachi East,2025-03-22,2025,3,26-35
3285,33,Female,Karachi,Karachi South,2024-12-20,2024,12,26-35
3286,47,Female,Karachi,Karachi Central,2024-04-16,2024,4,46-55
3287,25,Female,Karachi,Karachi East,2025-11-11,2025,11,18-25
3288,55,Male,Karachi,Malir,2024-06-10,2024,6,46-55
3289,53,Male,Karachi,Karachi West,2025-06-12,2025,6,46-55
3290,48,Female,Karachi,Karachi South,2024-08-03,2024,8,46-55
3291,38,Female,Karachi,Karachi Central,2024-09-15,2024,9,36-45
3292,41,Male,Karachi,Malir,2024-12-21,2024,12,36-45
3293,39,Female,Karachi,Korangi,2025-05-03,2025,5,36-45
3294,54,Male,Karachi,Karachi West,2024-05-07,2024,5,46-55
3295,43,Male,Karachi,Korangi,2024-08-15,2024,8,36-45
3296,55,Male,Karachi,Malir,2024-03-26,2024,3,46-55
3297,25,Female,Karachi,Karachi South,2025-05-11,2025,5,18-25
3298,22,Female,Karachi,Karachi Central,2025-09-21,2025,9,18-25
3299,45,Female,Karachi,Korangi,2025-07-24,2025,7,36-45
3300,63,Male,Karachi,Karachi East,2024-03-04,2024,3,56+
3301,60,Female,Karachi,Malir,2024-03-29,2024,3,56+
3302,18,Male,Karachi,Karachi West,2025-01-18,2025,1,18-25
3303,43,Female,Karachi,Keamari,2025-09-20,2025,9,36-45
3304,44,Female,Karachi,Karachi East,2024-05-18,2024,5,36-45
3305,31,Male,Karachi,Karachi South,2024-01-23,2024,1,26-35
3306,33,Male,Karachi,Keamari,2024-04-22,2024,4,26-35
3307,65,Male,Karachi,Karachi West,2025-12-22,2025,12,56+
3308,64,Female,Karachi,Karachi East,2025-03-16,2025,3,56+
3309,31,Male,Karachi,Karachi Central,2024-10-06,2024,10,26-35
3310,51,Male,Karachi,Karachi East,2025-08-20,2025,8,46-55
3311,65,Male,Karachi,Malir,2025-03-27,2025,3,56+
3312,60,Female,Karachi,Malir,2025-07-10,2025,7,56+
3313,63,Male,Karachi,Keamari,2024-07-27,2024,7,56+
3314,62,Male,Karachi,Karachi West,2025-08-15,2025,8,56+
3315,61,Male,Karachi,Malir,2024-09-09,2024,9,56+
3316,57,Male,Karachi,Karachi West,2025-08-12,2025,8,56+
3317,42,Female,Karachi,Keamari,2025-12-07,2025,12,36-45
3318,35,Female,Karachi,Korangi,2024-10-17,2024,10,26-35
3319,24,Male,Karachi,Karachi East,2025-03-13,2025,3,18-25
3320,18,Female,Karachi,Karachi West,2025-12-24,2025,12,18-25
3321,24,Male,Karachi,Karachi Central,2025-09-02,2025,9,18-25
3322,33,Male,Karachi,Karachi Central,2024-03-23,2024,3,26-35
3323,46,Female,Karachi,Karachi South,2025-05-30,2025,5,46-55
3324,32,Female,Karachi,Keamari,2024-07-08,2024,7,26-35
3325,28,Male,Karachi,Karachi South,2024-01-10,2024,1,26-35
3326,47,Female,Karachi,Malir,2025-01-31,2025,1,46-55
3327,18,Male,Karachi,Karachi Central,2024-05-28,2024,5,18-25
3328,43,Female,Karachi,Karachi South,2025-07-23,2025,7,36-45
3329,18,Female,Karachi,Karachi East,2025-03-09,2025,3,18-25
3330,49,Male,Karachi,Karachi East,2024-05-09,2024,5,46-55
3331,32,Male,Karachi,Karachi West,2024-05-12,2024,5,26-35
3332,19,Male,Karachi,Malir,2024-09-12,2024,9,18-25
3333,35,Female,Karachi,Karachi South,2025-07-09,2025,7,26-35
3334,41,Male,Karachi,Karachi East,2024-07-10,2024,7,36-45
3335,32,Male,Karachi,Karachi Central,2024-09-05,2024,9,26-35
3336,50,Female,Karachi,Keamari,2024-07-08,2024,7,46-55
3337,36,Male,Karachi,Malir,2025-12-11,2025,12,36-45
3338,22,Male,Karachi,Karachi South,2025-04-14,2025,4,18-25
3339,32,Female,Karachi,Karachi South,2024-12-27,2024,12,26-35
3340,62,Male,Karachi,Karachi South,2025-06-05,2025,6,56+
3341,18,Female,Karachi,Karachi Central,2025-11-29,2025,11,18-25
3342,48,Female,Karachi,Karachi South,2025-11-27,2025,11,46-55
3343,24,Female,Karachi,Karachi West,2024-02-11,2024,2,18-25
3344,26,Male,Karachi,Karachi West,2025-10-09,2025,10,26-35
3345,38,Male,Karachi,Korangi,2024-10-17,2024,10,36-45
3346,27,Female,Karachi,Korangi,2025-12-19,2025,12,26-35
3347,57,Female,Karachi,Karachi West,2025-06-23,2025,6,56+
3348,64,Female,Karachi,Karachi East,2024-12-17,2024,12,56+
3349,56,Female,Karachi,Karachi Central,2025-11-23,2025,11,56+
3350,34,Female,Karachi,Keamari,2025-09-20,2025,9,26-35
3351,46,Male,Karachi,Karachi South,2025-05-25,2025,5,46-55
3352,47,Male,Karachi,Korangi,2024-07-09,2024,7,46-55
3353,36,Female,Karachi,Karachi South,2024-10-12,2024,10,36-45
3354,53,Male,Karachi,Karachi Central,2025-08-17,2025,8,46-55
3355,26,Female,Karachi,Karachi Central,2025-03-30,2025,3,26-35
3356,30,Male,Karachi,Karachi West,2024-03-02,2024,3,26-35
3357,55,Male,Karachi,Karachi East,2025-03-30,2025,3,46-55
3358,46,Female,Karachi,Korangi,2025-11-04,2025,11,46-55
3359,32,Male,Karachi,Karachi South,2024-03-16,2024,3,26-35
3360,36,Male,Karachi,Korangi,2025-02-13,2025,2,36-45
3361,58,Male,Karachi,Karachi East,2025-04-01,2025,4,56+
3362,45,Male,Karachi,Karachi South,2025-07-03,2025,7,36-45
3363,59,Female,Karachi,Keamari,2024-12-13,2024,12,56+
3364,53,Male,Karachi,Korangi,2025-09-19,2025,9,46-55
3365,24,Male,Karachi,Korangi,2024-05-21,2024,5,18-25
3366,37,Male,Karachi,Karachi South,2025-07-15,2025,7,36-45
3367,57,Male,Karachi,Korangi,2025-02-08,2025,2,56+
3368,19,Female,Karachi,Keamari,2025-03-10,2025,3,18-25
3369,28,Male,Karachi,Korangi,2025-02-06,2025,2,26-35
3370,45,Male,Karachi,Karachi South,2025-05-09,2025,5,36-45
3371,48,Male,Karachi,Karachi South,2025-09-08,2025,9,46-55
3372,29,Female,Karachi,Malir,2024-07-09,2024,7,26-35
3373,25,Male,Karachi,Karachi West,2024-05-29,2024,5,18-25
3374,37,Male,Karachi,Karachi West,2024-07-01,2024,7,36-45
3375,33,Female,Karachi,Keamari,2024-09-06,2024,9,26-35
3376,63,Female,Karachi,Karachi West,2024-09-28,2024,9,56+
3377,65,Female,Karachi,Korangi,2025-09-12,2025,9,56+
3378,18,Female,Karachi,Karachi Central,2024-12-19,2024,12,18-25
3379,65,Female,Karachi,Karachi South,2025-12-21,2025,12,56+
3380,41,Female,Karachi,Karachi East,2025-08-26,2025,8,36-45
3381,44,Male,Karachi,Karachi East,2024-02-19,2024,2,36-45
3382,23,Female,Karachi,Korangi,2025-06-12,2025,6,18-25
3383,32,Male,Karachi,Karachi South,2025-08-21,2025,8,26-35
3384,34,Female,Karachi,Karachi East,2024-03-28,2024,3,26-35
3385,22,Male,Karachi,Karachi East,2025-11-13,2025,11,18-25
3386,25,Male,Karachi,Keamari,2025-02-19,2025,2,18-25
3387,61,Female,Karachi,Keamari,2024-05-30,2024,5,56+
3388,65,Female,Karachi,Karachi West,2024-08-28,2024,8,56+
3389,28,Male,Karachi,Karachi Central,2025-05-11,2025,5,26-35
3390,33,Female,Karachi,Malir,2025-07-04,2025,7,26-35
3391,18,Female,Karachi,Karachi East,2024-05-20,2024,5,18-25
3392,19,Female,Karachi,Karachi Central,2025-03-14,2025,3,18-25
3393,54,Male,Karachi,Malir,2025-08-09,2025,8,46-55
3394,62,Female,Karachi,Karachi East,2025-05-26,2025,5,56+
3395,65,Female,Karachi,Keamari,2025-03-13,2025,3,56+
3396,24,Female,Karachi,Keamari,2025-01-05,2025,1,18-25
3397,35,Male,Karachi,Karachi East,2024-02-25,2024,2,26-35
3398,44,Male,Karachi,Karachi Central,2024-11-08,2024,11,36-45
3399,55,Female,Karachi,Korangi,2025-09-09,2025,9,46-55
3400,28,Male,Karachi,Karachi Central,2025-11-11,2025,11,26-35
3401,61,Female,Karachi,Keamari,2024-09-29,2024,9,56+
3402,33,Female,Karachi,Karachi Central,2024-10-30,2024,10,26-35
3403,26,Female,Karachi,Karachi East,2024-10-15,2024,10,26-35
3404,48,Female,Karachi,Karachi South,2024-09-12,2024,9,46-55
3405,57,Male,Karachi,Keamari,2024-03-15,2024,3,56+
3406,33,Male,Karachi,Karachi South,2025-03-09,2025,3,26-35
3407,30,Male,Karachi,Korangi,2024-02-20,2024,2,26-35
3408,24,Female,Karachi,Karachi West,2024-09-19,2024,9,18-25
3409,58,Female,Karachi,Malir,2025-03-15,2025,3,56+
3410,29,Male,Karachi,Korangi,2025-03-05,2025,3,26-35
3411,26,Female,Karachi,Malir,2025-07-03,2025,7,26-35
3412,42,Female,Karachi,Keamari,2025-10-03,2025,10,36-45
3413,35,Female,Karachi,Keamari,2024-04-02,2024,4,26-35
3414,24,Male,Karachi,Karachi West,2025-02-21,2025,2,18-25
3415,41,Male,Karachi,Karachi West,2024-10-05,2024,10,36-45
3416,48,Female,Karachi,Karachi Central,2025-10-16,2025,10,46-55
3417,55,Female,Karachi,Keamari,2025-09-06,2025,9,46-55
3418,38,Female,Karachi,Keamari,2024-11-09,2024,11,36-45
3419,59,Female,Karachi,Keamari,2024-07-16,2024,7,56+
3420,65,Male,Karachi,Karachi South,2024-10-02,2024,10,56+
3421,54,Male,Karachi,Karachi West,2024-09-28,2024,9,46-55
3422,55,Male,Karachi,Karachi East,2024-04-10,2024,4,46-55
3423,19,Female,Karachi,Karachi Central,2026-01-06,2026,1,18-25
3424,45,Female,Karachi,Malir,2025-04-11,2025,4,36-45
3425,52,Male,Karachi,Malir,2024-10-02,2024,10,46-55
3426,47,Female,Karachi,Karachi West,2025-02-04,2025,2,46-55
3427,36,Male,Karachi,Keamari,2025-03-22,2025,3,36-45
3428,29,Male,Karachi,Keamari,2024-12-22,2024,12,26-35
3429,62,Male,Karachi,Karachi South,2025-10-23,2025,10,56+
3430,27,Male,Karachi,Karachi Central,2024-02-28,2024,2,26-35
3431,51,Female,Karachi,Karachi South,2025-03-21,2025,3,46-55
3432,44,Male,Karachi,Malir,2025-08-13,2025,8,36-45
3433,30,Female,Karachi,Karachi Central,2025-05-01,2025,5,26-35
3434,59,Male,Karachi,Korangi,2025-04-23,2025,4,56+
3435,51,Male,Karachi,Malir,2025-12-29,2025,12,46-55
3436,29,Female,Karachi,Karachi Central,2025-04-25,2025,4,26-35
3437,22,Female,Karachi,Karachi Central,2025-05-01,2025,5,18-25
3438,53,Male,Karachi,Karachi West,2024-08-30,2024,8,46-55
3439,51,Female,Karachi,Karachi Central,2025-12-18,2025,12,46-55
3440,26,Male,Karachi,Keamari,2025-12-19,2025,12,26-35
3441,35,Female,Karachi,Karachi West,2025-07-17,2025,7,26-35
3442,43,Female,Karachi,Malir,2024-12-30,2024,12,36-45
3443,41,Male,Karachi,Karachi Central,2025-03-26,2025,3,36-45
3444,51,Male,Karachi,Keamari,2024-11-04,2024,11,46-55
3445,47,Female,Karachi,Korangi,2025-08-06,2025,8,46-55
3446,49,Female,Karachi,Karachi Central,2025-10-06,2025,10,46-55
3447,22,Male,Karachi,Karachi South,2024-02-15,2024,2,18-25
3448,60,Male,Karachi,Korangi,2025-08-01,2025,8,56+
3449,56,Female,Karachi,Karachi West,2024-06-15,2024,6,56+
3450,43,Male,Karachi,Karachi East,2024-12-27,2024,12,36-45
3451,46,Male,Karachi,Karachi Central,2024-12-09,2024,12,46-55
3452,52,Male,Karachi,Karachi Central,2024-10-06,2024,10,46-55
3453,40,Female,Karachi,Karachi South,2025-03-26,2025,3,36-45
3454,53,Male,Karachi,Korangi,2024-05-24,2024,5,46-55
3455,50,Male,Karachi,Karachi West,2025-10-17,2025,10,46-55
3456,18,Female,Karachi,Malir,2025-09-04,2025,9,18-25
3457,22,Male,Karachi,Keamari,2025-12-22,2025,12,18-25
3458,23,Female,Karachi,Karachi East,2025-09-13,2025,9,18-25
3459,54,Female,Karachi,Karachi South,2024-02-15,2024,2,46-55
3460,19,Female,Karachi,Karachi East,2024-02-12,2024,2,18-25
3461,33,Male,Karachi,Karachi South,2025-10-24,2025,10,26-35
3462,31,Male,Karachi,Karachi West,2024-02-14,2024,2,26-35
3463,20,Female,Karachi,Karachi South,2025-12-04,2025,12,18-25
3464,61,Male,Karachi,Karachi East,2024-01-24,2024,1,56+
3465,64,Male,Karachi,Korangi,2024-08-17,2024,8,56+
3466,63,Female,Karachi,Karachi East,2025-12-23,2025,12,56+
3467,42,Male,Karachi,Malir,2024-03-31,2024,3,36-45
3468,26,Female,Karachi,Malir,2025-04-15,2025,4,26-35
3469,19,Male,Karachi,Karachi West,2025-12-03,2025,12,18-25
3470,34,Male,Karachi,Karachi Central,2025-06-14,2025,6,26-35
3471,33,Male,Karachi,Karachi South,2025-11-19,2025,11,26-35
3472,19,Female,Karachi,Karachi Central,2024-09-20,2024,9,18-25
3473,57,Female,Karachi,Karachi Central,2025-12-21,2025,12,56+
3474,37,Female,Karachi,Karachi West,2025-01-05,2025,1,36-45
3475,61,Male,Karachi,Karachi Central,2024-01-19,2024,1,56+
3476,41,Male,Karachi,Keamari,2024-06-01,2024,6,36-45
3477,25,Male,Karachi,Keamari,2024-07-17,2024,7,18-25
3478,63,Male,Karachi,Karachi South,2024-06-24,2024,6,56+
3479,24,Male,Karachi,Karachi Central,2024-02-29,2024,2,18-25
3480,29,Female,Karachi,Malir,2025-08-01,2025,8,26-35
3481,54,Female,Karachi,Korangi,2024-02-18,2024,2,46-55
3482,57,Male,Karachi,Karachi South,2024-09-03,2024,9,56+
3483,20,Male,Karachi,Karachi East,2025-02-23,2025,2,18-25
3484,65,Male,Karachi,Keamari,2024-07-21,2024,7,56+
3485,23,Male,Karachi,Keamari,2024-10-23,2024,10,18-25
3486,57,Male,Karachi,Karachi East,2025-07-10,2025,7,56+
3487,57,Male,Karachi,Keamari,2024-07-01,2024,7,56+
3488,26,Male,Karachi,Karachi West,2024-02-08,2024,2,26-35
3489,36,Female,Karachi,Malir,2024-04-24,2024,4,36-45
3490,43,Female,Karachi,Malir,2024-08-24,2024,8,36-45
3491,34,Female,Karachi,Karachi West,2025-03-29,2025,3,26-35
3492,21,Male,Karachi,Malir,2026-01-04,2026,1,18-25
3493,41,Male,Karachi,Korangi,2024-05-18,2024,5,36-45
3494,47,Male,Karachi,Karachi East,2025-03-30,2025,3,46-55
3495,47,Male,Karachi,Karachi Central,2024-01-18,2024,1,46-55
3496,38,Female,Karachi,Malir,2025-10-07,2025,10,36-45
3497,45,Male,Karachi,Keamari,2025-05-27,2025,5,36-45
3498,25,Male,Karachi,Karachi South,2025-11-02,2025,11,18-25
3499,57,Female,Karachi,Karachi East,2024-09-12,2024,9,56+
3500,50,Male,Karachi,Korangi,2024-11-30,2024,11,46-55
3501,51,Male,Karachi,Korangi,2025-11-22,2025,11,46-55
3502,41,Female,Karachi,Karachi West,2026-01-02,2026,1,36-45
3503,64,Male,Karachi,Karachi West,2025-06-03,2025,6,56+
3504,50,Female,Karachi,Keamari,2024-02-17,2024,2,46-55
3505,22,Female,Karachi,Malir,2024-04-12,2024,4,18-25
3506,51,Female,Karachi,Karachi East,2025-02-06,2025,2,46-55
3507,62,Male,Karachi,Karachi South,2024-01-18,2024,1,56+
3508,38,Male,Karachi,Karachi South,2024-03-19,2024,3,36-45
3509,34,Female,Karachi,Malir,2025-12-08,2025,12,26-35
3510,23,Female,Karachi,Karachi East,2025-01-24,2025,1,18-25
3511,43,Female,Karachi,Karachi South,2025-12-29,2025,12,36-45
3512,39,Male,Karachi,Keamari,2025-10-10,2025,10,36-45
3513,24,Male,Karachi,Keamari,2024-09-20,2024,9,18-25
3514,55,Female,Karachi,Keamari,2025-12-03,2025,12,46-55
3515,59,Female,Karachi,Karachi South,2024-09-10,2024,9,56+
3516,61,Male,Karachi,Keamari,2024-05-25,2024,5,56+
3517,37,Female,Karachi,Karachi Central,2024-05-13,2024,5,36-45
3518,53,Female,Karachi,Karachi East,2024-06-03,2024,6,46-55
3519,58,Female,Karachi,Korangi,2024-08-31,2024,8,56+
3520,49,Male,Karachi,Korangi,2024-08-14,2024,8,46-55
3521,43,Female,Karachi,Karachi West,2024-11-05,2024,11,36-45
3522,43,Female,Karachi,Karachi Central,2025-08-04,2025,8,36-45
3523,46,Male,Karachi,Karachi West,2024-02-04,2024,2,46-55
3524,63,Female,Karachi,Karachi Central,2025-03-03,2025,3,56+
3525,63,Female,Karachi,Karachi Central,2024-10-02,2024,10,56+
3526,19,Female,Karachi,Karachi South,2025-01-31,2025,1,18-25
3527,28,Female,Karachi,Korangi,2025-02-12,2025,2,26-35
3528,57,Female,Karachi,Korangi,2024-09-26,2024,9,56+
3529,29,Male,Karachi,Karachi West,2025-03-26,2025,3,26-35
3530,38,Male,Karachi,Korangi,2024-06-18,2024,6,36-45
3531,33,Female,Karachi,Karachi West,2024-06-01,2024,6,26-35
3532,36,Female,Karachi,Karachi East,2024-08-04,2024,8,36-45
3533,20,Female,Karachi,Korangi,2024-08-19,2024,8,18-25
3534,25,Male,Karachi,Karachi Central,2024-06-14,2024,6,18-25
3535,23,Female,Karachi,Karachi South,2025-12-04,2025,12,18-25
3536,23,Female,Karachi,Korangi,2024-04-10,2024,4,18-25
3537,22,Male,Karachi,Karachi East,2024-01-18,2024,1,18-25
3538,49,Female,Karachi,Karachi East,2025-10-23,2025,10,46-55
3539,31,Female,Karachi,Karachi South,2024-06-28,2024,6,26-35
3540,50,Male,Karachi,Keamari,2025-01-14,2025,1,46-55
3541,18,Female,Karachi,Malir,2025-12-11,2025,12,18-25
3542,50,Female,Karachi,Karachi West,2024-10-21,2024,10,46-55
3543,38,Female,Karachi,Karachi South,2024-10-21,2024,10,36-45
3544,28,Female,Karachi,Karachi West,2025-11-21,2025,11,26-35
3545,35,Female,Karachi,Karachi East,2025-11-04,2025,11,26-35
3546,33,Female,Karachi,Karachi West,2024-05-21,2024,5,26-35
3547,20,Male,Karachi,Karachi East,2025-06-21,2025,6,18-25
3548,40,Male,Karachi,Karachi Central,2024-12-20,2024,12,36-45
3549,30,Male,Karachi,Karachi Central,2025-09-02,2025,9,26-35
3550,47,Female,Karachi,Malir,2025-02-19,2025,2,46-55
3551,39,Male,Karachi,Karachi Central,2024-11-03,2024,11,36-45
3552,25,Female,Karachi,Karachi East,2024-08-29,2024,8,18-25
3553,53,Male,Karachi,Korangi,2025-01-03,2025,1,46-55
3554,46,Female,Karachi,Karachi South,2025-12-28,2025,12,46-55
3555,65,Male,Karachi,Korangi,2025-12-12,2025,12,56+
3556,28,Female,Karachi,Karachi South,2025-08-31,2025,8,26-35
3557,43,Female,Karachi,Karachi East,2025-10-27,2025,10,36-45
3558,32,Female,Karachi,Malir,2025-12-21,2025,12,26-35
3559,55,Female,Karachi,Karachi East,2024-10-23,2024,10,46-55
3560,39,Male,Karachi,Karachi West,2025-08-12,2025,8,36-45
3561,40,Male,Karachi,Karachi South,2024-07-18,2024,7,36-45
3562,41,Female,Karachi,Malir,2025-07-17,2025,7,36-45
3563,55,Female,Karachi,Karachi Central,2025-02-14,2025,2,46-55
3564,40,Female,Karachi,Korangi,2025-02-23,2025,2,36-45
3565,39,Female,Karachi,Karachi West,2025-04-24,2025,4,36-45
3566,65,Male,Karachi,Keamari,2024-06-11,2024,6,56+
3567,27,Female,Karachi,Keamari,2024-02-03,2024,2,26-35
3568,36,Female,Karachi,Karachi South,2025-05-29,2025,5,36-45
3569,63,Male,Karachi,Karachi South,2024-06-08,2024,6,56+
3570,22,Female,Karachi,Karachi West,2025-10-27,2025,10,18-25
3571,52,Male,Karachi,Korangi,2024-11-01,2024,11,46-55
3572,64,Male,Karachi,Keamari,2024-02-18,2024,2,56+
3573,32,Male,Karachi,Keamari,2025-01-30,2025,1,26-35
3574,31,Female,Karachi,Karachi Central,2024-05-24,2024,5,26-35
3575,43,Male,Karachi,Karachi South,2024-03-16,2024,3,36-45
3576,47,Female,Karachi,Korangi,2024-09-29,2024,9,46-55
3577,26,Male,Karachi,Keamari,2024-05-11,2024,5,26-35
3578,62,Female,Karachi,Malir,2024-10-18,2024,10,56+
3579,35,Female,Karachi,Korangi,2025-07-26,2025,7,26-35
3580,44,Female,Karachi,Keamari,2025-07-10,2025,7,36-45
3581,61,Female,Karachi,Karachi East,2024-10-29,2024,10,56+
3582,33,Female,Karachi,Karachi West,2024-07-17,2024,7,26-35
3583,20,Male,Karachi,Korangi,2025-11-15,2025,11,18-25
3584,64,Male,Karachi,Karachi Central,2024-05-21,2024,5,56+
3585,42,Male,Karachi,Korangi,2024-02-16,2024,2,36-45
3586,28,Male,Karachi,Karachi West,2024-08-29,2024,8,26-35
3587,37,Male,Karachi,Malir,2025-12-08,2025,12,36-45
3588,25,Male,Karachi,Karachi West,2024-06-30,2024,6,18-25
3589,59,Male,Karachi,Karachi West,2024-08-03,2024,8,56+
3590,39,Male,Karachi,Malir,2025-02-13,2025,2,36-45
3591,48,Male,Karachi,Malir,2024-09-06,2024,9,46-55
3592,29,Male,Karachi,Karachi East,2025-07-24,2025,7,26-35
3593,32,Male,Karachi,Karachi Central,2025-04-19,2025,4,26-35
3594,46,Female,Karachi,Keamari,2024-02-29,2024,2,46-55
3595,38,Male,Karachi,Karachi West,2025-11-13,2025,11,36-45
3596,25,Female,Karachi,Karachi Central,2024-08-25,2024,8,18-25
3597,27,Female,Karachi,Karachi East,2024-04-27,2024,4,26-35
3598,30,Male,Karachi,Keamari,2025-08-01,2025,8,26-35
3599,29,Male,Karachi,Karachi Central,2025-01-16,2025,1,26-35
3600,18,Female,Karachi,Karachi South,2025-02-21,2025,2,18-25
3601,63,Female,Karachi,Keamari,2024-01-12,2024,1,56+
3602,51,Female,Karachi,Korangi,2025-11-23,2025,11,46-55
3603,52,Female,Karachi,Karachi South,2025-02-23,2025,2,46-55
3604,29,Male,Karachi,Korangi,2024-05-21,2024,5,26-35
3605,41,Male,Karachi,Malir,2024-04-22,2024,4,36-45
3606,19,Female,Karachi,Karachi Central,2025-05-15,2025,5,18-25
3607,42,Male,Karachi,Karachi Central,2025-12-05,2025,12,36-45
3608,23,Male,Karachi,Karachi East,2025-08-29,2025,8,18-25
3609,31,Male,Karachi,Karachi Central,2024-06-05,2024,6,26-35
3610,28,Male,Karachi,Karachi East,2025-12-18,2025,12,26-35
3611,59,Male,Karachi,Karachi Central,2024-01-21,2024,1,56+
3612,35,Female,Karachi,Korangi,2024-04-09,2024,4,26-35
3613,37,Female,Karachi,Keamari,2025-06-18,2025,6,36-45
3614,54,Female,Karachi,Keamari,2025-11-20,2025,11,46-55
3615,62,Male,Karachi,Karachi East,2025-12-25,2025,12,56+
3616,52,Female,Karachi,Keamari,2024-01-29,2024,1,46-55
3617,53,Female,Karachi,Keamari,2024-10-06,2024,10,46-55
3618,19,Male,Karachi,Karachi Central,2025-10-03,2025,10,18-25
3619,62,Female,Karachi,Karachi South,2025-06-15,2025,6,56+
3620,22,Female,Karachi,Keamari,2025-04-12,2025,4,18-25
3621,51,Male,Karachi,Korangi,2025-01-20,2025,1,46-55
3622,47,Female,Karachi,Karachi West,2025-12-05,2025,12,46-55
3623,53,Male,Karachi,Karachi Central,2024-07-11,2024,7,46-55
3624,26,Male,Karachi,Karachi East,2025-06-10,2025,6,26-35
3625,44,Female,Karachi,Keamari,2025-11-22,2025,11,36-45
3626,62,Female,Karachi,Korangi,2024-09-20,2024,9,56+
3627,62,Female,Karachi,Malir,2024-01-10,2024,1,56+
3628,38,Male,Karachi,Karachi Central,2025-12-20,2025,12,36-45
3629,49,Female,Karachi,Karachi South,2024-03-03,2024,3,46-55
3630,64,Female,Karachi,Karachi East,2025-05-10,2025,5,56+
3631,48,Male,Karachi,Karachi Central,2024-05-08,2024,5,46-55
3632,28,Male,Karachi,Karachi Central,2024-04-09,2024,4,26-35
3633,37,Male,Karachi,Malir,2025-11-24,2025,11,36-45
3634,62,Female,Karachi,Malir,2024-02-03,2024,2,56+
3635,47,Female,Karachi,Karachi Central,2025-08-06,2025,8,46-55
3636,28,Male,Karachi,Karachi Central,2024-10-04,2024,10,26-35
3637,63,Female,Karachi,Keamari,2025-08-10,2025,8,56+
3638,40,Female,Karachi,Keamari,2024-04-17,2024,4,36-45
3639,25,Male,Karachi,Korangi,2025-11-24,2025,11,18-25
3640,41,Male,Karachi,Karachi Central,2024-11-05,2024,11,36-45
3641,20,Female,Karachi,Karachi South,2024-10-09,2024,10,18-25
3642,45,Female,Karachi,Malir,2025-10-02,2025,10,36-45
3643,44,Female,Karachi,Korangi,2025-04-19,2025,4,36-45
3644,30,Female,Karachi,Karachi South,2024-11-21,2024,11,26-35
3645,61,Female,Karachi,Keamari,2025-07-04,2025,7,56+
3646,46,Male,Karachi,Karachi East,2025-08-06,2025,8,46-55
3647,54,Male,Karachi,Karachi Central,2025-04-09,2025,4,46-55
3648,24,Female,Karachi,Malir,2025-03-05,2025,3,18-25
3649,20,Female,Karachi,Korangi,2025-06-16,2025,6,18-25
3650,30,Male,Karachi,Karachi West,2025-11-06,2025,11,26-35
3651,60,Female,Karachi,Keamari,2024-05-23,2024,5,56+
3652,26,Male,Karachi,Karachi Central,2024-05-23,2024,5,26-35
3653,34,Female,Karachi,Karachi South,2024-08-13,2024,8,26-35
3654,29,Male,Karachi,Keamari,2025-04-15,2025,4,26-35
3655,49,Female,Karachi,Karachi Central,2025-01-26,2025,1,46-55
3656,26,Male,Karachi,Karachi West,2025-09-20,2025,9,26-35
3657,62,Male,Karachi,Karachi East,2024-02-06,2024,2,56+
3658,63,Male,Karachi,Karachi South,2025-05-22,2025,5,56+
3659,22,Male,Karachi,Korangi,2024-07-27,2024,7,18-25
3660,54,Male,Karachi,Karachi Central,2025-11-14,2025,11,46-55
3661,57,Male,Karachi,Keamari,2024-04-10,2024,4,56+
3662,23,Female,Karachi,Malir,2024-11-06,2024,11,18-25
3663,25,Male,Karachi,Keamari,2025-12-21,2025,12,18-25
3664,24,Male,Karachi,Korangi,2024-09-14,2024,9,18-25
3665,36,Female,Karachi,Karachi West,2024-12-22,2024,12,36-45
3666,53,Male,Karachi,Korangi,2024-06-25,2024,6,46-55
3667,19,Male,Karachi,Korangi,2024-04-23,2024,4,18-25
3668,51,Male,Karachi,Karachi West,2024-09-27,2024,9,46-55
3669,61,Female,Karachi,Karachi East,2024-05-02,2024,5,56+
3670,63,Male,Karachi,Karachi Central,2025-04-03,2025,4,56+
3671,36,Male,Karachi,Korangi,2024-01-09,2024,1,36-45
3672,55,Female,Karachi,Karachi Central,2024-08-31,2024,8,46-55
3673,46,Male,Karachi,Karachi West,2025-08-09,2025,8,46-55
3674,64,Male,Karachi,Korangi,2024-02-04,2024,2,56+
3675,65,Male,Karachi,Malir,2024-09-27,2024,9,56+
3676,28,Female,Karachi,Keamari,2024-09-28,2024,9,26-35
3677,60,Female,Karachi,Keamari,2025-07-31,2025,7,56+
3678,27,Female,Karachi,Karachi South,2024-02-17,2024,2,26-35
3679,56,Female,Karachi,Korangi,2024-08-31,2024,8,56+
3680,42,Female,Karachi,Korangi,2024-10-01,2024,10,36-45
3681,54,Male,Karachi,Karachi Central,2025-06-17,2025,6,46-55
3682,18,Male,Karachi,Keamari,2025-10-05,2025,10,18-25
3683,21,Male,Karachi,Korangi,2024-08-20,2024,8,18-25
3684,58,Male,Karachi,Karachi East,2025-12-24,2025,12,56+
3685,51,Male,Karachi,Malir,2024-11-03,2024,11,46-55
3686,30,Male,Karachi,Karachi West,2025-10-14,2025,10,26-35
3687,19,Female,Karachi,Malir,2024-06-25,2024,6,18-25
3688,40,Male,Karachi,Karachi Central,2025-10-03,2025,10,36-45
3689,62,Male,Karachi,Keamari,2024-09-26,2024,9,56+
3690,39,Male,Karachi,Malir,2024-04-23,2024,4,36-45
3691,18,Male,Karachi,Keamari,2025-04-27,2025,4,18-25
3692,19,Male,Karachi,Korangi,2025-09-13,2025,9,18-25
3693,44,Male,Karachi,Malir,2025-09-15,2025,9,36-45
3694,59,Male,Karachi,Karachi West,2024-03-08,2024,3,56+
3695,36,Male,Karachi,Keamari,2025-03-27,2025,3,36-45
3696,27,Male,Karachi,Korangi,2024-11-14,2024,11,26-35
3697,44,Male,Karachi,Keamari,2024-04-08,2024,4,36-45
3698,51,Female,Karachi,Korangi,2025-02-02,2025,2,46-55
3699,45,Male,Karachi,Karachi Central,2025-06-10,2025,6,36-45
3700,26,Male,Karachi,Malir,2025-08-25,2025,8,26-35
3701,55,Male,Karachi,Malir,2024-12-30,2024,12,46-55
3702,65,Male,Karachi,Karachi East,2024-06-27,2024,6,56+
3703,42,Female,Karachi,Karachi Central,2024-08-02,2024,8,36-45
3704,27,Female,Karachi,Karachi East,2025-01-28,2025,1,26-35
3705,62,Male,Karachi,Karachi South,2025-12-12,2025,12,56+
3706,48,Female,Karachi,Korangi,2024-08-04,2024,8,46-55
3707,59,Male,Karachi,Karachi South,2026-01-04,2026,1,56+
3708,24,Male,Karachi,Karachi East,2025-04-16,2025,4,18-25
3709,33,Female,Karachi,Keamari,2025-04-09,2025,4,26-35
3710,53,Male,Karachi,Korangi,2024-10-06,2024,10,46-55
3711,50,Female,Karachi,Karachi West,2024-03-09,2024,3,46-55
3712,36,Female,Karachi,Malir,2024-09-12,2024,9,36-45
3713,37,Female,Karachi,Karachi West,2025-05-20,2025,5,36-45
3714,22,Female,Karachi,Karachi East,2025-02-09,2025,2,18-25
3715,41,Male,Karachi,Karachi East,2025-05-03,2025,5,36-45
3716,37,Female,Karachi,Karachi Central,2024-03-29,2024,3,36-45
3717,39,Female,Karachi,Korangi,2025-12-06,2025,12,36-45
3718,41,Female,Karachi,Karachi East,2024-09-28,2024,9,36-45
3719,36,Female,Karachi,Keamari,2024-09-21,2024,9,36-45
3720,44,Female,Karachi,Malir,2025-02-18,2025,2,36-45
3721,22,Male,Karachi,Malir,2025-12-22,2025,12,18-25
3722,48,Male,Karachi,Karachi South,2025-10-04,2025,10,46-55
3723,33,Female,Karachi,Karachi West,2025-07-01,2025,7,26-35
3724,18,Female,Karachi,Keamari,2025-05-24,2025,5,18-25
3725,54,Male,Karachi,Karachi Central,2025-01-23,2025,1,46-55
3726,37,Male,Karachi,Korangi,2025-06-20,2025,6,36-45
3727,32,Male,Karachi,Keamari,2024-03-11,2024,3,26-35
3728,36,Male,Karachi,Karachi West,2025-06-20,2025,6,36-45
3729,29,Male,Karachi,Karachi East,2025-03-08,2025,3,26-35
3730,49,Male,Karachi,Korangi,2024-04-07,2024,4,46-55
3731,39,Female,Karachi,Korangi,2025-03-18,2025,3,36-45
3732,26,Female,Karachi,Keamari,2025-04-11,2025,4,26-35
3733,27,Female,Karachi,Karachi Central,2024-09-04,2024,9,26-35
3734,20,Female,Karachi,Keamari,2025-08-30,2025,8,18-25
3735,53,Male,Karachi,Korangi,2024-05-24,2024,5,46-55
3736,61,Male,Karachi,Karachi East,2024-01-24,2024,1,56+
3737,22,Female,Karachi,Karachi West,2025-05-26,2025,5,18-25
3738,35,Male,Karachi,Karachi East,2024-10-26,2024,10,26-35
3739,21,Female,Karachi,Keamari,2024-05-10,2024,5,18-25
3740,59,Male,Karachi,Karachi East,2024-11-04,2024,11,56+
3741,47,Female,Karachi,Malir,2025-04-23,2025,4,46-55
3742,28,Female,Karachi,Karachi West,2024-03-07,2024,3,26-35
3743,43,Female,Karachi,Karachi Central,2024-08-09,2024,8,36-45
3744,26,Male,Karachi,Karachi South,2025-05-22,2025,5,26-35
3745,62,Female,Karachi,Malir,2025-08-18,2025,8,56+
3746,49,Female,Karachi,Korangi,2025-02-17,2025,2,46-55
3747,30,Male,Karachi,Keamari,2025-02-12,2025,2,26-35
3748,19,Male,Karachi,Karachi South,2024-07-03,2024,7,18-25
3749,48,Male,Karachi,Karachi East,2024-12-17,2024,12,46-55
3750,19,Female,Karachi,Malir,2025-05-04,2025,5,18-25
3751,37,Male,Karachi,Karachi South,2024-11-14,2024,11,36-45
3752,54,Female,Karachi,Korangi,2024-07-05,2024,7,46-55
3753,35,Female,Karachi,Karachi East,2024-01-27,2024,1,26-35
3754,60,Female,Karachi,Keamari,2025-09-14,2025,9,56+
3755,35,Male,Karachi,Karachi Central,2024-12-13,2024,12,26-35
3756,32,Female,Karachi,Malir,2024-08-28,2024,8,26-35
3757,51,Male,Karachi,Keamari,2024-05-16,2024,5,46-55
3758,23,Female,Karachi,Karachi South,2024-11-08,2024,11,18-25
3759,37,Male,Karachi,Karachi Central,2025-08-29,2025,8,36-45
3760,35,Female,Karachi,Keamari,2024-12-09,2024,12,26-35
3761,49,Male,Karachi,Korangi,2025-04-26,2025,4,46-55
3762,21,Male,Karachi,Karachi West,2024-05-30,2024,5,18-25
3763,49,Female,Karachi,Malir,2024-10-20,2024,10,46-55
3764,21,Female,Karachi,Karachi South,2025-08-12,2025,8,18-25
3765,51,Female,Karachi,Karachi West,2025-04-06,2025,4,46-55
3766,61,Male,Karachi,Karachi South,2024-12-17,2024,12,56+
3767,28,Male,Karachi,Malir,2024-04-07,2024,4,26-35
3768,27,Female,Karachi,Keamari,2024-10-07,2024,10,26-35
3769,39,Female,Karachi,Karachi West,2025-06-25,2025,6,36-45
3770,65,Male,Karachi,Karachi Central,2024-05-21,2024,5,56+
3771,44,Male,Karachi,Karachi West,2025-11-23,2025,11,36-45
3772,63,Male,Karachi,Keamari,2024-04-27,2024,4,56+
3773,42,Male,Karachi,Karachi East,2024-05-28,2024,5,36-45
3774,53,Female,Karachi,Malir,2024-09-17,2024,9,46-55
3775,58,Female,Karachi,Malir,2025-01-18,2025,1,56+
3776,38,Male,Karachi,Keamari,2024-04-28,2024,4,36-45
3777,61,Male,Karachi,Karachi East,2024-01-09,2024,1,56+
3778,65,Female,Karachi,Karachi South,2025-07-29,2025,7,56+
3779,26,Male,Karachi,Korangi,2025-05-18,2025,5,26-35
3780,34,Male,Karachi,Malir,2024-08-15,2024,8,26-35
3781,65,Male,Karachi,Korangi,2025-06-01,2025,6,56+
3782,34,Female,Karachi,Karachi West,2025-11-24,2025,11,26-35
3783,61,Female,Karachi,Karachi South,2024-02-13,2024,2,56+
3784,24,Female,Karachi,Keamari,2024-02-05,2024,2,18-25
3785,61,Female,Karachi,Karachi South,2025-05-08,2025,5,56+
3786,27,Male,Karachi,Karachi East,2025-05-30,2025,5,26-35
3787,44,Male,Karachi,Malir,2024-06-24,2024,6,36-45
3788,61,Male,Karachi,Malir,2024-12-01,2024,12,56+
3789,29,Female,Karachi,Malir,2024-05-09,2024,5,26-35
3790,52,Female,Karachi,Karachi West,2025-01-17,2025,1,46-55
3791,58,Female,Karachi,Karachi West,2024-05-07,2024,5,56+
3792,28,Male,Karachi,Keamari,2025-06-24,2025,6,26-35
3793,51,Female,Karachi,Karachi East,2025-03-07,2025,3,46-55
3794,26,Female,Karachi,Karachi West,2024-07-22,2024,7,26-35
3795,48,Male,Karachi,Karachi East,2024-10-07,2024,10,46-55
3796,46,Female,Karachi,Karachi Central,2025-06-09,2025,6,46-55
3797,48,Male,Karachi,Karachi East,2025-03-22,2025,3,46-55
3798,60,Female,Karachi,Korangi,2024-07-06,2024,7,56+
3799,32,Male,Karachi,Karachi East,2025-11-22,2025,11,26-35
3800,19,Male,Karachi,Malir,2025-05-27,2025,5,18-25
3801,44,Female,Karachi,Karachi Central,2024-05-10,2024,5,36-45
3802,50,Male,Karachi,Karachi Central,2024-09-29,2024,9,46-55
3803,39,Male,Karachi,Malir,2025-10-12,2025,10,36-45
3804,52,Male,Karachi,Karachi Central,2025-09-04,2025,9,46-55
3805,48,Male,Karachi,Karachi Central,2024-10-23,2024,10,46-55
3806,52,Male,Karachi,Karachi East,2025-08-20,2025,8,46-55
3807,22,Female,Karachi,Karachi South,2025-10-27,2025,10,18-25
3808,53,Female,Karachi,Korangi,2024-09-12,2024,9,46-55
3809,56,Female,Karachi,Karachi South,2024-04-22,2024,4,56+
3810,51,Female,Karachi,Korangi,2024-09-01,2024,9,46-55
3811,64,Female,Karachi,Karachi Central,2025-02-09,2025,2,56+
3812,65,Male,Karachi,Malir,2024-03-23,2024,3,56+
3813,26,Female,Karachi,Karachi West,2024-02-07,2024,2,26-35
3814,26,Male,Karachi,Karachi South,2025-04-03,2025,4,26-35
3815,24,Female,Karachi,Karachi West,2024-12-07,2024,12,18-25
3816,26,Female,Karachi,Karachi West,2024-09-21,2024,9,26-35
3817,33,Female,Karachi,Keamari,2024-11-16,2024,11,26-35
3818,62,Male,Karachi,Karachi Central,2024-05-13,2024,5,56+
3819,60,Female,Karachi,Korangi,2024-07-23,2024,7,56+
3820,37,Female,Karachi,Karachi Central,2025-08-17,2025,8,36-45
3821,55,Female,Karachi,Keamari,2025-01-21,2025,1,46-55
3822,34,Male,Karachi,Malir,2025-02-07,2025,2,26-35
3823,30,Female,Karachi,Karachi Central,2025-07-11,2025,7,26-35
3824,23,Male,Karachi,Karachi South,2024-09-05,2024,9,18-25
3825,25,Male,Karachi,Malir,2025-03-17,2025,3,18-25
3826,27,Female,Karachi,Keamari,2025-12-11,2025,12,26-35
3827,35,Female,Karachi,Karachi West,2025-11-20,2025,11,26-35
3828,37,Female,Karachi,Karachi Central,2024-04-02,2024,4,36-45
3829,38,Female,Karachi,Karachi East,2024-09-24,2024,9,36-45
3830,61,Female,Karachi,Karachi East,2025-08-09,2025,8,56+
3831,25,Male,Karachi,Karachi East,2024-04-29,2024,4,18-25
3832,29,Male,Karachi,Malir,2025-02-03,2025,2,26-35
3833,47,Female,Karachi,Karachi South,2025-02-26,2025,2,46-55
3834,43,Male,Karachi,Korangi,2025-09-17,2025,9,36-45
3835,56,Male,Karachi,Korangi,2025-03-07,2025,3,56+
3836,54,Female,Karachi,Karachi South,2024-10-21,2024,10,46-55
3837,41,Female,Karachi,Korangi,2024-12-23,2024,12,36-45
3838,56,Male,Karachi,Karachi South,2024-11-01,2024,11,56+
3839,48,Female,Karachi,Karachi East,2024-10-20,2024,10,46-55
3840,59,Male,Karachi,Keamari,2025-10-08,2025,10,56+
3841,37,Female,Karachi,Keamari,2024-03-02,2024,3,36-45
3842,34,Male,Karachi,Karachi Central,2024-09-09,2024,9,26-35
3843,27,Female,Karachi,Karachi West,2025-09-16,2025,9,26-35
3844,24,Female,Karachi,Karachi Central,2024-02-17,2024,2,18-25
3845,30,Female,Karachi,Karachi West,2024-06-16,2024,6,26-35
3846,44,Female,Karachi,Karachi South,2025-12-14,2025,12,36-45
3847,36,Male,Karachi,Karachi South,2025-02-07,2025,2,36-45
3848,55,Female,Karachi,Karachi South,2024-04-22,2024,4,46-55
3849,54,Male,Karachi,Korangi,2025-11-22,2025,11,46-55
3850,55,Female,Karachi,Malir,2024-10-15,2024,10,46-55
3851,51,Female,Karachi,Malir,2025-11-28,2025,11,46-55
3852,34,Male,Karachi,Korangi,2024-12-08,2024,12,26-35
3853,33,Male,Karachi,Karachi West,2025-05-02,2025,5,26-35
3854,63,Female,Karachi,Karachi Central,2025-02-17,2025,2,56+
3855,21,Male,Karachi,Karachi South,2024-11-17,2024,11,18-25
3856,39,Female,Karachi,Malir,2025-05-18,2025,5,36-45
3857,18,Male,Karachi,Karachi Central,2024-01-12,2024,1,18-25
3858,52,Male,Karachi,Karachi South,2025-01-25,2025,1,46-55
3859,50,Male,Karachi,Malir,2024-03-23,2024,3,46-55
3860,23,Male,Karachi,Karachi South,2024-12-28,2024,12,18-25
3861,55,Male,Karachi,Karachi West,2024-12-26,2024,12,46-55
3862,36,Male,Karachi,Malir,2024-07-26,2024,7,36-45
3863,63,Male,Karachi,Karachi Central,2025-10-08,2025,10,56+
3864,54,Female,Karachi,Karachi West,2024-10-30,2024,10,46-55
3865,61,Female,Karachi,Karachi East,2024-04-16,2024,4,56+
3866,37,Female,Karachi,Malir,2025-04-07,2025,4,36-45
3867,30,Female,Karachi,Karachi Central,2024-06-30,2024,6,26-35
3868,64,Female,Karachi,Malir,2025-01-14,2025,1,56+
3869,26,Male,Karachi,Karachi East,2024-06-29,2024,6,26-35
3870,53,Female,Karachi,Karachi Central,2025-03-07,2025,3,46-55
3871,35,Female,Karachi,Keamari,2025-03-29,2025,3,26-35
3872,21,Male,Karachi,Keamari,2024-11-08,2024,11,18-25
3873,29,Female,Karachi,Karachi East,2024-06-18,2024,6,26-35
3874,52,Female,Karachi,Karachi East,2025-02-23,2025,2,46-55
3875,28,Female,Karachi,Korangi,2025-08-21,2025,8,26-35
3876,24,Male,Karachi,Keamari,2024-12-30,2024,12,18-25
3877,48,Female,Karachi,Karachi East,2024-04-15,2024,4,46-55
3878,45,Male,Karachi,Karachi West,2025-05-20,2025,5,36-45
3879,40,Female,Karachi,Karachi West,2025-07-07,2025,7,36-45
3880,43,Male,Karachi,Karachi East,2025-12-13,2025,12,36-45
3881,63,Male,Karachi,Karachi South,2025-06-22,2025,6,56+
3882,46,Female,Karachi,Keamari,2025-04-24,2025,4,46-55
3883,23,Male,Karachi,Karachi East,2025-01-26,2025,1,18-25
3884,21,Female,Karachi,Karachi East,2025-04-05,2025,4,18-25
3885,51,Male,Karachi,Keamari,2025-08-11,2025,8,46-55
3886,21,Female,Karachi,Karachi East,2025-11-27,2025,11,18-25
3887,25,Female,Karachi,Malir,2024-07-27,2024,7,18-25
3888,54,Female,Karachi,Keamari,2025-02-18,2025,2,46-55
3889,21,Male,Karachi,Karachi Central,2024-10-14,2024,10,18-25
3890,41,Male,Karachi,Korangi,2024-05-11,2024,5,36-45
3891,30,Male,Karachi,Karachi West,2024-12-27,2024,12,26-35
3892,28,Male,Karachi,Karachi East,2024-03-23,2024,3,26-35
3893,44,Male,Karachi,Korangi,2025-03-23,2025,3,36-45
3894,62,Female,Karachi,Karachi South,2024-01-31,2024,1,56+
3895,21,Female,Karachi,Malir,2025-03-04,2025,3,18-25
3896,57,Female,Karachi,Karachi West,2024-02-05,2024,2,56+
3897,34,Male,Karachi,Korangi,2024-07-31,2024,7,26-35
3898,30,Female,Karachi,Karachi West,2024-05-27,2024,5,26-35
3899,28,Female,Karachi,Karachi Central,2024-03-17,2024,3,26-35
3900,37,Male,Karachi,Karachi West,2024-12-01,2024,12,36-45
3901,28,Female,Karachi,Karachi Central,2024-07-28,2024,7,26-35
3902,62,Male,Karachi,Korangi,2025-03-22,2025,3,56+
3903,41,Female,Karachi,Karachi South,2025-11-27,2025,11,36-45
3904,27,Male,Karachi,Korangi,2025-10-14,2025,10,26-35
3905,48,Female,Karachi,Keamari,2025-06-25,2025,6,46-55
3906,41,Female,Karachi,Keamari,2024-04-26,2024,4,36-45
3907,57,Male,Karachi,Keamari,2025-12-03,2025,12,56+
3908,43,Female,Karachi,Karachi Central,2024-10-17,2024,10,36-45
3909,35,Male,Karachi,Karachi South,2024-07-09,2024,7,26-35
3910,22,Male,Karachi,Karachi East,2025-02-27,2025,2,18-25
3911,53,Female,Karachi,Karachi Central,2025-01-04,2025,1,46-55
3912,20,Female,Karachi,Karachi Central,2025-05-09,2025,5,18-25
3913,34,Female,Karachi,Karachi West,2024-03-21,2024,3,26-35
3914,64,Male,Karachi,Keamari,2025-01-28,2025,1,56+
3915,30,Female,Karachi,Keamari,2024-10-01,2024,10,26-35
3916,64,Female,Karachi,Karachi South,2024-07-25,2024,7,56+
3917,64,Male,Karachi,Karachi South,2025-05-22,2025,5,56+
3918,54,Male,Karachi,Malir,2024-04-23,2024,4,46-55
3919,45,Male,Karachi,Malir,2025-10-11,2025,10,36-45
3920,38,Female,Karachi,Karachi West,2024-08-02,2024,8,36-45
3921,50,Female,Karachi,Keamari,2025-01-25,2025,1,46-55
3922,18,Male,Karachi,Karachi South,2024-08-13,2024,8,18-25
3923,46,Female,Karachi,Karachi West,2024-12-07,2024,12,46-55
3924,38,Female,Karachi,Karachi Central,2024-06-09,2024,6,36-45
3925,46,Female,Karachi,Keamari,2024-05-09,2024,5,46-55
3926,61,Male,Karachi,Korangi,2025-07-17,2025,7,56+
3927,18,Female,Karachi,Karachi West,2025-06-15,2025,6,18-25
3928,26,Female,Karachi,Karachi West,2025-08-25,2025,8,26-35
3929,52,Male,Karachi,Karachi East,2025-10-29,2025,10,46-55
3930,30,Female,Karachi,Malir,2025-07-12,2025,7,26-35
3931,53,Female,Karachi,Karachi South,2024-01-28,2024,1,46-55
3932,22,Male,Karachi,Malir,2024-08-19,2024,8,18-25
3933,49,Male,Karachi,Karachi South,2024-07-06,2024,7,46-55
3934,59,Male,Karachi,Korangi,2024-05-28,2024,5,56+
3935,38,Male,Karachi,Karachi South,2024-11-12,2024,11,36-45
3936,18,Female,Karachi,Karachi East,2024-02-03,2024,2,18-25
3937,57,Male,Karachi,Karachi South,2025-09-27,2025,9,56+
3938,46,Male,Karachi,Karachi Central,2024-06-15,2024,6,46-55
3939,38,Male,Karachi,Malir,2024-04-09,2024,4,36-45
3940,27,Male,Karachi,Keamari,2025-12-27,2025,12,26-35
3941,26,Male,Karachi,Keamari,2024-02-15,2024,2,26-35
3942,34,Female,Karachi,Keamari,2024-09-23,2024,9,26-35
3943,44,Male,Karachi,Korangi,2024-01-07,2024,1,36-45
3944,30,Female,Karachi,Malir,2024-05-23,2024,5,26-35
3945,30,Female,Karachi,Karachi East,2025-03-13,2025,3,26-35
3946,18,Female,Karachi,Keamari,2024-08-17,2024,8,18-25
3947,41,Female,Karachi,Karachi West,2024-07-09,2024,7,36-45
3948,18,Female,Karachi,Karachi Central,2024-02-10,2024,2,18-25
3949,40,Male,Karachi,Karachi West,2024-10-07,2024,10,36-45
3950,31,Male,Karachi,Malir,2025-12-24,2025,12,26-35
3951,63,Male,Karachi,Keamari,2024-10-20,2024,10,56+
3952,25,Male,Karachi,Malir,2025-01-26,2025,1,18-25
3953,18,Male,Karachi,Malir,2025-11-04,2025,11,18-25
3954,52,Female,Karachi,Keamari,2025-02-05,2025,2,46-55
3955,36,Male,Karachi,Karachi South,2024-10-30,2024,10,36-45
3956,18,Female,Karachi,Keamari,2024-11-07,2024,11,18-25
3957,26,Male,Karachi,Malir,2024-02-19,2024,2,26-35
3958,44,Female,Karachi,Karachi East,2024-10-25,2024,10,36-45
3959,56,Female,Karachi,Keamari,2024-04-01,2024,4,56+
3960,64,Male,Karachi,Karachi East,2024-06-16,2024,6,56+
3961,57,Female,Karachi,Karachi South,2025-11-11,2025,11,56+
3962,47,Female,Karachi,Malir,2025-05-15,2025,5,46-55
3963,33,Male,Karachi,Korangi,2024-08-27,2024,8,26-35
3964,25,Female,Karachi,Korangi,2025-07-29,2025,7,18-25
3965,53,Female,Karachi,Karachi South,2025-06-17,2025,6,46-55
3966,59,Male,Karachi,Korangi,2024-02-20,2024,2,56+
3967,65,Female,Karachi,Karachi West,2024-03-23,2024,3,56+
3968,33,Female,Karachi,Karachi East,2025-10-02,2025,10,26-35
3969,27,Female,Karachi,Keamari,2024-02-13,2024,2,26-35
3970,27,Female,Karachi,Karachi West,2025-04-16,2025,4,26-35
3971,18,Female,Karachi,Malir,2024-11-07,2024,11,18-25
3972,32,Female,Karachi,Malir,2025-09-29,2025,9,26-35
3973,64,Female,Karachi,Keamari,2024-07-18,2024,7,56+
3974,29,Male,Karachi,Karachi West,2025-03-02,2025,3,26-35
3975,27,Male,Karachi,Karachi West,2024-02-26,2024,2,26-35
3976,58,Female,Karachi,Korangi,2025-08-28,2025,8,56+
3977,47,Female,Karachi,Karachi Central,2025-11-16,2025,11,46-55
3978,18,Male,Karachi,Karachi East,2024-09-20,2024,9,18-25
3979,32,Female,Karachi,Korangi,2025-05-23,2025,5,26-35
3980,48,Female,Karachi,Karachi Central,2025-04-10,2025,4,46-55
3981,62,Female,Karachi,Karachi Central,2024-07-23,2024,7,56+
3982,21,Female,Karachi,Karachi Central,2025-05-30,2025,5,18-25
3983,62,Female,Karachi,Karachi South,2024-09-10,2024,9,56+
3984,38,Female,Karachi,Keamari,2025-11-06,2025,11,36-45
3985,19,Female,Karachi,Karachi South,2024-09-24,2024,9,18-25
3986,51,Female,Karachi,Karachi East,2024-10-15,2024,10,46-55
3987,45,Male,Karachi,Karachi East,2025-06-09,2025,6,36-45
3988,64,Male,Karachi,Karachi East,2025-05-17,2025,5,56+
3989,37,Female,Karachi,Malir,2024-03-23,2024,3,36-45
3990,57,Male,Karachi,Karachi West,2024-11-18,2024,11,56+
3991,60,Female,Karachi,Keamari,2024-08-24,2024,8,56+
3992,56,Female,Karachi,Korangi,2025-11-12,2025,11,56+
3993,37,Female,Karachi,Keamari,2024-09-22,2024,9,36-45
3994,54,Male,Karachi,Keamari,2025-12-27,2025,12,46-55
3995,45,Male,Karachi,Keamari,2024-05-10,2024,5,36-45
3996,56,Male,Karachi,Keamari,2025-09-04,2025,9,56+
3997,24,Female,Karachi,Keamari,2025-01-01,2025,1,18-25
3998,36,Female,Karachi,Karachi South,2024-11-13,2024,11,36-45
3999,41,Male,Karachi,Karachi East,2024-12-07,2024,12,36-45
4000,37,Female,Karachi,Keamari,2024-10-13,2024,10,36-45
4001,65,Female,Karachi,Korangi,2024-01-09,2024,1,56+
4002,65,Male,Karachi,Karachi South,2025-04-27,2025,4,56+
4003,65,Male,Karachi,Malir,2025-12-27,2025,12,56+
4004,20,Female,Karachi,Keamari,2025-10-01,2025,10,18-25
4005,36,Male,Karachi,Karachi West,2025-12-28,2025,12,36-45
4006,25,Male,Karachi,Keamari,2025-11-08,2025,11,18-25
4007,60,Female,Karachi,Karachi West,2024-06-05,2024,6,56+
4008,63,Female,Karachi,Karachi West,2024-07-21,2024,7,56+
4009,24,Male,Karachi,Karachi East,2024-04-20,2024,4,18-25
4010,59,Male,Karachi,Karachi West,2025-01-11,2025,1,56+
4011,45,Male,Karachi,Keamari,2025-03-08,2025,3,36-45
4012,35,Female,Karachi,Malir,2025-06-20,2025,6,26-35
4013,29,Female,Karachi,Karachi Central,2024-11-26,2024,11,26-35
4014,57,Male,Karachi,Karachi Central,2024-12-31,2024,12,56+
4015,56,Female,Karachi,Malir,2025-08-05,2025,8,56+
4016,18,Male,Karachi,Karachi West,2025-06-07,2025,6,18-25
4017,49,Female,Karachi,Karachi West,2024-06-16,2024,6,46-55
4018,33,Female,Karachi,Malir,2024-12-19,2024,12,26-35
4019,18,Male,Karachi,Korangi,2025-01-08,2025,1,18-25
4020,54,Female,Karachi,Karachi South,2024-11-21,2024,11,46-55
4021,28,Male,Karachi,Karachi East,2024-10-24,2024,10,26-35
4022,40,Female,Karachi,Karachi Central,2025-12-27,2025,12,36-45
4023,47,Female,Karachi,Karachi South,2025-12-12,2025,12,46-55
4024,47,Male,Karachi,Keamari,2024-10-10,2024,10,46-55
4025,50,Male,Karachi,Korangi,2024-09-26,2024,9,46-55
4026,35,Female,Karachi,Karachi East,2024-01-10,2024,1,26-35
4027,57,Male,Karachi,Korangi,2024-12-26,2024,12,56+
4028,25,Female,Karachi,Karachi Central,2025-09-13,2025,9,18-25
4029,50,Female,Karachi,Malir,2025-08-07,2025,8,46-55
4030,41,Female,Karachi,Karachi West,2025-05-16,2025,5,36-45
4031,49,Male,Karachi,Korangi,2024-03-06,2024,3,46-55
4032,51,Female,Karachi,Karachi South,2024-02-24,2024,2,46-55
4033,35,Female,Karachi,Keamari,2025-08-15,2025,8,26-35
4034,34,Male,Karachi,Korangi,2025-11-15,2025,11,26-35
4035,53,Male,Karachi,Karachi East,2024-04-18,2024,4,46-55
4036,61,Female,Karachi,Karachi Central,2024-12-09,2024,12,56+
4037,20,Male,Karachi,Karachi West,2024-01-18,2024,1,18-25
4038,25,Female,Karachi,Korangi,2024-01-22,2024,1,18-25
4039,27,Female,Karachi,Karachi South,2024-06-25,2024,6,26-35
4040,24,Male,Karachi,Karachi East,2025-12-23,2025,12,18-25
4041,25,Male,Karachi,Karachi West,2024-05-03,2024,5,18-25
4042,24,Male,Karachi,Karachi South,2025-05-13,2025,5,18-25
4043,40,Female,Karachi,Karachi South,2024-05-28,2024,5,36-45
4044,60,Male,Karachi,Karachi East,2025-01-28,2025,1,56+
4045,35,Female,Karachi,Korangi,2025-04-25,2025,4,26-35
4046,47,Female,Karachi,Karachi East,2024-05-16,2024,5,46-55
4047,51,Female,Karachi,Karachi South,2024-03-29,2024,3,46-55
4048,49,Female,Karachi,Malir,2025-04-16,2025,4,46-55
4049,50,Female,Karachi,Karachi West,2025-09-11,2025,9,46-55
4050,49,Male,Karachi,Karachi West,2024-03-28,2024,3,46-55
4051,37,Female,Karachi,Korangi,2025-09-07,2025,9,36-45
4052,40,Female,Karachi,Karachi West,2025-08-26,2025,8,36-45
4053,29,Male,Karachi,Karachi East,2024-06-12,2024,6,26-35
4054,63,Female,Karachi,Korangi,2024-02-25,2024,2,56+
4055,52,Female,Karachi,Karachi South,2024-03-26,2024,3,46-55
4056,64,Female,Karachi,Keamari,2025-07-31,2025,7,56+
4057,64,Male,Karachi,Keamari,2025-06-16,2025,6,56+
4058,34,Female,Karachi,Karachi West,2025-03-10,2025,3,26-35
4059,22,Female,Karachi,Karachi Central,2024-01-10,2024,1,18-25
4060,36,Female,Karachi,Karachi West,2024-11-11,2024,11,36-45
4061,44,Female,Karachi,Malir,2024-10-27,2024,10,36-45
4062,25,Female,Karachi,Malir,2025-07-16,2025,7,18-25
4063,19,Female,Karachi,Keamari,2026-01-02,2026,1,18-25
4064,32,Female,Karachi,Karachi West,2025-07-31,2025,7,26-35
4065,64,Male,Karachi,Karachi South,2024-05-12,2024,5,56+
4066,65,Male,Karachi,Karachi West,2025-09-12,2025,9,56+
4067,43,Female,Karachi,Keamari,2025-04-04,2025,4,36-45
4068,32,Male,Karachi,Korangi,2024-09-27,2024,9,26-35
4069,31,Male,Karachi,Karachi West,2025-09-13,2025,9,26-35
4070,19,Male,Karachi,Keamari,2024-11-07,2024,11,18-25
4071,54,Male,Karachi,Malir,2024-03-19,2024,3,46-55
4072,35,Female,Karachi,Keamari,2025-03-18,2025,3,26-35
4073,46,Male,Karachi,Malir,2024-10-01,2024,10,46-55
4074,60,Male,Karachi,Karachi South,2024-10-15,2024,10,56+
4075,47,Male,Karachi,Keamari,2025-10-08,2025,10,46-55
4076,24,Male,Karachi,Karachi Central,2025-05-03,2025,5,18-25
4077,63,Male,Karachi,Karachi West,2025-08-18,2025,8,56+
4078,52,Female,Karachi,Karachi East,2024-12-04,2024,12,46-55
4079,27,Male,Karachi,Keamari,2025-10-24,2025,10,26-35
4080,64,Female,Karachi,Karachi Central,2024-07-13,2024,7,56+
4081,53,Female,Karachi,Karachi South,2025-01-09,2025,1,46-55
4082,24,Female,Karachi,Karachi West,2025-02-11,2025,2,18-25
4083,23,Female,Karachi,Keamari,2024-12-04,2024,12,18-25
4084,21,Female,Karachi,Karachi South,2025-02-28,2025,2,18-25
4085,21,Female,Karachi,Karachi West,2024-02-01,2024,2,18-25
4086,30,Male,Karachi,Karachi East,2024-07-28,2024,7,26-35
4087,64,Female,Karachi,Karachi West,2025-03-05,2025,3,56+
4088,58,Male,Karachi,Karachi West,2024-12-31,2024,12,56+
4089,65,Female,Karachi,Karachi South,2024-09-11,2024,9,56+
4090,29,Male,Karachi,Karachi East,2024-12-08,2024,12,26-35
4091,60,Male,Karachi,Karachi West,2024-02-23,2024,2,56+
4092,34,Male,Karachi,Karachi East,2024-12-25,2024,12,26-35
4093,29,Male,Karachi,Keamari,2024-06-09,2024,6,26-35
4094,52,Male,Karachi,Karachi Central,2024-06-13,2024,6,46-55
4095,47,Female,Karachi,Malir,2024-08-21,2024,8,46-55
4096,33,Female,Karachi,Korangi,2024-07-21,2024,7,26-35
4097,47,Female,Karachi,Karachi West,2024-03-10,2024,3,46-55
4098,60,Male,Karachi,Korangi,2024-02-21,2024,2,56+
4099,62,Female,Karachi,Karachi Central,2024-12-25,2024,12,56+
4100,42,Male,Karachi,Korangi,2025-11-23,2025,11,36-45
4101,55,Male,Karachi,Karachi Central,2025-10-08,2025,10,46-55
4102,27,Male,Karachi,Malir,2024-05-20,2024,5,26-35
4103,45,Male,Karachi,Malir,2024-11-19,2024,11,36-45
4104,64,Female,Karachi,Keamari,2025-11-04,2025,11,56+
4105,58,Male,Karachi,Karachi South,2024-02-10,2024,2,56+
4106,33,Male,Karachi,Malir,2024-05-03,2024,5,26-35
4107,46,Female,Karachi,Karachi West,2024-01-07,2024,1,46-55
4108,24,Female,Karachi,Korangi,2025-02-19,2025,2,18-25
4109,54,Male,Karachi,Korangi,2024-08-02,2024,8,46-55
4110,19,Male,Karachi,Karachi East,2025-02-20,2025,2,18-25
4111,48,Female,Karachi,Karachi East,2025-09-17,2025,9,46-55
4112,30,Male,Karachi,Karachi South,2024-01-14,2024,1,26-35
4113,40,Female,Karachi,Korangi,2025-07-26,2025,7,36-45
4114,57,Female,Karachi,Karachi East,2024-01-24,2024,1,56+
4115,63,Male,Karachi,Karachi Central,2025-10-11,2025,10,56+
4116,57,Male,Karachi,Keamari,2024-03-12,2024,3,56+
4117,47,Female,Karachi,Karachi Central,2025-04-24,2025,4,46-55
4118,21,Female,Karachi,Korangi,2024-08-16,2024,8,18-25
4119,18,Male,Karachi,Malir,2025-03-14,2025,3,18-25
4120,51,Female,Karachi,Karachi West,2024-08-11,2024,8,46-55
4121,58,Male,Karachi,Karachi Central,2025-06-09,2025,6,56+
4122,39,Female,Karachi,Korangi,2025-12-09,2025,12,36-45
4123,28,Female,Karachi,Karachi Central,2024-07-04,2024,7,26-35
4124,18,Female,Karachi,Keamari,2024-09-06,2024,9,18-25
4125,34,Male,Karachi,Karachi West,2025-05-09,2025,5,26-35
4126,25,Female,Karachi,Karachi South,2024-04-14,2024,4,18-25
4127,43,Male,Karachi,Keamari,2025-11-24,2025,11,36-45
4128,63,Male,Karachi,Karachi East,2024-08-05,2024,8,56+
4129,53,Male,Karachi,Karachi South,2025-12-23,2025,12,46-55
4130,47,Male,Karachi,Karachi East,2024-12-28,2024,12,46-55
4131,43,Female,Karachi,Malir,2024-03-01,2024,3,36-45
4132,56,Male,Karachi,Korangi,2025-11-16,2025,11,56+
4133,20,Male,Karachi,Karachi Central,2025-07-17,2025,7,18-25
4134,61,Female,Karachi,Keamari,2024-05-01,2024,5,56+
4135,26,Male,Karachi,Korangi,2024-02-09,2024,2,26-35
4136,65,Female,Karachi,Keamari,2025-01-19,2025,1,56+
4137,35,Male,Karachi,Karachi West,2025-04-18,2025,4,26-35
4138,61,Male,Karachi,Keamari,2025-11-27,2025,11,56+
4139,46,Male,Karachi,Karachi Central,2024-01-11,2024,1,46-55
4140,35,Female,Karachi,Karachi West,2024-10-22,2024,10,26-35
4141,42,Female,Karachi,Malir,2024-12-15,2024,12,36-45
4142,58,Female,Karachi,Karachi West,2024-03-10,2024,3,56+
4143,60,Male,Karachi,Karachi South,2024-12-22,2024,12,56+
4144,19,Male,Karachi,Karachi South,2025-12-11,2025,12,18-25
4145,45,Female,Karachi,Korangi,2024-12-11,2024,12,36-45
4146,26,Female,Karachi,Karachi East,2025-01-20,2025,1,26-35
4147,57,Male,Karachi,Korangi,2024-11-22,2024,11,56+
4148,42,Female,Karachi,Karachi South,2024-04-16,2024,4,36-45
4149,28,Female,Karachi,Karachi East,2025-11-15,2025,11,26-35
4150,49,Male,Karachi,Karachi South,2024-08-01,2024,8,46-55
4151,31,Male,Karachi,Karachi West,2024-12-17,2024,12,26-35
4152,39,Male,Karachi,Keamari,2024-12-23,2024,12,36-45
4153,23,Male,Karachi,Karachi South,2025-03-18,2025,3,18-25
4154,44,Male,Karachi,Karachi West,2025-08-13,2025,8,36-45
4155,60,Female,Karachi,Karachi Central,2024-08-02,2024,8,56+
4156,36,Male,Karachi,Karachi West,2024-06-06,2024,6,36-45
4157,55,Female,Karachi,Korangi,2025-11-13,2025,11,46-55
4158,26,Female,Karachi,Karachi Central,2025-12-10,2025,12,26-35
4159,22,Female,Karachi,Karachi South,2025-08-03,2025,8,18-25
4160,47,Male,Karachi,Karachi South,2025-10-25,2025,10,46-55
4161,57,Female,Karachi,Keamari,2025-12-19,2025,12,56+
4162,48,Female,Karachi,Korangi,2025-03-02,2025,3,46-55
4163,63,Male,Karachi,Keamari,2024-09-13,2024,9,56+
4164,53,Female,Karachi,Malir,2024-08-20,2024,8,46-55
4165,30,Male,Karachi,Keamari,2025-02-14,2025,2,26-35
4166,28,Male,Karachi,Karachi East,2025-04-15,2025,4,26-35
4167,28,Female,Karachi,Malir,2025-11-23,2025,11,26-35
4168,28,Male,Karachi,Korangi,2024-01-07,2024,1,26-35
4169,58,Female,Karachi,Korangi,2024-11-03,2024,11,56+
4170,63,Male,Karachi,Karachi Central,2024-05-07,2024,5,56+
4171,18,Female,Karachi,Korangi,2025-04-14,2025,4,18-25
4172,35,Female,Karachi,Korangi,2025-07-29,2025,7,26-35
4173,56,Female,Karachi,Karachi Central,2025-05-30,2025,5,56+
4174,46,Female,Karachi,Karachi Central,2025-11-01,2025,11,46-55
4175,60,Male,Karachi,Malir,2024-09-07,2024,9,56+
4176,33,Male,Karachi,Karachi West,2024-08-14,2024,8,26-35
4177,39,Male,Karachi,Keamari,2024-07-03,2024,7,36-45
4178,50,Female,Karachi,Keamari,2024-10-13,2024,10,46-55
4179,27,Female,Karachi,Karachi West,2024-11-24,2024,11,26-35
4180,47,Female,Karachi,Karachi West,2024-08-18,2024,8,46-55
4181,44,Male,Karachi,Karachi East,2025-06-10,2025,6,36-45
4182,40,Female,Karachi,Karachi East,2025-12-27,2025,12,36-45
4183,25,Male,Karachi,Karachi West,2025-05-15,2025,5,18-25
4184,39,Male,Karachi,Karachi East,2025-04-23,2025,4,36-45
4185,28,Female,Karachi,Karachi East,2025-09-08,2025,9,26-35
4186,44,Female,Karachi,Karachi West,2025-02-10,2025,2,36-45
4187,44,Female,Karachi,Karachi South,2024-04-29,2024,4,36-45
4188,21,Male,Karachi,Malir,2024-11-14,2024,11,18-25
4189,21,Female,Karachi,Karachi South,2025-03-31,2025,3,18-25
4190,21,Female,Karachi,Malir,2024-10-15,2024,10,18-25
4191,35,Male,Karachi,Karachi South,2024-04-24,2024,4,26-35
4192,27,Female,Karachi,Karachi West,2025-06-27,2025,6,26-35
4193,41,Female,Karachi,Keamari,2024-01-28,2024,1,36-45
4194,62,Female,Karachi,Karachi South,2025-05-28,2025,5,56+
4195,23,Female,Karachi,Karachi South,2025-11-04,2025,11,18-25
4196,32,Female,Karachi,Karachi West,2025-10-12,2025,10,26-35
4197,59,Male,Karachi,Malir,2025-05-22,2025,5,56+
4198,25,Male,Karachi,Karachi Central,2024-03-28,2024,3,18-25
4199,45,Female,Karachi,Korangi,2025-06-20,2025,6,36-45
4200,30,Male,Karachi,Keamari,2025-06-16,2025,6,26-35
4201,59,Female,Karachi,Karachi Central,2024-08-01,2024,8,56+
4202,42,Male,Karachi,Korangi,2025-10-21,2025,10,36-45
4203,24,Female,Karachi,Korangi,2024-07-25,2024,7,18-25
4204,18,Female,Karachi,Karachi Central,2025-02-20,2025,2,18-25
4205,43,Male,Karachi,Karachi South,2025-10-02,2025,10,36-45
4206,64,Male,Karachi,Korangi,2024-05-13,2024,5,56+
4207,65,Male,Karachi,Karachi East,2025-03-04,2025,3,56+
4208,36,Male,Karachi,Karachi West,2025-05-13,2025,5,36-45
4209,60,Male,Karachi,Keamari,2024-09-03,2024,9,56+
4210,20,Female,Karachi,Karachi Central,2024-07-29,2024,7,18-25
4211,51,Female,Karachi,Karachi South,2025-08-15,2025,8,46-55
4212,43,Female,Karachi,Karachi Central,2024-06-05,2024,6,36-45
4213,44,Female,Karachi,Karachi Central,2025-08-13,2025,8,36-45
4214,49,Male,Karachi,Karachi East,2024-12-03,2024,12,46-55
4215,42,Male,Karachi,Karachi Central,2025-11-04,2025,11,36-45
4216,64,Male,Karachi,Malir,2024-05-17,2024,5,56+
4217,63,Male,Karachi,Karachi Central,2024-01-11,2024,1,56+
4218,36,Male,Karachi,Karachi West,2024-08-16,2024,8,36-45
4219,64,Female,Karachi,Korangi,2024-02-09,2024,2,56+
4220,39,Female,Karachi,Karachi Central,2024-08-19,2024,8,36-45
4221,45,Female,Karachi,Malir,2024-01-10,2024,1,36-45
4222,65,Male,Karachi,Keamari,2024-08-29,2024,8,56+
4223,31,Male,Karachi,Keamari,2025-09-29,2025,9,26-35
4224,22,Female,Karachi,Karachi South,2024-11-20,2024,11,18-25
4225,63,Male,Karachi,Karachi East,2025-08-07,2025,8,56+
4226,51,Male,Karachi,Korangi,2024-04-13,2024,4,46-55
4227,31,Female,Karachi,Karachi West,2025-07-25,2025,7,26-35
4228,44,Female,Karachi,Korangi,2025-10-17,2025,10,36-45
4229,28,Male,Karachi,Korangi,2024-09-15,2024,9,26-35
4230,52,Female,Karachi,Keamari,2024-07-08,2024,7,46-55
4231,47,Male,Karachi,Malir,2024-02-28,2024,2,46-55
4232,29,Male,Karachi,Karachi Central,2025-11-06,2025,11,26-35
4233,28,Female,Karachi,Korangi,2025-02-07,2025,2,26-35
4234,65,Male,Karachi,Malir,2025-11-06,2025,11,56+
4235,18,Female,Karachi,Karachi Central,2025-01-16,2025,1,18-25
4236,56,Male,Karachi,Karachi East,2024-04-28,2024,4,56+
4237,20,Female,Karachi,Karachi South,2025-04-29,2025,4,18-25
4238,27,Male,Karachi,Keamari,2024-12-20,2024,12,26-35
4239,34,Female,Karachi,Karachi South,2025-03-20,2025,3,26-35
4240,30,Female,Karachi,Karachi West,2024-01-20,2024,1,26-35
4241,48,Male,Karachi,Karachi Central,2025-02-04,2025,2,46-55
4242,64,Male,Karachi,Malir,2025-04-20,2025,4,56+
4243,61,Male,Karachi,Karachi South,2024-09-05,2024,9,56+
4244,18,Female,Karachi,Karachi Central,2024-08-18,2024,8,18-25
4245,19,Female,Karachi,Karachi Central,2025-01-29,2025,1,18-25
4246,23,Female,Karachi,Karachi Central,2024-06-05,2024,6,18-25
4247,57,Male,Karachi,Karachi East,2024-09-21,2024,9,56+
4248,62,Female,Karachi,Malir,2024-11-23,2024,11,56+
4249,49,Female,Karachi,Malir,2024-04-15,2024,4,46-55
4250,42,Male,Karachi,Karachi Central,2024-06-22,2024,6,36-45
4251,18,Female,Karachi,Karachi Central,2024-04-02,2024,4,18-25
4252,36,Male,Karachi,Korangi,2025-07-24,2025,7,36-45
4253,19,Male,Karachi,Karachi South,2024-04-25,2024,4,18-25
4254,43,Male,Karachi,Karachi South,2025-01-11,2025,1,36-45
4255,42,Female,Karachi,Karachi East,2024-09-22,2024,9,36-45
4256,52,Male,Karachi,Karachi East,2024-05-02,2024,5,46-55
4257,44,Female,Karachi,Malir,2025-03-17,2025,3,36-45
4258,63,Female,Karachi,Karachi West,2024-02-27,2024,2,56+
4259,25,Female,Karachi,Korangi,2025-03-27,2025,3,18-25
4260,31,Male,Karachi,Keamari,2024-04-26,2024,4,26-35
4261,60,Male,Karachi,Korangi,2024-05-18,2024,5,56+
4262,27,Female,Karachi,Korangi,2024-04-18,2024,4,26-35
4263,33,Female,Karachi,Karachi South,2024-03-27,2024,3,26-35
4264,46,Female,Karachi,Keamari,2024-07-11,2024,7,46-55
4265,30,Male,Karachi,Karachi Central,2024-07-30,2024,7,26-35
4266,56,Female,Karachi,Keamari,2024-11-23,2024,11,56+
4267,27,Male,Karachi,Karachi West,2024-10-21,2024,10,26-35
4268,28,Male,Karachi,Karachi South,2024-08-11,2024,8,26-35
4269,59,Male,Karachi,Karachi East,2025-07-18,2025,7,56+
4270,33,Female,Karachi,Karachi West,2024-11-11,2024,11,26-35
4271,21,Male,Karachi,Karachi South,2024-12-18,2024,12,18-25
4272,32,Female,Karachi,Korangi,2025-07-03,2025,7,26-35
4273,39,Female,Karachi,Karachi East,2025-11-18,2025,11,36-45
4274,19,Female,Karachi,Karachi South,2024-12-21,2024,12,18-25
4275,34,Female,Karachi,Malir,2025-01-03,2025,1,26-35
4276,54,Female,Karachi,Karachi East,2024-10-09,2024,10,46-55
4277,31,Female,Karachi,Malir,2025-12-10,2025,12,26-35
4278,59,Male,Karachi,Keamari,2025-01-26,2025,1,56+
4279,55,Male,Karachi,Karachi West,2025-10-07,2025,10,46-55
4280,48,Male,Karachi,Keamari,2024-02-02,2024,2,46-55
4281,40,Female,Karachi,Karachi South,2024-01-27,2024,1,36-45
4282,50,Male,Karachi,Korangi,2025-02-09,2025,2,46-55
4283,44,Female,Karachi,Korangi,2025-08-25,2025,8,36-45
4284,64,Female,Karachi,Karachi Central,2024-10-17,2024,10,56+
4285,19,Male,Karachi,Karachi East,2024-09-14,2024,9,18-25
4286,32,Female,Karachi,Karachi Central,2025-12-20,2025,12,26-35
4287,59,Female,Karachi,Karachi Central,2025-01-26,2025,1,56+
4288,41,Male,Karachi,Karachi West,2024-08-26,2024,8,36-45
4289,46,Male,Karachi,Malir,2024-07-12,2024,7,46-55
4290,56,Male,Karachi,Korangi,2024-08-13,2024,8,56+
4291,60,Female,Karachi,Keamari,2025-02-28,2025,2,56+
4292,19,Female,Karachi,Korangi,2024-01-30,2024,1,18-25
4293,50,Male,Karachi,Karachi West,2025-08-29,2025,8,46-55
4294,58,Female,Karachi,Korangi,2024-06-13,2024,6,56+
4295,46,Female,Karachi,Karachi East,2025-09-24,2025,9,46-55
4296,18,Female,Karachi,Malir,2025-05-06,2025,5,18-25
4297,23,Female,Karachi,Karachi West,2024-11-28,2024,11,18-25
4298,45,Female,Karachi,Malir,2025-07-10,2025,7,36-45
4299,65,Male,Karachi,Malir,2024-02-25,2024,2,56+
4300,43,Male,Karachi,Malir,2025-05-23,2025,5,36-45
4301,46,Female,Karachi,Karachi West,2025-04-19,2025,4,46-55
4302,42,Male,Karachi,Keamari,2024-09-05,2024,9,36-45
4303,38,Male,Karachi,Malir,2024-02-16,2024,2,36-45
4304,37,Female,Karachi,Keamari,2024-01-27,2024,1,36-45
4305,36,Female,Karachi,Karachi West,2025-03-06,2025,3,36-45
4306,21,Male,Karachi,Malir,2024-12-23,2024,12,18-25
4307,19,Female,Karachi,Korangi,2025-04-17,2025,4,18-25
4308,46,Female,Karachi,Korangi,2025-01-11,2025,1,46-55
4309,32,Male,Karachi,Malir,2024-09-04,2024,9,26-35
4310,60,Female,Karachi,Keamari,2024-04-25,2024,4,56+
4311,52,Male,Karachi,Korangi,2025-04-09,2025,4,46-55
4312,36,Female,Karachi,Korangi,2024-07-16,2024,7,36-45
4313,62,Male,Karachi,Korangi,2025-12-16,2025,12,56+
4314,34,Female,Karachi,Keamari,2024-08-08,2024,8,26-35
4315,35,Male,Karachi,Karachi South,2025-10-03,2025,10,26-35
4316,23,Female,Karachi,Korangi,2024-02-09,2024,2,18-25
4317,40,Male,Karachi,Karachi Central,2025-09-23,2025,9,36-45
4318,25,Female,Karachi,Korangi,2024-05-07,2024,5,18-25
4319,37,Female,Karachi,Karachi East,2025-11-25,2025,11,36-45
4320,23,Female,Karachi,Karachi South,2024-07-01,2024,7,18-25
4321,18,Female,Karachi,Korangi,2024-10-30,2024,10,18-25
4322,56,Female,Karachi,Keamari,2024-09-21,2024,9,56+
4323,55,Female,Karachi,Malir,2024-04-02,2024,4,46-55
4324,38,Female,Karachi,Karachi East,2024-05-10,2024,5,36-45
4325,45,Female,Karachi,Keamari,2024-09-22,2024,9,36-45
4326,45,Male,Karachi,Karachi West,2024-08-29,2024,8,36-45
4327,18,Male,Karachi,Keamari,2024-04-02,2024,4,18-25
4328,52,Male,Karachi,Karachi West,2024-11-17,2024,11,46-55
4329,62,Male,Karachi,Karachi Central,2024-02-15,2024,2,56+
4330,50,Male,Karachi,Karachi Central,2024-09-08,2024,9,46-55
4331,55,Female,Karachi,Malir,2024-12-17,2024,12,46-55
4332,34,Female,Karachi,Malir,2025-07-06,2025,7,26-35
4333,51,Female,Karachi,Korangi,2025-02-20,2025,2,46-55
4334,51,Male,Karachi,Karachi East,2025-02-11,2025,2,46-55
4335,25,Male,Karachi,Karachi South,2024-08-08,2024,8,18-25
4336,29,Female,Karachi,Malir,2024-11-18,2024,11,26-35
4337,33,Male,Karachi,Korangi,2024-01-13,2024,1,26-35
4338,26,Female,Karachi,Korangi,2024-07-29,2024,7,26-35
4339,31,Female,Karachi,Malir,2025-07-11,2025,7,26-35
4340,24,Male,Karachi,Karachi East,2026-01-06,2026,1,18-25
4341,54,Male,Karachi,Karachi West,2024-09-12,2024,9,46-55
4342,18,Female,Karachi,Keamari,2025-11-03,2025,11,18-25
4343,29,Female,Karachi,Malir,2024-02-24,2024,2,26-35
4344,56,Male,Karachi,Korangi,2025-10-30,2025,10,56+
4345,59,Male,Karachi,Malir,2025-06-26,2025,6,56+
4346,55,Male,Karachi,Korangi,2024-04-16,2024,4,46-55
4347,55,Male,Karachi,Keamari,2025-08-31,2025,8,46-55
4348,36,Female,Karachi,Korangi,2024-09-08,2024,9,36-45
4349,22,Female,Karachi,Korangi,2024-06-13,2024,6,18-25
4350,22,Female,Karachi,Karachi West,2025-12-06,2025,12,18-25
4351,42,Female,Karachi,Karachi Central,2024-10-16,2024,10,36-45
4352,59,Female,Karachi,Keamari,2025-11-10,2025,11,56+
4353,31,Male,Karachi,Korangi,2024-07-26,2024,7,26-35
4354,22,Female,Karachi,Karachi East,2025-03-01,2025,3,18-25
4355,57,Male,Karachi,Malir,2024-06-30,2024,6,56+
4356,26,Female,Karachi,Malir,2024-03-27,2024,3,26-35
4357,53,Male,Karachi,Karachi South,2025-11-03,2025,11,46-55
4358,33,Female,Karachi,Karachi Central,2025-12-20,2025,12,26-35
4359,40,Male,Karachi,Keamari,2024-06-21,2024,6,36-45
4360,24,Female,Karachi,Malir,2025-10-03,2025,10,18-25
4361,47,Male,Karachi,Karachi South,2025-05-05,2025,5,46-55
4362,46,Male,Karachi,Keamari,2025-04-24,2025,4,46-55
4363,33,Male,Karachi,Karachi West,2024-01-11,2024,1,26-35
4364,59,Male,Karachi,Karachi West,2024-01-22,2024,1,56+
4365,38,Male,Karachi,Korangi,2025-12-19,2025,12,36-45
4366,31,Male,Karachi,Keamari,2024-04-23,2024,4,26-35
4367,45,Male,Karachi,Karachi Central,2024-04-05,2024,4,36-45
4368,24,Male,Karachi,Malir,2025-03-22,2025,3,18-25
4369,48,Female,Karachi,Karachi East,2025-11-09,2025,11,46-55
4370,44,Male,Karachi,Karachi Central,2024-05-14,2024,5,36-45
4371,43,Female,Karachi,Karachi Central,2024-03-07,2024,3,36-45
4372,22,Female,Karachi,Karachi West,2025-10-29,2025,10,18-25
4373,19,Female,Karachi,Korangi,2024-02-02,2024,2,18-25
4374,18,Male,Karachi,Malir,2025-08-22,2025,8,18-25
4375,42,Male,Karachi,Karachi East,2024-05-03,2024,5,36-45
4376,64,Female,Karachi,Karachi South,2025-01-27,2025,1,56+
4377,44,Male,Karachi,Karachi Central,2025-10-03,2025,10,36-45
4378,54,Female,Karachi,Keamari,2025-09-24,2025,9,46-55
4379,58,Female,Karachi,Korangi,2024-03-01,2024,3,56+
4380,34,Male,Karachi,Karachi East,2025-04-08,2025,4,26-35
4381,46,Male,Karachi,Karachi West,2024-02-01,2024,2,46-55
4382,52,Female,Karachi,Karachi East,2025-07-23,2025,7,46-55
4383,59,Male,Karachi,Karachi East,2025-12-13,2025,12,56+
4384,27,Female,Karachi,Karachi South,2025-08-12,2025,8,26-35
4385,57,Male,Karachi,Keamari,2024-12-13,2024,12,56+
4386,20,Male,Karachi,Korangi,2025-12-04,2025,12,18-25
4387,59,Male,Karachi,Malir,2024-08-12,2024,8,56+
4388,53,Female,Karachi,Karachi East,2024-02-26,2024,2,46-55
4389,45,Female,Karachi,Karachi South,2025-03-13,2025,3,36-45
4390,38,Female,Karachi,Korangi,2024-10-23,2024,10,36-45
4391,32,Female,Karachi,Karachi East,2024-03-20,2024,3,26-35
4392,60,Female,Karachi,Karachi South,2024-07-08,2024,7,56+
4393,40,Male,Karachi,Keamari,2025-09-26,2025,9,36-45
4394,40,Female,Karachi,Karachi West,2025-06-11,2025,6,36-45
4395,65,Female,Karachi,Karachi South,2024-03-18,2024,3,56+
4396,20,Male,Karachi,Karachi South,2024-09-08,2024,9,18-25
4397,65,Male,Karachi,Karachi Central,2024-01-13,2024,1,56+
4398,53,Male,Karachi,Karachi East,2025-08-31,2025,8,46-55
4399,53,Female,Karachi,Malir,2025-04-17,2025,4,46-55
4400,44,Male,Karachi,Keamari,2025-02-17,2025,2,36-45
4401,36,Male,Karachi,Karachi Central,2024-08-06,2024,8,36-45
4402,21,Female,Karachi,Karachi East,2024-01-12,2024,1,18-25
4403,44,Female,Karachi,Karachi South,2024-02-19,2024,2,36-45
4404,51,Female,Karachi,Keamari,2024-08-25,2024,8,46-55
4405,64,Female,Karachi,Karachi West,2024-02-24,2024,2,56+
4406,64,Male,Karachi,Malir,2024-08-18,2024,8,56+
4407,61,Female,Karachi,Karachi South,2025-04-19,2025,4,56+
4408,36,Male,Karachi,Malir,2025-04-03,2025,4,36-45
4409,36,Male,Karachi,Karachi South,2025-07-22,2025,7,36-45
4410,34,Male,Karachi,Karachi Central,2024-03-14,2024,3,26-35
4411,19,Female,Karachi,Korangi,2024-09-14,2024,9,18-25
4412,20,Male,Karachi,Karachi East,2025-07-08,2025,7,18-25
4413,44,Male,Karachi,Karachi Central,2025-04-20,2025,4,36-45
4414,20,Male,Karachi,Karachi South,2024-05-06,2024,5,18-25
4415,41,Female,Karachi,Karachi East,2024-11-22,2024,11,36-45
4416,28,Male,Karachi,Korangi,2024-06-07,2024,6,26-35
4417,21,Female,Karachi,Korangi,2025-06-10,2025,6,18-25
4418,40,Male,Karachi,Karachi East,2024-04-02,2024,4,36-45
4419,61,Male,Karachi,Karachi Central,2025-04-18,2025,4,56+
4420,44,Female,Karachi,Karachi Central,2025-09-05,2025,9,36-45
4421,60,Female,Karachi,Malir,2025-06-11,2025,6,56+
4422,21,Female,Karachi,Karachi Central,2024-09-07,2024,9,18-25
4423,23,Male,Karachi,Karachi West,2024-11-07,2024,11,18-25
4424,28,Female,Karachi,Korangi,2025-02-04,2025,2,26-35
4425,31,Male,Karachi,Karachi Central,2025-11-26,2025,11,26-35
4426,40,Female,Karachi,Karachi East,2025-04-22,2025,4,36-45
4427,28,Female,Karachi,Karachi West,2025-02-01,2025,2,26-35
4428,62,Female,Karachi,Karachi Central,2024-08-05,2024,8,56+
4429,39,Female,Karachi,Korangi,2024-03-29,2024,3,36-45
4430,30,Male,Karachi,Keamari,2024-12-02,2024,12,26-35
4431,39,Female,Karachi,Keamari,2025-10-06,2025,10,36-45
4432,61,Male,Karachi,Korangi,2025-08-28,2025,8,56+
4433,54,Male,Karachi,Malir,2025-06-02,2025,6,46-55
4434,39,Female,Karachi,Keamari,2024-06-20,2024,6,36-45
4435,36,Female,Karachi,Karachi East,2024-11-14,2024,11,36-45
4436,56,Female,Karachi,Malir,2025-09-01,2025,9,56+
4437,62,Male,Karachi,Karachi East,2025-10-08,2025,10,56+
4438,35,Male,Karachi,Karachi West,2024-05-15,2024,5,26-35
4439,20,Male,Karachi,Korangi,2024-04-04,2024,4,18-25
4440,47,Male,Karachi,Keamari,2025-06-22,2025,6,46-55
4441,27,Female,Karachi,Keamari,2025-06-21,2025,6,26-35
4442,56,Female,Karachi,Keamari,2025-02-09,2025,2,56+
4443,41,Female,Karachi,Karachi West,2024-04-30,2024,4,36-45
4444,18,Male,Karachi,Malir,2024-02-02,2024,2,18-25
4445,19,Male,Karachi,Karachi East,2024-10-31,2024,10,18-25
4446,56,Female,Karachi,Korangi,2025-09-01,2025,9,56+
4447,51,Female,Karachi,Karachi South,2024-06-09,2024,6,46-55
4448,41,Female,Karachi,Keamari,2025-06-11,2025,6,36-45
4449,40,Female,Karachi,Karachi Central,2025-11-19,2025,11,36-45
4450,31,Male,Karachi,Keamari,2025-04-19,2025,4,26-35
4451,57,Female,Karachi,Malir,2025-11-25,2025,11,56+
4452,35,Male,Karachi,Malir,2025-06-05,2025,6,26-35
4453,21,Male,Karachi,Keamari,2026-01-02,2026,1,18-25
4454,57,Male,Karachi,Karachi East,2025-04-04,2025,4,56+
4455,47,Male,Karachi,Karachi South,2025-11-06,2025,11,46-55
4456,49,Female,Karachi,Keamari,2025-01-20,2025,1,46-55
4457,58,Female,Karachi,Korangi,2025-12-19,2025,12,56+
4458,62,Male,Karachi,Karachi Central,2025-02-25,2025,2,56+
4459,63,Female,Karachi,Karachi West,2025-08-17,2025,8,56+
4460,47,Female,Karachi,Karachi East,2025-03-20,2025,3,46-55
4461,47,Female,Karachi,Karachi South,2025-10-18,2025,10,46-55
4462,62,Male,Karachi,Korangi,2025-06-02,2025,6,56+
4463,63,Female,Karachi,Karachi Central,2024-11-06,2024,11,56+
4464,33,Female,Karachi,Korangi,2024-04-20,2024,4,26-35
4465,34,Female,Karachi,Karachi Central,2024-06-20,2024,6,26-35
4466,52,Female,Karachi,Keamari,2024-10-13,2024,10,46-55
4467,59,Male,Karachi,Karachi West,2025-05-09,2025,5,56+
4468,53,Male,Karachi,Malir,2026-01-05,2026,1,46-55
4469,30,Female,Karachi,Korangi,2025-10-12,2025,10,26-35
4470,63,Female,Karachi,Karachi East,2025-04-28,2025,4,56+
4471,28,Female,Karachi,Malir,2025-11-01,2025,11,26-35
4472,57,Female,Karachi,Korangi,2024-11-30,2024,11,56+
4473,63,Female,Karachi,Karachi South,2025-01-04,2025,1,56+
4474,53,Female,Karachi,Karachi South,2024-05-17,2024,5,46-55
4475,30,Male,Karachi,Karachi West,2025-07-01,2025,7,26-35
4476,19,Female,Karachi,Korangi,2025-12-15,2025,12,18-25
4477,22,Female,Karachi,Korangi,2025-02-28,2025,2,18-25
4478,63,Male,Karachi,Karachi Central,2025-08-07,2025,8,56+
4479,59,Male,Karachi,Karachi Central,2025-03-14,2025,3,56+
4480,56,Male,Karachi,Karachi South,2025-06-08,2025,6,56+
4481,44,Female,Karachi,Karachi Central,2024-11-12,2024,11,36-45
4482,47,Female,Karachi,Karachi East,2024-04-26,2024,4,46-55
4483,39,Female,Karachi,Karachi West,2025-10-24,2025,10,36-45
4484,62,Male,Karachi,Malir,2025-07-25,2025,7,56+
4485,31,Female,Karachi,Korangi,2025-02-28,2025,2,26-35
4486,57,Female,Karachi,Keamari,2025-11-06,2025,11,56+
4487,62,Male,Karachi,Malir,2024-08-03,2024,8,56+
4488,47,Female,Karachi,Karachi South,2024-04-17,2024,4,46-55
4489,37,Female,Karachi,Karachi West,2024-01-11,2024,1,36-45
4490,39,Female,Karachi,Korangi,2024-08-31,2024,8,36-45
4491,28,Male,Karachi,Karachi West,2025-08-09,2025,8,26-35
4492,53,Male,Karachi,Karachi Central,2024-06-17,2024,6,46-55
4493,26,Female,Karachi,Malir,2025-05-05,2025,5,26-35
4494,21,Male,Karachi,Karachi East,2024-04-14,2024,4,18-25
4495,31,Male,Karachi,Keamari,2025-09-17,2025,9,26-35
4496,29,Male,Karachi,Karachi East,2025-12-14,2025,12,26-35
4497,19,Female,Karachi,Keamari,2024-06-19,2024,6,18-25
4498,48,Female,Karachi,Karachi East,2025-04-04,2025,4,46-55
4499,56,Female,Karachi,Karachi East,2025-07-29,2025,7,56+
4500,22,Male,Karachi,Karachi West,2024-03-27,2024,3,18-25
4501,20,Male,Karachi,Karachi West,2025-12-04,2025,12,18-25
4502,29,Female,Karachi,Malir,2024-02-17,2024,2,26-35
4503,35,Male,Karachi,Malir,2024-08-01,2024,8,26-35
4504,46,Female,Karachi,Karachi East,2025-11-12,2025,11,46-55
4505,32,Female,Karachi,Karachi East,2024-06-02,2024,6,26-35
4506,24,Female,Karachi,Karachi East,2025-02-10,2025,2,18-25
4507,37,Female,Karachi,Karachi Central,2024-08-16,2024,8,36-45
4508,58,Male,Karachi,Karachi West,2025-08-31,2025,8,56+
4509,48,Female,Karachi,Karachi South,2024-07-05,2024,7,46-55
4510,64,Female,Karachi,Karachi South,2024-03-31,2024,3,56+
4511,45,Male,Karachi,Karachi South,2025-11-29,2025,11,36-45
4512,52,Male,Karachi,Karachi South,2025-01-30,2025,1,46-55
4513,58,Female,Karachi,Karachi West,2025-05-21,2025,5,56+
4514,39,Male,Karachi,Karachi Central,2025-05-15,2025,5,36-45
4515,40,Male,Karachi,Malir,2025-10-18,2025,10,36-45
4516,54,Female,Karachi,Karachi Central,2025-08-01,2025,8,46-55
4517,19,Male,Karachi,Malir,2024-02-05,2024,2,18-25
4518,33,Female,Karachi,Karachi West,2025-11-09,2025,11,26-35
4519,31,Male,Karachi,Malir,2025-04-27,2025,4,26-35
4520,20,Male,Karachi,Karachi West,2024-04-22,2024,4,18-25
4521,58,Female,Karachi,Malir,2024-03-11,2024,3,56+
4522,22,Female,Karachi,Karachi West,2025-07-08,2025,7,18-25
4523,64,Male,Karachi,Korangi,2025-06-11,2025,6,56+
4524,39,Female,Karachi,Karachi East,2024-06-23,2024,6,36-45
4525,62,Male,Karachi,Korangi,2024-11-22,2024,11,56+
4526,44,Male,Karachi,Karachi East,2024-10-31,2024,10,36-45
4527,22,Female,Karachi,Keamari,2025-02-18,2025,2,18-25
4528,55,Male,Karachi,Keamari,2024-04-15,2024,4,46-55
4529,63,Female,Karachi,Karachi South,2025-09-30,2025,9,56+
4530,36,Male,Karachi,Karachi South,2024-08-13,2024,8,36-45
4531,23,Female,Karachi,Karachi West,2025-05-03,2025,5,18-25
4532,35,Female,Karachi,Malir,2025-10-26,2025,10,26-35
4533,64,Female,Karachi,Malir,2024-10-24,2024,10,56+
4534,49,Male,Karachi,Korangi,2024-05-16,2024,5,46-55
4535,20,Male,Karachi,Malir,2025-04-14,2025,4,18-25
4536,42,Female,Karachi,Korangi,2025-05-18,2025,5,36-45
4537,59,Male,Karachi,Keamari,2024-06-06,2024,6,56+
4538,37,Male,Karachi,Karachi Central,2024-03-23,2024,3,36-45
4539,51,Male,Karachi,Malir,2024-12-25,2024,12,46-55
4540,26,Male,Karachi,Karachi Central,2025-09-30,2025,9,26-35
4541,23,Male,Karachi,Karachi West,2024-04-02,2024,4,18-25
4542,56,Female,Karachi,Malir,2025-08-23,2025,8,56+
4543,38,Male,Karachi,Karachi Central,2024-05-17,2024,5,36-45
4544,43,Male,Karachi,Karachi West,2025-06-24,2025,6,36-45
4545,49,Female,Karachi,Karachi South,2024-04-10,2024,4,46-55
4546,59,Male,Karachi,Karachi Central,2024-09-19,2024,9,56+
4547,35,Female,Karachi,Karachi South,2024-08-02,2024,8,26-35
4548,57,Male,Karachi,Karachi Central,2024-12-01,2024,12,56+
4549,61,Female,Karachi,Malir,2024-02-20,2024,2,56+
4550,35,Female,Karachi,Korangi,2025-03-09,2025,3,26-35
4551,54,Female,Karachi,Malir,2025-05-22,2025,5,46-55
4552,57,Female,Karachi,Karachi East,2025-09-05,2025,9,56+
4553,54,Male,Karachi,Karachi West,2024-08-02,2024,8,46-55
4554,47,Male,Karachi,Karachi West,2024-11-02,2024,11,46-55
4555,33,Female,Karachi,Karachi West,2025-09-15,2025,9,26-35
4556,30,Female,Karachi,Korangi,2025-05-03,2025,5,26-35
4557,24,Female,Karachi,Keamari,2025-03-05,2025,3,18-25
4558,22,Female,Karachi,Korangi,2025-02-19,2025,2,18-25
4559,64,Female,Karachi,Keamari,2024-08-14,2024,8,56+
4560,55,Female,Karachi,Korangi,2024-12-20,2024,12,46-55
4561,25,Female,Karachi,Malir,2024-07-28,2024,7,18-25
4562,63,Male,Karachi,Malir,2024-05-04,2024,5,56+
4563,23,Male,Karachi,Karachi Central,2026-01-05,2026,1,18-25
4564,33,Female,Karachi,Karachi West,2025-04-12,2025,4,26-35
4565,64,Male,Karachi,Karachi East,2024-02-19,2024,2,56+
4566,57,Male,Karachi,Korangi,2025-07-13,2025,7,56+
4567,23,Male,Karachi,Malir,2025-09-20,2025,9,18-25
4568,54,Female,Karachi,Malir,2024-05-01,2024,5,46-55
4569,52,Male,Karachi,Keamari,2026-01-03,2026,1,46-55
4570,57,Female,Karachi,Karachi Central,2024-02-20,2024,2,56+
4571,22,Female,Karachi,Malir,2025-05-07,2025,5,18-25
4572,29,Female,Karachi,Karachi Central,2025-12-13,2025,12,26-35
4573,32,Male,Karachi,Malir,2025-11-26,2025,11,26-35
4574,62,Female,Karachi,Keamari,2025-01-25,2025,1,56+
4575,65,Male,Karachi,Karachi South,2025-11-08,2025,11,56+
4576,40,Male,Karachi,Malir,2024-02-11,2024,2,36-45
4577,20,Female,Karachi,Karachi Central,2025-10-11,2025,10,18-25
4578,28,Male,Karachi,Karachi South,2024-03-14,2024,3,26-35
4579,47,Male,Karachi,Korangi,2025-10-20,2025,10,46-55
4580,47,Female,Karachi,Keamari,2024-11-08,2024,11,46-55
4581,37,Male,Karachi,Karachi West,2024-03-01,2024,3,36-45
4582,21,Male,Karachi,Malir,2025-08-05,2025,8,18-25
4583,63,Female,Karachi,Karachi East,2025-02-13,2025,2,56+
4584,45,Female,Karachi,Karachi Central,2025-04-12,2025,4,36-45
4585,28,Male,Karachi,Karachi West,2024-09-14,2024,9,26-35
4586,55,Male,Karachi,Karachi South,2024-06-17,2024,6,46-55
4587,46,Female,Karachi,Korangi,2025-04-10,2025,4,46-55
4588,44,Female,Karachi,Karachi East,2025-06-04,2025,6,36-45
4589,46,Female,Karachi,Karachi South,2024-02-20,2024,2,46-55
4590,28,Male,Karachi,Karachi Central,2024-12-10,2024,12,26-35
4591,56,Male,Karachi,Karachi East,2025-02-01,2025,2,56+
4592,34,Female,Karachi,Karachi East,2025-03-12,2025,3,26-35
4593,41,Female,Karachi,Karachi Central,2024-05-18,2024,5,36-45
4594,18,Male,Karachi,Malir,2025-08-16,2025,8,18-25
4595,50,Female,Karachi,Karachi East,2024-11-26,2024,11,46-55
4596,22,Female,Karachi,Karachi Central,2024-12-15,2024,12,18-25
4597,56,Male,Karachi,Karachi South,2025-01-21,2025,1,56+
4598,34,Female,Karachi,Malir,2024-09-06,2024,9,26-35
4599,35,Female,Karachi,Korangi,2025-06-20,2025,6,26-35
4600,59,Female,Karachi,Korangi,2025-07-09,2025,7,56+
4601,23,Female,Karachi,Karachi East,2024-07-15,2024,7,18-25
4602,63,Female,Karachi,Malir,2024-11-10,2024,11,56+
4603,42,Male,Karachi,Karachi West,2024-10-11,2024,10,36-45
4604,43,Female,Karachi,Korangi,2024-07-25,2024,7,36-45
4605,23,Male,Karachi,Karachi Central,2025-06-13,2025,6,18-25
4606,29,Female,Karachi,Karachi Central,2024-09-29,2024,9,26-35
4607,37,Male,Karachi,Karachi East,2024-09-29,2024,9,36-45
4608,61,Female,Karachi,Karachi Central,2024-06-18,2024,6,56+
4609,20,Female,Karachi,Karachi West,2025-11-27,2025,11,18-25
4610,28,Male,Karachi,Malir,2025-05-27,2025,5,26-35
4611,65,Female,Karachi,Karachi Central,2024-12-15,2024,12,56+
4612,41,Male,Karachi,Karachi East,2024-05-18,2024,5,36-45
4613,28,Female,Karachi,Karachi South,2024-12-29,2024,12,26-35
4614,19,Male,Karachi,Karachi South,2025-10-20,2025,10,18-25
4615,56,Female,Karachi,Karachi West,2026-01-03,2026,1,56+
4616,51,Male,Karachi,Malir,2025-07-18,2025,7,46-55
4617,18,Male,Karachi,Karachi West,2025-04-17,2025,4,18-25
4618,24,Female,Karachi,Karachi South,2024-06-16,2024,6,18-25
4619,27,Male,Karachi,Karachi South,2025-09-04,2025,9,26-35
4620,58,Female,Karachi,Karachi East,2025-11-30,2025,11,56+
4621,22,Male,Karachi,Korangi,2025-01-25,2025,1,18-25
4622,34,Female,Karachi,Karachi East,2024-10-18,2024,10,26-35
4623,33,Female,Karachi,Karachi Central,2024-08-17,2024,8,26-35
4624,34,Female,Karachi,Karachi South,2024-12-28,2024,12,26-35
4625,35,Male,Karachi,Karachi West,2025-01-29,2025,1,26-35
4626,30,Male,Karachi,Korangi,2024-02-20,2024,2,26-35
4627,28,Male,Karachi,Karachi Central,2024-07-10,2024,7,26-35
4628,18,Female,Karachi,Korangi,2024-03-29,2024,3,18-25
4629,39,Male,Karachi,Karachi South,2025-03-08,2025,3,36-45
4630,28,Female,Karachi,Karachi South,2025-06-27,2025,6,26-35
4631,50,Female,Karachi,Karachi East,2024-04-02,2024,4,46-55
4632,39,Male,Karachi,Karachi East,2024-11-15,2024,11,36-45
4633,46,Male,Karachi,Karachi South,2025-05-04,2025,5,46-55
4634,52,Female,Karachi,Malir,2024-08-02,2024,8,46-55
4635,44,Female,Karachi,Malir,2025-05-18,2025,5,36-45
4636,60,Male,Karachi,Korangi,2024-06-28,2024,6,56+
4637,25,Female,Karachi,Karachi Central,2025-09-07,2025,9,18-25
4638,36,Male,Karachi,Korangi,2024-05-07,2024,5,36-45
4639,49,Male,Karachi,Karachi West,2024-05-02,2024,5,46-55
4640,44,Male,Karachi,Karachi South,2025-06-22,2025,6,36-45
4641,50,Male,Karachi,Malir,2025-05-20,2025,5,46-55
4642,26,Female,Karachi,Keamari,2025-12-03,2025,12,26-35
4643,39,Female,Karachi,Korangi,2024-04-09,2024,4,36-45
4644,21,Female,Karachi,Karachi South,2025-04-05,2025,4,18-25
4645,26,Female,Karachi,Karachi South,2024-08-17,2024,8,26-35
4646,57,Female,Karachi,Keamari,2025-12-21,2025,12,56+
4647,45,Male,Karachi,Korangi,2024-08-30,2024,8,36-45
4648,46,Female,Karachi,Malir,2024-05-14,2024,5,46-55
4649,32,Male,Karachi,Keamari,2024-05-10,2024,5,26-35
4650,55,Male,Karachi,Korangi,2025-08-11,2025,8,46-55
4651,35,Female,Karachi,Karachi South,2024-04-28,2024,4,26-35
4652,59,Female,Karachi,Karachi South,2025-09-22,2025,9,56+
4653,20,Male,Karachi,Korangi,2025-05-04,2025,5,18-25
4654,54,Male,Karachi,Karachi East,2026-01-02,2026,1,46-55
4655,20,Male,Karachi,Korangi,2024-04-18,2024,4,18-25
4656,35,Male,Karachi,Karachi Central,2025-02-26,2025,2,26-35
4657,63,Male,Karachi,Karachi Central,2024-11-05,2024,11,56+
4658,49,Female,Karachi,Karachi South,2025-09-03,2025,9,46-55
4659,57,Female,Karachi,Korangi,2024-11-16,2024,11,56+
4660,25,Female,Karachi,Karachi East,2025-08-16,2025,8,18-25
4661,30,Female,Karachi,Karachi West,2024-07-24,2024,7,26-35
4662,45,Female,Karachi,Karachi South,2025-12-29,2025,12,36-45
4663,63,Male,Karachi,Karachi Central,2025-08-27,2025,8,56+
4664,23,Female,Karachi,Karachi South,2025-08-16,2025,8,18-25
4665,53,Female,Karachi,Karachi East,2025-04-03,2025,4,46-55
4666,45,Female,Karachi,Korangi,2025-01-16,2025,1,36-45
4667,43,Male,Karachi,Karachi South,2025-11-10,2025,11,36-45
4668,51,Female,Karachi,Keamari,2025-05-16,2025,5,46-55
4669,30,Female,Karachi,Karachi South,2025-11-14,2025,11,26-35
4670,20,Male,Karachi,Malir,2024-10-12,2024,10,18-25
4671,22,Male,Karachi,Malir,2024-12-04,2024,12,18-25
4672,48,Female,Karachi,Karachi South,2024-09-15,2024,9,46-55
4673,36,Female,Karachi,Karachi West,2024-09-24,2024,9,36-45
4674,63,Female,Karachi,Karachi Central,2025-08-27,2025,8,56+
4675,42,Male,Karachi,Karachi Central,2024-07-21,2024,7,36-45
4676,38,Female,Karachi,Karachi South,2024-08-17,2024,8,36-45
4677,41,Male,Karachi,Korangi,2025-11-01,2025,11,36-45
4678,40,Female,Karachi,Karachi South,2024-12-10,2024,12,36-45
4679,42,Female,Karachi,Keamari,2024-12-19,2024,12,36-45
4680,41,Male,Karachi,Karachi West,2024-07-25,2024,7,36-45
4681,40,Female,Karachi,Malir,2024-11-22,2024,11,36-45
4682,61,Female,Karachi,Malir,2025-05-27,2025,5,56+
4683,42,Female,Karachi,Malir,2024-11-28,2024,11,36-45
4684,38,Male,Karachi,Korangi,2024-12-03,2024,12,36-45
4685,20,Male,Karachi,Malir,2024-01-23,2024,1,18-25
4686,23,Male,Karachi,Karachi East,2025-10-30,2025,10,18-25
4687,19,Male,Karachi,Korangi,2024-09-10,2024,9,18-25
4688,28,Female,Karachi,Karachi Central,2025-10-10,2025,10,26-35
4689,32,Female,Karachi,Malir,2025-02-07,2025,2,26-35
4690,47,Female,Karachi,Karachi South,2025-08-13,2025,8,46-55
4691,65,Male,Karachi,Korangi,2024-08-27,2024,8,56+
4692,39,Female,Karachi,Karachi East,2024-05-14,2024,5,36-45
4693,18,Female,Karachi,Keamari,2025-08-13,2025,8,18-25
4694,48,Male,Karachi,Karachi West,2024-07-03,2024,7,46-55
4695,45,Female,Karachi,Karachi East,2024-01-07,2024,1,36-45
4696,46,Male,Karachi,Malir,2024-06-21,2024,6,46-55
4697,43,Female,Karachi,Korangi,2025-10-24,2025,10,36-45
4698,50,Male,Karachi,Karachi West,2025-03-04,2025,3,46-55
4699,32,Male,Karachi,Karachi South,2025-11-02,2025,11,26-35
4700,64,Male,Karachi,Karachi West,2025-04-18,2025,4,56+
4701,48,Female,Karachi,Karachi Central,2025-04-28,2025,4,46-55
4702,49,Male,Karachi,Karachi East,2025-12-02,2025,12,46-55
4703,28,Female,Karachi,Karachi South,2025-11-09,2025,11,26-35
4704,59,Male,Karachi,Karachi Central,2025-05-31,2025,5,56+
4705,64,Male,Karachi,Karachi East,2024-04-06,2024,4,56+
4706,51,Female,Karachi,Karachi South,2025-07-26,2025,7,46-55
4707,61,Female,Karachi,Malir,2024-05-11,2024,5,56+
4708,18,Male,Karachi,Karachi South,2024-01-29,2024,1,18-25
4709,54,Male,Karachi,Keamari,2024-02-18,2024,2,46-55
4710,59,Female,Karachi,Karachi South,2025-05-10,2025,5,56+
4711,49,Male,Karachi,Korangi,2024-07-26,2024,7,46-55
4712,35,Female,Karachi,Malir,2024-01-18,2024,1,26-35
4713,63,Female,Karachi,Karachi East,2025-12-02,2025,12,56+
4714,23,Male,Karachi,Karachi Central,2025-05-22,2025,5,18-25
4715,55,Male,Karachi,Karachi Central,2025-01-20,2025,1,46-55
4716,50,Female,Karachi,Keamari,2025-06-17,2025,6,46-55
4717,39,Male,Karachi,Korangi,2024-12-03,2024,12,36-45
4718,50,Male,Karachi,Karachi Central,2024-04-15,2024,4,46-55
4719,40,Female,Karachi,Korangi,2024-08-25,2024,8,36-45
4720,41,Female,Karachi,Korangi,2025-01-27,2025,1,36-45
4721,21,Female,Karachi,Karachi Central,2025-08-06,2025,8,18-25
4722,61,Female,Karachi,Karachi Central,2025-01-23,2025,1,56+
4723,47,Female,Karachi,Malir,2024-05-30,2024,5,46-55
4724,46,Female,Karachi,Korangi,2024-08-06,2024,8,46-55
4725,38,Female,Karachi,Karachi Central,2025-08-06,2025,8,36-45
4726,30,Male,Karachi,Korangi,2025-07-22,2025,7,26-35
4727,48,Male,Karachi,Karachi East,2024-09-18,2024,9,46-55
4728,39,Female,Karachi,Karachi East,2025-01-27,2025,1,36-45
4729,54,Female,Karachi,Keamari,2025-12-07,2025,12,46-55
4730,32,Female,Karachi,Korangi,2025-06-18,2025,6,26-35
4731,36,Male,Karachi,Karachi Central,2024-08-17,2024,8,36-45
4732,34,Female,Karachi,Karachi West,2025-09-28,2025,9,26-35
4733,34,Male,Karachi,Karachi East,2025-04-10,2025,4,26-35
4734,64,Male,Karachi,Karachi East,2025-08-15,2025,8,56+
4735,63,Male,Karachi,Keamari,2024-11-25,2024,11,56+
4736,56,Male,Karachi,Karachi West,2025-12-02,2025,12,56+
4737,48,Female,Karachi,Keamari,2024-09-01,2024,9,46-55
4738,62,Male,Karachi,Korangi,2025-11-28,2025,11,56+
4739,45,Female,Karachi,Keamari,2025-11-17,2025,11,36-45
4740,46,Female,Karachi,Karachi East,2025-02-11,2025,2,46-55
4741,55,Male,Karachi,Keamari,2024-03-20,2024,3,46-55
4742,26,Male,Karachi,Karachi Central,2024-05-13,2024,5,26-35
4743,27,Female,Karachi,Karachi South,2024-08-22,2024,8,26-35
4744,33,Female,Karachi,Karachi South,2024-10-07,2024,10,26-35
4745,48,Male,Karachi,Keamari,2025-01-26,2025,1,46-55
4746,54,Female,Karachi,Karachi Central,2025-04-09,2025,4,46-55
4747,24,Female,Karachi,Karachi South,2025-04-14,2025,4,18-25
4748,20,Female,Karachi,Korangi,2024-07-01,2024,7,18-25
4749,19,Female,Karachi,Karachi West,2025-08-19,2025,8,18-25
4750,34,Female,Karachi,Karachi South,2025-08-04,2025,8,26-35
4751,32,Male,Karachi,Malir,2024-05-18,2024,5,26-35
4752,65,Female,Karachi,Karachi Central,2025-03-04,2025,3,56+
4753,29,Female,Karachi,Malir,2025-06-15,2025,6,26-35
4754,46,Male,Karachi,Karachi East,2024-12-15,2024,12,46-55
4755,25,Female,Karachi,Keamari,2024-09-29,2024,9,18-25
4756,39,Male,Karachi,Karachi Central,2025-05-01,2025,5,36-45
4757,63,Male,Karachi,Karachi East,2024-03-01,2024,3,56+
4758,19,Male,Karachi,Malir,2024-08-27,2024,8,18-25
4759,28,Male,Karachi,Karachi Central,2025-03-06,2025,3,26-35
4760,58,Male,Karachi,Karachi Central,2024-10-28,2024,10,56+
4761,32,Male,Karachi,Malir,2024-07-12,2024,7,26-35
4762,64,Female,Karachi,Malir,2025-11-22,2025,11,56+
4763,26,Female,Karachi,Karachi South,2025-10-03,2025,10,26-35
4764,24,Male,Karachi,Karachi South,2025-12-26,2025,12,18-25
4765,19,Female,Karachi,Karachi South,2025-05-10,2025,5,18-25
4766,32,Male,Karachi,Korangi,2025-09-04,2025,9,26-35
4767,51,Female,Karachi,Malir,2025-10-05,2025,10,46-55
4768,60,Male,Karachi,Karachi South,2025-12-11,2025,12,56+
4769,32,Female,Karachi,Korangi,2025-07-12,2025,7,26-35
4770,51,Male,Karachi,Karachi South,2025-08-13,2025,8,46-55
4771,29,Female,Karachi,Malir,2024-08-05,2024,8,26-35
4772,46,Female,Karachi,Karachi West,2024-02-04,2024,2,46-55
4773,55,Female,Karachi,Karachi South,2024-08-04,2024,8,46-55
4774,62,Female,Karachi,Karachi South,2025-07-28,2025,7,56+
4775,28,Female,Karachi,Malir,2024-10-07,2024,10,26-35
4776,43,Male,Karachi,Keamari,2024-08-22,2024,8,36-45
4777,22,Male,Karachi,Karachi South,2024-05-25,2024,5,18-25
4778,47,Male,Karachi,Karachi East,2025-12-11,2025,12,46-55
4779,23,Male,Karachi,Korangi,2025-03-17,2025,3,18-25
4780,50,Female,Karachi,Karachi South,2024-10-17,2024,10,46-55
4781,21,Female,Karachi,Malir,2025-05-01,2025,5,18-25
4782,47,Male,Karachi,Karachi South,2025-04-11,2025,4,46-55
4783,31,Female,Karachi,Keamari,2025-03-22,2025,3,26-35
4784,51,Female,Karachi,Malir,2024-09-28,2024,9,46-55
4785,42,Male,Karachi,Karachi West,2025-04-30,2025,4,36-45
4786,27,Female,Karachi,Karachi West,2024-08-29,2024,8,26-35
4787,38,Female,Karachi,Karachi East,2024-07-29,2024,7,36-45
4788,64,Female,Karachi,Karachi South,2025-01-19,2025,1,56+
4789,55,Male,Karachi,Karachi West,2025-02-08,2025,2,46-55
4790,21,Female,Karachi,Karachi East,2024-09-29,2024,9,18-25
4791,28,Female,Karachi,Karachi East,2024-01-22,2024,1,26-35
4792,33,Female,Karachi,Karachi East,2025-06-29,2025,6,26-35
4793,49,Female,Karachi,Malir,2025-09-23,2025,9,46-55
4794,45,Male,Karachi,Keamari,2025-12-17,2025,12,36-45
4795,27,Female,Karachi,Karachi West,2025-07-19,2025,7,26-35
4796,20,Male,Karachi,Karachi East,2024-01-11,2024,1,18-25
4797,43,Female,Karachi,Malir,2025-11-25,2025,11,36-45
4798,19,Female,Karachi,Keamari,2025-01-11,2025,1,18-25
4799,18,Male,Karachi,Karachi Central,2024-10-28,2024,10,18-25
4800,53,Male,Karachi,Karachi West,2024-04-10,2024,4,46-55
4801,50,Male,Karachi,Karachi Central,2024-09-19,2024,9,46-55
4802,43,Female,Karachi,Karachi West,2025-10-24,2025,10,36-45
4803,56,Male,Karachi,Karachi Central,2025-10-14,2025,10,56+
4804,46,Female,Karachi,Karachi South,2025-06-19,2025,6,46-55
4805,51,Female,Karachi,Korangi,2024-09-23,2024,9,46-55
4806,46,Male,Karachi,Karachi Central,2024-02-27,2024,2,46-55
4807,41,Female,Karachi,Karachi Central,2025-07-16,2025,7,36-45
4808,35,Female,Karachi,Karachi Central,2024-09-18,2024,9,26-35
4809,59,Female,Karachi,Karachi Central,2025-05-19,2025,5,56+
4810,44,Male,Karachi,Keamari,2025-05-07,2025,5,36-45
4811,43,Female,Karachi,Karachi East,2024-10-20,2024,10,36-45
4812,58,Male,Karachi,Malir,2024-05-18,2024,5,56+
4813,43,Female,Karachi,Malir,2024-02-09,2024,2,36-45
4814,23,Male,Karachi,Karachi Central,2025-11-20,2025,11,18-25
4815,39,Male,Karachi,Karachi West,2024-11-17,2024,11,36-45
4816,49,Female,Karachi,Malir,2024-08-07,2024,8,46-55
4817,22,Male,Karachi,Malir,2025-10-09,2025,10,18-25
4818,50,Male,Karachi,Karachi Central,2024-04-30,2024,4,46-55
4819,19,Male,Karachi,Keamari,2024-04-06,2024,4,18-25
4820,53,Male,Karachi,Malir,2024-03-20,2024,3,46-55
4821,57,Male,Karachi,Korangi,2025-01-29,2025,1,56+
4822,51,Female,Karachi,Malir,2025-06-16,2025,6,46-55
4823,38,Female,Karachi,Karachi South,2025-09-03,2025,9,36-45
4824,55,Male,Karachi,Korangi,2024-12-26,2024,12,46-55
4825,34,Female,Karachi,Korangi,2024-04-25,2024,4,26-35
4826,61,Female,Karachi,Korangi,2024-06-22,2024,6,56+
4827,43,Female,Karachi,Karachi East,2024-08-02,2024,8,36-45
4828,22,Male,Karachi,Korangi,2025-02-06,2025,2,18-25
4829,30,Female,Karachi,Karachi West,2025-06-14,2025,6,26-35
4830,46,Male,Karachi,Karachi Central,2025-04-19,2025,4,46-55
4831,27,Male,Karachi,Keamari,2024-06-12,2024,6,26-35
4832,40,Male,Karachi,Karachi South,2025-10-08,2025,10,36-45
4833,58,Male,Karachi,Karachi West,2025-12-25,2025,12,56+
4834,56,Male,Karachi,Korangi,2025-02-09,2025,2,56+
4835,31,Female,Karachi,Korangi,2025-08-15,2025,8,26-35
4836,32,Female,Karachi,Keamari,2025-06-17,2025,6,26-35
4837,22,Male,Karachi,Karachi West,2025-04-05,2025,4,18-25
4838,52,Female,Karachi,Karachi West,2025-12-02,2025,12,46-55
4839,64,Female,Karachi,Karachi East,2024-05-18,2024,5,56+
4840,20,Male,Karachi,Karachi East,2025-03-18,2025,3,18-25
4841,45,Female,Karachi,Karachi West,2025-12-03,2025,12,36-45
4842,46,Female,Karachi,Karachi West,2024-07-28,2024,7,46-55
4843,64,Female,Karachi,Karachi South,2025-11-13,2025,11,56+
4844,40,Male,Karachi,Keamari,2025-02-06,2025,2,36-45
4845,35,Female,Karachi,Karachi Central,2025-08-26,2025,8,26-35
4846,61,Female,Karachi,Karachi East,2024-10-04,2024,10,56+
4847,47,Male,Karachi,Karachi West,2025-03-10,2025,3,46-55
4848,41,Male,Karachi,Keamari,2025-04-10,2025,4,36-45
4849,28,Male,Karachi,Karachi East,2024-07-07,2024,7,26-35
4850,42,Male,Karachi,Keamari,2024-10-03,2024,10,36-45
4851,27,Male,Karachi,Karachi Central,2025-12-22,2025,12,26-35
4852,64,Female,Karachi,Korangi,2024-12-24,2024,12,56+
4853,57,Female,Karachi,Keamari,2024-05-06,2024,5,56+
4854,34,Female,Karachi,Korangi,2025-06-27,2025,6,26-35
4855,63,Female,Karachi,Karachi South,2024-07-17,2024,7,56+
4856,62,Male,Karachi,Korangi,2024-08-06,2024,8,56+
4857,40,Female,Karachi,Korangi,2025-02-28,2025,2,36-45
4858,48,Female,Karachi,Karachi East,2024-07-17,2024,7,46-55
4859,29,Female,Karachi,Karachi South,2025-04-02,2025,4,26-35
4860,20,Male,Karachi,Keamari,2024-09-28,2024,9,18-25
4861,25,Female,Karachi,Karachi East,2024-11-28,2024,11,18-25
4862,46,Male,Karachi,Keamari,2025-01-14,2025,1,46-55
4863,48,Female,Karachi,Karachi West,2024-12-06,2024,12,46-55
4864,40,Male,Karachi,Karachi South,2025-01-29,2025,1,36-45
4865,43,Male,Karachi,Korangi,2025-10-02,2025,10,36-45
4866,34,Male,Karachi,Karachi Central,2024-05-13,2024,5,26-35
4867,27,Female,Karachi,Karachi Central,2025-04-21,2025,4,26-35
4868,40,Male,Karachi,Karachi West,2024-03-18,2024,3,36-45
4869,37,Female,Karachi,Korangi,2024-03-24,2024,3,36-45
4870,40,Female,Karachi,Malir,2024-06-22,2024,6,36-45
4871,23,Female,Karachi,Karachi West,2024-09-22,2024,9,18-25
4872,22,Male,Karachi,Karachi Central,2024-05-04,2024,5,18-25
4873,29,Male,Karachi,Karachi Central,2025-06-14,2025,6,26-35
4874,44,Female,Karachi,Karachi South,2025-11-29,2025,11,36-45
4875,27,Female,Karachi,Karachi West,2025-09-07,2025,9,26-35
4876,44,Male,Karachi,Karachi Central,2025-09-15,2025,9,36-45
4877,20,Female,Karachi,Korangi,2024-03-19,2024,3,18-25
4878,37,Female,Karachi,Karachi South,2025-04-24,2025,4,36-45
4879,62,Male,Karachi,Karachi East,2024-06-18,2024,6,56+
4880,35,Male,Karachi,Karachi Central,2024-07-17,2024,7,26-35
4881,64,Female,Karachi,Karachi East,2025-10-13,2025,10,56+
4882,40,Female,Karachi,Karachi South,2025-02-08,2025,2,36-45
4883,38,Female,Karachi,Keamari,2025-03-08,2025,3,36-45
4884,41,Female,Karachi,Karachi East,2025-09-20,2025,9,36-45
4885,42,Male,Karachi,Malir,2025-10-23,2025,10,36-45
4886,62,Male,Karachi,Malir,2024-01-21,2024,1,56+
4887,43,Male,Karachi,Karachi Central,2024-07-12,2024,7,36-45
4888,43,Female,Karachi,Keamari,2024-02-17,2024,2,36-45
4889,22,Female,Karachi,Korangi,2025-08-23,2025,8,18-25
4890,30,Male,Karachi,Korangi,2024-11-06,2024,11,26-35
4891,50,Male,Karachi,Karachi South,2024-05-14,2024,5,46-55
4892,30,Male,Karachi,Keamari,2024-04-02,2024,4,26-35
4893,47,Male,Karachi,Keamari,2025-03-15,2025,3,46-55
4894,32,Female,Karachi,Korangi,2025-03-05,2025,3,26-35
4895,55,Female,Karachi,Karachi East,2025-12-14,2025,12,46-55
4896,64,Female,Karachi,Karachi Central,2024-06-15,2024,6,56+
4897,54,Female,Karachi,Karachi South,2025-07-29,2025,7,46-55
4898,50,Male,Karachi,Keamari,2025-09-28,2025,9,46-55
4899,23,Female,Karachi,Karachi East,2025-05-26,2025,5,18-25
4900,28,Male,Karachi,Keamari,2024-07-22,2024,7,26-35
4901,40,Female,Karachi,Karachi West,2025-08-02,2025,8,36-45
4902,50,Male,Karachi,Karachi East,2025-11-06,2025,11,46-55
4903,57,Male,Karachi,Karachi East,2025-01-25,2025,1,56+
4904,40,Male,Karachi,Karachi East,2024-10-01,2024,10,36-45
4905,39,Female,Karachi,Malir,2024-01-26,2024,1,36-45
4906,63,Male,Karachi,Keamari,2024-05-30,2024,5,56+
4907,61,Male,Karachi,Karachi Central,2024-08-03,2024,8,56+
4908,32,Female,Karachi,Karachi West,2025-03-15,2025,3,26-35
4909,58,Female,Karachi,Keamari,2024-06-22,2024,6,56+
4910,43,Male,Karachi,Korangi,2025-04-13,2025,4,36-45
4911,29,Male,Karachi,Karachi East,2024-10-31,2024,10,26-35
4912,52,Male,Karachi,Karachi West,2024-04-11,2024,4,46-55
4913,50,Male,Karachi,Keamari,2025-10-17,2025,10,46-55
4914,28,Male,Karachi,Karachi East,2025-05-15,2025,5,26-35
4915,49,Female,Karachi,Karachi West,2025-09-11,2025,9,46-55
4916,40,Male,Karachi,Malir,2025-04-25,2025,4,36-45
4917,46,Male,Karachi,Korangi,2025-10-12,2025,10,46-55
4918,35,Male,Karachi,Karachi East,2024-09-26,2024,9,26-35
4919,47,Female,Karachi,Korangi,2024-01-24,2024,1,46-55
4920,47,Female,Karachi,Keamari,2024-04-17,2024,4,46-55
4921,63,Female,Karachi,Karachi Central,2025-02-09,2025,2,56+
4922,62,Female,Karachi,Korangi,2024-03-10,2024,3,56+
4923,40,Female,Karachi,Karachi West,2024-08-04,2024,8,36-45
4924,39,Male,Karachi,Karachi West,2025-02-15,2025,2,36-45
4925,61,Male,Karachi,Malir,2025-08-06,2025,8,56+
4926,48,Female,Karachi,Korangi,2024-04-02,2024,4,46-55
4927,49,Male,Karachi,Keamari,2024-12-29,2024,12,46-55
4928,26,Male,Karachi,Korangi,2024-03-28,2024,3,26-35
4929,55,Female,Karachi,Malir,2025-05-27,2025,5,46-55
4930,26,Female,Karachi,Karachi Central,2024-01-20,2024,1,26-35
4931,45,Male,Karachi,Korangi,2024-08-16,2024,8,36-45
4932,39,Female,Karachi,Karachi West,2024-07-29,2024,7,36-45
4933,18,Male,Karachi,Karachi South,2025-10-03,2025,10,18-25
4934,57,Female,Karachi,Karachi East,2025-10-07,2025,10,56+
4935,59,Female,Karachi,Keamari,2024-10-18,2024,10,56+
4936,49,Female,Karachi,Karachi East,2025-05-21,2025,5,46-55
4937,29,Male,Karachi,Malir,2025-06-06,2025,6,26-35
4938,26,Male,Karachi,Keamari,2024-07-26,2024,7,26-35
4939,49,Male,Karachi,Karachi West,2024-11-22,2024,11,46-55
4940,32,Female,Karachi,Karachi Central,2024-07-23,2024,7,26-35
4941,62,Female,Karachi,Karachi South,2024-06-14,2024,6,56+
4942,33,Male,Karachi,Karachi East,2025-01-15,2025,1,26-35
4943,48,Female,Karachi,Korangi,2024-03-08,2024,3,46-55
4944,62,Male,Karachi,Karachi West,2024-05-23,2024,5,56+
4945,59,Male,Karachi,Keamari,2025-06-25,2025,6,56+
4946,52,Male,Karachi,Karachi East,2024-07-26,2024,7,46-55
4947,23,Male,Karachi,Karachi Central,2025-05-17,2025,5,18-25
4948,35,Female,Karachi,Karachi Central,2024-01-16,2024,1,26-35
4949,22,Male,Karachi,Keamari,2025-09-05,2025,9,18-25
4950,20,Male,Karachi,Karachi South,2025-03-20,2025,3,18-25
4951,42,Female,Karachi,Karachi Central,2025-01-15,2025,1,36-45
4952,43,Female,Karachi,Korangi,2025-01-07,2025,1,36-45
4953,22,Female,Karachi,Karachi East,2025-04-27,2025,4,18-25
4954,54,Female,Karachi,Malir,2025-01-30,2025,1,46-55
4955,40,Male,Karachi,Karachi West,2025-05-20,2025,5,36-45
4956,47,Female,Karachi,Karachi East,2025-06-14,2025,6,46-55
4957,64,Female,Karachi,Malir,2025-01-20,2025,1,56+
4958,34,Female,Karachi,Karachi West,2024-10-14,2024,10,26-35
4959,31,Female,Karachi,Karachi South,2025-06-11,2025,6,26-35
4960,48,Female,Karachi,Karachi South,2025-11-07,2025,11,46-55
4961,34,Female,Karachi,Malir,2024-11-05,2024,11,26-35
4962,38,Male,Karachi,Malir,2024-09-08,2024,9,36-45
4963,34,Male,Karachi,Keamari,2024-08-12,2024,8,26-35
4964,51,Male,Karachi,Karachi Central,2025-05-16,2025,5,46-55
4965,26,Female,Karachi,Karachi East,2024-06-22,2024,6,26-35
4966,18,Female,Karachi,Karachi South,2024-05-04,2024,5,18-25
4967,32,Female,Karachi,Karachi West,2024-11-11,2024,11,26-35
4968,39,Male,Karachi,Karachi South,2024-07-01,2024,7,36-45
4969,28,Female,Karachi,Korangi,2024-08-09,2024,8,26-35
4970,31,Male,Karachi,Karachi South,2024-04-01,2024,4,26-35
4971,31,Male,Karachi,Karachi West,2024-07-30,2024,7,26-35
4972,50,Female,Karachi,Korangi,2024-11-08,2024,11,46-55
4973,38,Male,Karachi,Keamari,2025-09-23,2025,9,36-45
4974,41,Male,Karachi,Karachi East,2025-08-16,2025,8,36-45
4975,61,Male,Karachi,Karachi Central,2025-11-21,2025,11,56+
4976,50,Female,Karachi,Karachi West,2024-12-05,2024,12,46-55
4977,28,Male,Karachi,Karachi West,2024-07-03,2024,7,26-35
4978,43,Female,Karachi,Korangi,2025-09-24,2025,9,36-45
4979,31,Female,Karachi,Korangi,2025-12-13,2025,12,26-35
4980,55,Female,Karachi,Keamari,2025-11-02,2025,11,46-55
4981,32,Female,Karachi,Malir,2024-03-22,2024,3,26-35
4982,57,Female,Karachi,Karachi Central,2024-07-23,2024,7,56+
4983,57,Male,Karachi,Keamari,2025-10-05,2025,10,56+
4984,29,Male,Karachi,Karachi South,2025-03-13,2025,3,26-35
4985,30,Female,Karachi,Karachi West,2024-09-21,2024,9,26-35
4986,27,Male,Karachi,Karachi South,2024-04-02,2024,4,26-35
4987,24,Male,Karachi,Karachi Central,2025-07-25,2025,7,18-25
4988,65,Male,Karachi,Karachi East,2025-01-03,2025,1,56+
4989,46,Female,Karachi,Karachi East,2025-11-23,2025,11,46-55
4990,44,Female,Karachi,Karachi West,2024-01-19,2024,1,36-45
4991,58,Female,Karachi,Karachi South,2024-05-24,2024,5,56+
4992,55,Male,Karachi,Karachi South,2024-08-15,2024,8,46-55
4993,22,Female,Karachi,Karachi West,2024-11-19,2024,11,18-25
4994,42,Male,Karachi,Karachi West,2025-10-14,2025,10,36-45
4995,19,Male,Karachi,Karachi East,2024-02-26,2024,2,18-25
4996,64,Male,Karachi,Keamari,2024-03-19,2024,3,56+
4997,61,Female,Karachi,Korangi,2025-10-06,2025,10,56+
4998,30,Male,Karachi,Korangi,2024-07-01,2024,7,26-35
4999,59,Male,Karachi,Malir,2025-10-09,2025,10,56+
5000,28,Male,Karachi,Karachi Central,2025-11-27,2025,11,26-35
