order_id,customer_id,order_date,salary_period,festival_sale,order_year,order_month,order_quarter,is_salary_period,is_festival_sale
1,786,2025-12-17,False,False,2025,12,4,Regular Week,Regular Sale
2,305,2025-09-10,False,False,2025,9,3,Regular Week,Regular Sale
3,4344,2025-02-20,False,True,2025,2,1,Regular Week,Festival Sale
4,4151,2025-12-11,True,False,2025,12,4,Salary Week,Regular Sale
5,4169,2025-01-12,True,False,2025,1,1,Salary Week,Regular Sale
6,1605,2025-07-21,True,False,2025,7,3,Salary Week,Regular Sale
7,2340,2025-12-04,True,True,2025,12,4,Salary Week,Festival Sale
8,1714,2025-05-03,True,True,2025,5,2,Salary Week,Festival Sale
9,1651,2025-09-22,False,True,2025,9,3,Regular Week,Festival Sale
10,1859,2025-08-11,False,False,2025,8,3,Regular Week,Regular Sale
11,510,2025-06-02,True,True,2025,6,2,Salary Week,Festival Sale
12,2683,2025-01-21,True,True,2025,1,1,Salary Week,Festival Sale
13,1568,2025-12-21,True,False,2025,12,4,Salary Week,Regular Sale
14,3755,2025-12-12,True,True,2025,12,4,Salary Week,Festival Sale
15,4636,2025-06-18,True,False,2025,6,2,Salary Week,Regular Sale
16,3737,2025-01-24,True,False,2025,1,1,Salary Week,Regular Sale
17,209,2025-03-31,False,True,2025,3,1,Regular Week,Festival Sale
18,3291,2025-02-13,False,True,2025,2,1,Regular Week,Festival Sale
19,522,2025-04-01,True,True,2025,4,2,Salary Week,Festival Sale
20,2124,2025-11-09,False,False,2025,11,4,Regular Week,Regular Sale
21,1712,2025-12-16,True,True,2025,12,4,Salary Week,Festival Sale
22,3075,2025-06-24,True,True,2025,6,2,Salary Week,Festival Sale
23,4159,2025-11-04,True,True,2025,11,4,Salary Week,Festival Sale
24,3339,2025-03-06,True,False,2025,3,1,Salary Week,Regular Sale
25,4039,2025-06-01,True,False,2025,6,2,Salary Week,Regular Sale
26,39,2025-04-11,True,True,2025,4,2,Salary Week,Festival Sale
27,549,2025-04-06,True,True,2025,4,2,Salary Week,Festival Sale
28,3669,2026-01-03,True,False,2026,1,1,Salary Week,Regular Sale
29,1427,2025-12-16,True,True,2025,12,4,Salary Week,Festival Sale
30,1604,2025-12-18,True,True,2025,12,4,Salary Week,Festival Sale
31,1430,2025-01-15,True,True,2025,1,1,Salary Week,Festival Sale
32,4920,2025-06-30,False,True,2025,6,2,Regular Week,Festival Sale
33,3391,2025-06-25,True,False,2025,6,2,Salary Week,Regular Sale
34,1935,2025-03-26,True,False,2025,3,1,Salary Week,Regular Sale
35,329,2025-09-13,False,True,2025,9,3,Regular Week,Festival Sale
36,147,2025-12-29,True,True,2025,12,4,Salary Week,Festival Sale
37,265,2025-06-27,True,False,2025,6,2,Salary Week,Regular Sale
38,1877,2025-12-30,True,True,2025,12,4,Salary Week,Festival Sale
39,3621,2025-10-14,False,False,2025,10,4,Regular Week,Regular Sale
40,42,2025-01-07,False,True,2025,1,1,Regular Week,Festival Sale
41,2764,2025-05-20,True,False,2025,5,2,Salary Week,Regular Sale
42,4087,2025-11-20,False,False,2025,11,4,Regular Week,Regular Sale
43,2319,2025-11-20,True,True,2025,11,4,Salary Week,Festival Sale
44,206,2025-08-08,True,False,2025,8,3,Salary Week,Regular Sale
45,666,2025-04-26,True,False,2025,4,2,Salary Week,Regular Sale
46,3705,2025-02-16,True,True,2025,2,1,Salary Week,Festival Sale
47,3764,2025-08-16,False,True,2025,8,3,Regular Week,Festival Sale
48,828,2025-06-28,False,True,2025,6,2,Regular Week,Festival Sale
49,2092,2025-05-26,False,True,2025,5,2,Regular Week,Festival Sale
50,474,2025-07-08,True,False,2025,7,3,Salary Week,Regular Sale
51,2095,2025-12-01,False,False,2025,12,4,Regular Week,Regular Sale
52,3779,2025-12-08,True,False,2025,12,4,Salary Week,Regular Sale
53,657,2025-08-05,False,True,2025,8,3,Regular Week,Festival Sale
54,4656,2025-07-20,False,True,2025,7,3,Regular Week,Festival Sale
55,1652,2025-01-22,False,True,2025,1,1,Regular Week,Festival Sale
56,69,2025-06-13,True,True,2025,6,2,Salary Week,Festival Sale
57,81,2025-03-09,False,True,2025,3,1,Regular Week,Festival Sale
58,1402,2025-09-22,False,True,2025,9,3,Regular Week,Festival Sale
59,3221,2025-05-27,True,False,2025,5,2,Salary Week,Regular Sale
60,3449,2025-05-28,True,True,2025,5,2,Salary Week,Festival Sale
61,688,2025-09-02,True,True,2025,9,3,Salary Week,Festival Sale
62,2633,2025-04-05,True,False,2025,4,2,Salary Week,Regular Sale
63,3465,2025-05-14,True,False,2025,5,2,Salary Week,Regular Sale
64,1486,2025-12-07,False,False,2025,12,4,Regular Week,Regular Sale
65,3084,2025-10-01,False,False,2025,10,4,Regular Week,Regular Sale
66,4257,2025-02-04,False,True,2025,2,1,Regular Week,Festival Sale
67,633,2025-01-16,True,False,2025,1,1,Salary Week,Regular Sale
68,2328,2025-03-09,True,True,2025,3,1,Salary Week,Festival Sale
69,2148,2025-08-10,True,True,2025,8,3,Salary Week,Festival Sale
70,4532,2025-04-09,True,False,2025,4,2,Salary Week,Regular Sale
71,4163,2025-11-18,True,False,2025,11,4,Salary Week,Regular Sale
72,1652,2025-02-02,False,False,2025,2,1,Regular Week,Regular Sale
73,2044,2025-03-30,False,True,2025,3,1,Regular Week,Festival Sale
74,2148,2025-10-26,False,True,2025,10,4,Regular Week,Festival Sale
75,1276,2025-01-10,True,False,2025,1,1,Salary Week,Regular Sale
76,2592,2025-12-05,False,False,2025,12,4,Regular Week,Regular Sale
77,343,2025-04-11,False,True,2025,4,2,Regular Week,Festival Sale
78,4399,2025-11-20,True,True,2025,11,4,Salary Week,Festival Sale
79,4157,2025-12-21,True,True,2025,12,4,Salary Week,Festival Sale
80,2840,2025-10-08,True,False,2025,10,4,Salary Week,Regular Sale
81,853,2025-09-19,True,False,2025,9,3,Salary Week,Regular Sale
82,70,2025-03-23,True,True,2025,3,1,Salary Week,Festival Sale
83,795,2025-11-23,True,True,2025,11,4,Salary Week,Festival Sale
84,4660,2025-11-16,False,True,2025,11,4,Regular Week,Festival Sale
85,584,2025-05-22,True,False,2025,5,2,Salary Week,Regular Sale
86,1658,2025-09-07,True,True,2025,9,3,Salary Week,Festival Sale
87,4630,2025-12-07,False,True,2025,12,4,Regular Week,Festival Sale
88,1285,2025-02-13,True,False,2025,2,1,Salary Week,Regular Sale
89,139,2025-11-27,False,True,2025,11,4,Regular Week,Festival Sale
90,491,2025-09-14,False,True,2025,9,3,Regular Week,Festival Sale
91,90,2025-06-14,True,True,2025,6,2,Salary Week,Festival Sale
92,2516,2025-01-10,True,True,2025,1,1,Salary Week,Festival Sale
93,705,2025-08-07,True,False,2025,8,3,Salary Week,Regular Sale
94,4947,2025-06-22,False,False,2025,6,2,Regular Week,Regular Sale
95,3858,2025-03-29,True,False,2025,3,1,Salary Week,Regular Sale
96,500,2025-07-10,True,False,2025,7,3,Salary Week,Regular Sale
97,4469,2025-11-05,False,False,2025,11,4,Regular Week,Regular Sale
98,492,2025-02-12,True,False,2025,2,1,Salary Week,Regular Sale
99,3918,2025-02-21,True,False,2025,2,1,Salary Week,Regular Sale
100,1329,2025-04-12,False,False,2025,4,2,Regular Week,Regular Sale
101,1255,2025-09-28,True,False,2025,9,3,Salary Week,Regular Sale
102,2932,2025-08-16,False,True,2025,8,3,Regular Week,Festival Sale
103,2958,2025-02-17,True,True,2025,2,1,Salary Week,Festival Sale
104,1734,2025-06-08,False,False,2025,6,2,Regular Week,Regular Sale
105,1592,2025-12-05,False,True,2025,12,4,Regular Week,Festival Sale
106,4688,2025-10-10,False,True,2025,10,4,Regular Week,Festival Sale
107,4318,2025-05-22,False,False,2025,5,2,Regular Week,Regular Sale
108,4610,2025-12-24,True,True,2025,12,4,Salary Week,Festival Sale
109,3552,2025-06-14,False,True,2025,6,2,Regular Week,Festival Sale
110,2461,2025-09-08,True,False,2025,9,3,Salary Week,Regular Sale
111,1956,2025-03-31,False,True,2025,3,1,Regular Week,Festival Sale
112,3043,2025-04-09,False,False,2025,4,2,Regular Week,Regular Sale
113,4138,2025-08-09,True,True,2025,8,3,Salary Week,Festival Sale
114,3554,2025-02-24,False,True,2025,2,1,Regular Week,Festival Sale
115,226,2025-09-30,False,True,2025,9,3,Regular Week,Festival Sale
116,4521,2025-11-02,False,False,2025,11,4,Regular Week,Regular Sale
117,677,2025-10-20,True,False,2025,10,4,Salary Week,Regular Sale
118,4450,2025-07-20,True,True,2025,7,3,Salary Week,Festival Sale
119,824,2025-11-22,False,True,2025,11,4,Regular Week,Festival Sale
120,2443,2025-06-06,False,False,2025,6,2,Regular Week,Regular Sale
121,2134,2025-05-04,True,False,2025,5,2,Salary Week,Regular Sale
122,1414,2025-04-13,False,True,2025,4,2,Regular Week,Festival Sale
123,1121,2025-05-06,False,True,2025,5,2,Regular Week,Festival Sale
124,4239,2025-04-28,True,False,2025,4,2,Salary Week,Regular Sale
125,1714,2025-09-06,True,False,2025,9,3,Salary Week,Regular Sale
126,4703,2025-02-04,False,False,2025,2,1,Regular Week,Regular Sale
127,2609,2025-07-29,False,False,2025,7,3,Regular Week,Regular Sale
128,1514,2025-01-09,False,False,2025,1,1,Regular Week,Regular Sale
129,1631,2025-04-13,False,True,2025,4,2,Regular Week,Festival Sale
130,2451,2025-06-19,False,False,2025,6,2,Regular Week,Regular Sale
131,3305,2025-01-24,False,False,2025,1,1,Regular Week,Regular Sale
132,1202,2025-08-16,False,True,2025,8,3,Regular Week,Festival Sale
133,1852,2025-10-26,False,False,2025,10,4,Regular Week,Regular Sale
134,4485,2025-04-17,True,True,2025,4,2,Salary Week,Festival Sale
135,1802,2025-10-09,True,True,2025,10,4,Salary Week,Festival Sale
136,15,2025-09-07,False,False,2025,9,3,Regular Week,Regular Sale
137,2937,2025-05-09,False,False,2025,5,2,Regular Week,Regular Sale
138,3089,2025-03-17,False,True,2025,3,1,Regular Week,Festival Sale
139,4517,2025-10-09,True,True,2025,10,4,Salary Week,Festival Sale
140,337,2025-07-23,True,True,2025,7,3,Salary Week,Festival Sale
141,355,2025-12-02,False,True,2025,12,4,Regular Week,Festival Sale
142,4201,2025-07-20,True,True,2025,7,3,Salary Week,Festival Sale
143,1331,2025-02-25,False,False,2025,2,1,Regular Week,Regular Sale
144,2327,2025-06-27,False,False,2025,6,2,Regular Week,Regular Sale
145,2963,2025-04-03,False,False,2025,4,2,Regular Week,Regular Sale
146,1480,2025-10-24,False,True,2025,10,4,Regular Week,Festival Sale
147,495,2025-12-10,False,False,2025,12,4,Regular Week,Regular Sale
148,1237,2025-04-20,False,False,2025,4,2,Regular Week,Regular Sale
149,3307,2025-02-11,False,True,2025,2,1,Regular Week,Festival Sale
150,4175,2025-04-30,False,False,2025,4,2,Regular Week,Regular Sale
151,3825,2025-04-17,False,True,2025,4,2,Regular Week,Festival Sale
152,2110,2025-10-25,False,False,2025,10,4,Regular Week,Regular Sale
153,666,2025-08-28,False,True,2025,8,3,Regular Week,Festival Sale
154,1976,2025-03-29,False,True,2025,3,1,Regular Week,Festival Sale
155,936,2025-04-07,False,False,2025,4,2,Regular Week,Regular Sale
156,4058,2025-12-03,True,True,2025,12,4,Salary Week,Festival Sale
157,4298,2025-07-16,False,False,2025,7,3,Regular Week,Regular Sale
158,2428,2025-10-15,True,False,2025,10,4,Salary Week,Regular Sale
159,2094,2025-07-02,False,False,2025,7,3,Regular Week,Regular Sale
160,3372,2025-07-01,True,False,2025,7,3,Salary Week,Regular Sale
161,1844,2025-02-14,True,False,2025,2,1,Salary Week,Regular Sale
162,3554,2025-08-11,True,True,2025,8,3,Salary Week,Festival Sale
163,1271,2025-07-23,False,False,2025,7,3,Regular Week,Regular Sale
164,3859,2025-11-25,True,True,2025,11,4,Salary Week,Festival Sale
165,315,2025-07-17,False,True,2025,7,3,Regular Week,Festival Sale
166,1182,2025-01-12,False,False,2025,1,1,Regular Week,Regular Sale
167,3469,2025-08-07,False,True,2025,8,3,Regular Week,Festival Sale
168,2963,2025-11-21,False,True,2025,11,4,Regular Week,Festival Sale
169,3461,2025-06-18,False,True,2025,6,2,Regular Week,Festival Sale
170,2800,2025-04-10,False,False,2025,4,2,Regular Week,Regular Sale
171,2760,2025-03-21,False,False,2025,3,1,Regular Week,Regular Sale
172,3222,2025-02-17,False,False,2025,2,1,Regular Week,Regular Sale
173,1674,2025-04-16,False,False,2025,4,2,Regular Week,Regular Sale
174,2569,2025-07-24,True,False,2025,7,3,Salary Week,Regular Sale
175,734,2025-07-16,False,False,2025,7,3,Regular Week,Regular Sale
176,1069,2025-10-07,True,False,2025,10,4,Salary Week,Regular Sale
177,911,2025-07-13,False,False,2025,7,3,Regular Week,Regular Sale
178,2095,2025-08-27,True,False,2025,8,3,Salary Week,Regular Sale
179,2866,2025-06-11,True,False,2025,6,2,Salary Week,Regular Sale
180,1671,2025-06-01,False,True,2025,6,2,Regular Week,Festival Sale
181,667,2025-09-22,True,False,2025,9,3,Salary Week,Regular Sale
182,1247,2025-02-04,False,False,2025,2,1,Regular Week,Regular Sale
183,1783,2025-06-21,True,False,2025,6,2,Salary Week,Regular Sale
184,738,2025-01-24,False,False,2025,1,1,Regular Week,Regular Sale
185,4808,2025-04-30,False,True,2025,4,2,Regular Week,Festival Sale
186,1673,2025-12-14,False,False,2025,12,4,Regular Week,Regular Sale
187,2196,2025-05-12,False,False,2025,5,2,Regular Week,Regular Sale
188,1108,2025-09-24,False,True,2025,9,3,Regular Week,Festival Sale
189,2769,2025-06-11,True,False,2025,6,2,Salary Week,Regular Sale
190,4643,2025-02-24,False,True,2025,2,1,Regular Week,Festival Sale
191,3387,2025-11-11,False,True,2025,11,4,Regular Week,Festival Sale
192,4128,2025-01-19,False,False,2025,1,1,Regular Week,Regular Sale
193,2649,2025-09-07,True,True,2025,9,3,Salary Week,Festival Sale
194,2287,2025-11-30,True,False,2025,11,4,Salary Week,Regular Sale
195,3581,2025-10-18,True,True,2025,10,4,Salary Week,Festival Sale
196,2047,2025-10-14,True,False,2025,10,4,Salary Week,Regular Sale
197,4706,2025-12-18,True,True,2025,12,4,Salary Week,Festival Sale
198,3700,2025-02-02,False,False,2025,2,1,Regular Week,Regular Sale
199,2271,2025-03-22,False,False,2025,3,1,Regular Week,Regular Sale
200,2891,2025-09-17,False,False,2025,9,3,Regular Week,Regular Sale
201,1660,2025-09-21,True,True,2025,9,3,Salary Week,Festival Sale
202,2013,2025-06-12,True,True,2025,6,2,Salary Week,Festival Sale
203,4631,2025-05-28,False,False,2025,5,2,Regular Week,Regular Sale
204,3029,2025-03-16,False,False,2025,3,1,Regular Week,Regular Sale
205,919,2025-10-17,True,False,2025,10,4,Salary Week,Regular Sale
206,1175,2025-07-29,False,False,2025,7,3,Regular Week,Regular Sale
207,2865,2025-07-24,True,False,2025,7,3,Salary Week,Regular Sale
208,2719,2025-07-07,False,True,2025,7,3,Regular Week,Festival Sale
209,3382,2025-06-25,True,False,2025,6,2,Salary Week,Regular Sale
210,476,2025-05-18,False,False,2025,5,2,Regular Week,Regular Sale
211,2146,2025-08-04,False,False,2025,8,3,Regular Week,Regular Sale
212,2074,2025-11-19,False,False,2025,11,4,Regular Week,Regular Sale
213,1831,2025-11-06,False,False,2025,11,4,Regular Week,Regular Sale
214,3781,2025-12-24,False,True,2025,12,4,Regular Week,Festival Sale
215,852,2025-09-06,True,False,2025,9,3,Salary Week,Regular Sale
216,3562,2025-09-12,True,True,2025,9,3,Salary Week,Festival Sale
217,2472,2025-04-02,False,True,2025,4,2,Regular Week,Festival Sale
218,4640,2025-09-22,False,False,2025,9,3,Regular Week,Regular Sale
219,2246,2025-05-16,True,True,2025,5,2,Salary Week,Festival Sale
220,1937,2025-12-16,False,True,2025,12,4,Regular Week,Festival Sale
221,2139,2025-10-21,False,False,2025,10,4,Regular Week,Regular Sale
222,3551,2025-05-25,False,True,2025,5,2,Regular Week,Festival Sale
223,118,2025-11-01,False,False,2025,11,4,Regular Week,Regular Sale
224,2650,2025-12-21,True,False,2025,12,4,Salary Week,Regular Sale
225,3391,2025-02-24,False,True,2025,2,1,Regular Week,Festival Sale
226,4747,2025-09-10,False,False,2025,9,3,Regular Week,Regular Sale
227,4217,2025-12-27,False,False,2025,12,4,Regular Week,Regular Sale
228,2402,2025-11-13,True,False,2025,11,4,Salary Week,Regular Sale
229,2574,2025-06-11,False,True,2025,6,2,Regular Week,Festival Sale
230,1177,2025-06-29,True,False,2025,6,2,Salary Week,Regular Sale
231,2960,2025-11-03,False,True,2025,11,4,Regular Week,Festival Sale
232,2376,2025-01-09,False,True,2025,1,1,Regular Week,Festival Sale
233,361,2025-12-05,True,False,2025,12,4,Salary Week,Regular Sale
234,2968,2025-04-17,True,True,2025,4,2,Salary Week,Festival Sale
235,3816,2025-08-16,False,False,2025,8,3,Regular Week,Regular Sale
236,4661,2025-08-16,True,False,2025,8,3,Salary Week,Regular Sale
237,704,2025-04-23,True,True,2025,4,2,Salary Week,Festival Sale
238,3025,2025-12-30,False,False,2025,12,4,Regular Week,Regular Sale
239,505,2025-11-01,False,False,2025,11,4,Regular Week,Regular Sale
240,2623,2025-01-24,False,False,2025,1,1,Regular Week,Regular Sale
241,3108,2025-05-22,False,True,2025,5,2,Regular Week,Festival Sale
242,4721,2025-11-09,False,False,2025,11,4,Regular Week,Regular Sale
243,1359,2025-04-01,False,False,2025,4,2,Regular Week,Regular Sale
244,319,2025-07-28,True,True,2025,7,3,Salary Week,Festival Sale
245,290,2025-01-23,False,False,2025,1,1,Regular Week,Regular Sale
246,2565,2025-12-07,True,True,2025,12,4,Salary Week,Festival Sale
247,1622,2025-03-15,True,True,2025,3,1,Salary Week,Festival Sale
248,3174,2025-11-08,False,True,2025,11,4,Regular Week,Festival Sale
249,639,2025-01-30,True,True,2025,1,1,Salary Week,Festival Sale
250,2753,2025-07-12,False,True,2025,7,3,Regular Week,Festival Sale
251,507,2025-05-01,True,False,2025,5,2,Salary Week,Regular Sale
252,4909,2025-05-29,True,True,2025,5,2,Salary Week,Festival Sale
253,2000,2025-09-15,True,True,2025,9,3,Salary Week,Festival Sale
254,1477,2025-07-05,False,True,2025,7,3,Regular Week,Festival Sale
255,1306,2025-02-19,False,True,2025,2,1,Regular Week,Festival Sale
256,475,2025-11-14,True,False,2025,11,4,Salary Week,Regular Sale
257,1102,2025-12-15,False,False,2025,12,4,Regular Week,Regular Sale
258,1557,2025-09-23,False,True,2025,9,3,Regular Week,Festival Sale
259,1746,2025-05-03,True,True,2025,5,2,Salary Week,Festival Sale
260,648,2025-03-17,False,True,2025,3,1,Regular Week,Festival Sale
261,3604,2025-04-18,True,False,2025,4,2,Salary Week,Regular Sale
262,4441,2025-07-27,True,False,2025,7,3,Salary Week,Regular Sale
263,1722,2025-11-02,True,True,2025,11,4,Salary Week,Festival Sale
264,952,2025-01-21,True,False,2025,1,1,Salary Week,Regular Sale
265,1622,2025-12-04,True,True,2025,12,4,Salary Week,Festival Sale
266,19,2025-03-16,True,True,2025,3,1,Salary Week,Festival Sale
267,3402,2025-07-19,False,True,2025,7,3,Regular Week,Festival Sale
268,816,2025-06-20,False,False,2025,6,2,Regular Week,Regular Sale
269,67,2025-02-04,False,True,2025,2,1,Regular Week,Festival Sale
270,1428,2025-08-04,False,True,2025,8,3,Regular Week,Festival Sale
271,3154,2025-10-01,False,True,2025,10,4,Regular Week,Festival Sale
272,2085,2025-05-25,True,False,2025,5,2,Salary Week,Regular Sale
273,4911,2025-11-22,False,False,2025,11,4,Regular Week,Regular Sale
274,1160,2025-08-03,True,False,2025,8,3,Salary Week,Regular Sale
275,1753,2025-08-10,True,True,2025,8,3,Salary Week,Festival Sale
276,2682,2025-09-09,False,True,2025,9,3,Regular Week,Festival Sale
277,4385,2025-12-21,True,False,2025,12,4,Salary Week,Regular Sale
278,1371,2025-09-03,False,True,2025,9,3,Regular Week,Festival Sale
279,3063,2025-04-24,False,True,2025,4,2,Regular Week,Festival Sale
280,2552,2025-03-15,False,False,2025,3,1,Regular Week,Regular Sale
281,3473,2025-10-12,True,True,2025,10,4,Salary Week,Festival Sale
282,3109,2025-10-14,False,True,2025,10,4,Regular Week,Festival Sale
283,737,2025-02-16,True,False,2025,2,1,Salary Week,Regular Sale
284,4126,2025-08-18,False,False,2025,8,3,Regular Week,Regular Sale
285,4279,2026-01-01,True,True,2026,1,1,Salary Week,Festival Sale
286,2411,2025-07-04,False,True,2025,7,3,Regular Week,Festival Sale
287,3539,2025-09-01,False,False,2025,9,3,Regular Week,Regular Sale
288,2273,2025-09-17,False,False,2025,9,3,Regular Week,Regular Sale
289,2334,2025-03-18,True,False,2025,3,1,Salary Week,Regular Sale
290,2937,2025-06-04,False,True,2025,6,2,Regular Week,Festival Sale
291,2882,2025-03-27,True,False,2025,3,1,Salary Week,Regular Sale
292,417,2025-05-29,True,False,2025,5,2,Salary Week,Regular Sale
293,4501,2025-09-25,False,False,2025,9,3,Regular Week,Regular Sale
294,4434,2025-11-16,False,False,2025,11,4,Regular Week,Regular Sale
295,2086,2025-12-13,True,False,2025,12,4,Salary Week,Regular Sale
296,3569,2025-05-23,False,False,2025,5,2,Regular Week,Regular Sale
297,3936,2025-02-12,False,True,2025,2,1,Regular Week,Festival Sale
298,3965,2025-05-19,True,False,2025,5,2,Salary Week,Regular Sale
299,1879,2025-08-23,False,True,2025,8,3,Regular Week,Festival Sale
300,525,2025-08-28,True,True,2025,8,3,Salary Week,Festival Sale
301,2687,2025-11-10,False,False,2025,11,4,Regular Week,Regular Sale
302,3055,2025-07-20,True,True,2025,7,3,Salary Week,Festival Sale
303,1817,2025-06-22,True,False,2025,6,2,Salary Week,Regular Sale
304,3431,2025-06-20,True,False,2025,6,2,Salary Week,Regular Sale
305,967,2025-03-22,True,False,2025,3,1,Salary Week,Regular Sale
306,590,2025-11-02,False,False,2025,11,4,Regular Week,Regular Sale
307,1562,2025-07-17,True,False,2025,7,3,Salary Week,Regular Sale
308,2746,2025-06-12,False,True,2025,6,2,Regular Week,Festival Sale
309,4864,2025-10-15,False,True,2025,10,4,Regular Week,Festival Sale
310,2904,2025-05-09,True,False,2025,5,2,Salary Week,Regular Sale
311,3341,2025-05-07,True,False,2025,5,2,Salary Week,Regular Sale
312,4380,2025-12-28,True,False,2025,12,4,Salary Week,Regular Sale
313,4819,2025-05-03,False,True,2025,5,2,Regular Week,Festival Sale
314,2286,2025-01-20,False,False,2025,1,1,Regular Week,Regular Sale
315,1283,2025-06-10,False,True,2025,6,2,Regular Week,Festival Sale
316,2683,2025-05-13,False,True,2025,5,2,Regular Week,Festival Sale
317,973,2025-02-03,False,True,2025,2,1,Regular Week,Festival Sale
318,792,2025-12-24,True,True,2025,12,4,Salary Week,Festival Sale
319,1504,2025-04-10,True,False,2025,4,2,Salary Week,Regular Sale
320,976,2025-08-03,False,True,2025,8,3,Regular Week,Festival Sale
321,4724,2025-08-31,True,True,2025,8,3,Salary Week,Festival Sale
322,893,2025-09-17,False,False,2025,9,3,Regular Week,Regular Sale
323,193,2025-06-12,False,True,2025,6,2,Regular Week,Festival Sale
324,1989,2025-05-19,True,False,2025,5,2,Salary Week,Regular Sale
325,1175,2025-08-27,False,True,2025,8,3,Regular Week,Festival Sale
326,2099,2025-05-21,False,False,2025,5,2,Regular Week,Regular Sale
327,4894,2025-08-29,True,True,2025,8,3,Salary Week,Festival Sale
328,3171,2025-01-28,False,True,2025,1,1,Regular Week,Festival Sale
329,3084,2025-12-09,False,False,2025,12,4,Regular Week,Regular Sale
330,2707,2025-04-21,True,False,2025,4,2,Salary Week,Regular Sale
331,2151,2025-04-06,False,True,2025,4,2,Regular Week,Festival Sale
332,4795,2025-08-16,True,False,2025,8,3,Salary Week,Regular Sale
333,1007,2025-01-08,False,False,2025,1,1,Regular Week,Regular Sale
334,1229,2025-06-16,False,False,2025,6,2,Regular Week,Regular Sale
335,1316,2025-03-08,False,True,2025,3,1,Regular Week,Festival Sale
336,480,2025-09-09,True,False,2025,9,3,Salary Week,Regular Sale
337,1050,2025-07-17,False,True,2025,7,3,Regular Week,Festival Sale
338,4442,2025-01-31,False,False,2025,1,1,Regular Week,Regular Sale
339,1489,2025-10-13,False,True,2025,10,4,Regular Week,Festival Sale
340,350,2025-04-25,True,True,2025,4,2,Salary Week,Festival Sale
341,2132,2026-01-03,False,True,2026,1,1,Regular Week,Festival Sale
342,1510,2025-11-07,False,True,2025,11,4,Regular Week,Festival Sale
343,3131,2025-12-10,False,True,2025,12,4,Regular Week,Festival Sale
344,3767,2025-12-24,True,False,2025,12,4,Salary Week,Regular Sale
345,4328,2025-07-20,False,False,2025,7,3,Regular Week,Regular Sale
346,3540,2025-05-20,False,True,2025,5,2,Regular Week,Festival Sale
347,4999,2026-01-02,False,True,2026,1,1,Regular Week,Festival Sale
348,4078,2025-09-21,True,False,2025,9,3,Salary Week,Regular Sale
349,2230,2025-08-08,False,True,2025,8,3,Regular Week,Festival Sale
350,360,2025-11-06,True,True,2025,11,4,Salary Week,Festival Sale
351,816,2025-10-11,False,False,2025,10,4,Regular Week,Regular Sale
352,3822,2026-01-02,True,True,2026,1,1,Salary Week,Festival Sale
353,2613,2025-03-08,False,True,2025,3,1,Regular Week,Festival Sale
354,1351,2025-06-27,False,False,2025,6,2,Regular Week,Regular Sale
355,561,2025-05-10,False,True,2025,5,2,Regular Week,Festival Sale
356,1566,2025-04-17,False,False,2025,4,2,Regular Week,Regular Sale
357,4613,2025-07-21,False,False,2025,7,3,Regular Week,Regular Sale
358,2320,2025-02-18,True,True,2025,2,1,Salary Week,Festival Sale
359,3736,2025-07-13,False,True,2025,7,3,Regular Week,Festival Sale
360,4928,2025-09-23,False,True,2025,9,3,Regular Week,Festival Sale
361,1123,2025-04-13,False,False,2025,4,2,Regular Week,Regular Sale
362,4516,2025-09-01,True,False,2025,9,3,Salary Week,Regular Sale
363,4562,2025-10-27,False,False,2025,10,4,Regular Week,Regular Sale
364,4784,2025-07-08,False,True,2025,7,3,Regular Week,Festival Sale
365,249,2025-06-17,False,True,2025,6,2,Regular Week,Festival Sale
366,4175,2025-07-12,True,False,2025,7,3,Salary Week,Regular Sale
367,3512,2025-12-30,False,False,2025,12,4,Regular Week,Regular Sale
368,1176,2025-05-30,False,True,2025,5,2,Regular Week,Festival Sale
369,2635,2025-06-25,False,False,2025,6,2,Regular Week,Regular Sale
370,911,2025-07-15,False,True,2025,7,3,Regular Week,Festival Sale
371,4991,2025-06-18,False,False,2025,6,2,Regular Week,Regular Sale
372,2089,2025-05-17,True,True,2025,5,2,Salary Week,Festival Sale
373,939,2025-09-10,True,False,2025,9,3,Salary Week,Regular Sale
374,2300,2025-05-01,True,False,2025,5,2,Salary Week,Regular Sale
375,2665,2025-12-17,True,False,2025,12,4,Salary Week,Regular Sale
376,4538,2025-05-15,True,False,2025,5,2,Salary Week,Regular Sale
377,2995,2025-05-09,False,True,2025,5,2,Regular Week,Festival Sale
378,2373,2025-12-11,False,False,2025,12,4,Regular Week,Regular Sale
379,391,2025-01-30,False,True,2025,1,1,Regular Week,Festival Sale
380,2558,2025-07-06,True,False,2025,7,3,Salary Week,Regular Sale
381,2353,2025-02-02,False,False,2025,2,1,Regular Week,Regular Sale
382,3556,2025-10-05,False,True,2025,10,4,Regular Week,Festival Sale
383,1464,2025-08-24,True,True,2025,8,3,Salary Week,Festival Sale
384,611,2025-04-25,True,True,2025,4,2,Salary Week,Festival Sale
385,94,2025-03-17,True,True,2025,3,1,Salary Week,Festival Sale
386,3256,2025-07-11,False,False,2025,7,3,Regular Week,Regular Sale
387,345,2025-08-17,False,True,2025,8,3,Regular Week,Festival Sale
388,4284,2025-07-16,False,True,2025,7,3,Regular Week,Festival Sale
389,1261,2025-06-05,True,True,2025,6,2,Salary Week,Festival Sale
390,3165,2025-02-27,True,True,2025,2,1,Salary Week,Festival Sale
391,1736,2025-09-01,False,False,2025,9,3,Regular Week,Regular Sale
392,1410,2025-02-14,True,True,2025,2,1,Salary Week,Festival Sale
393,2539,2026-01-03,False,False,2026,1,1,Regular Week,Regular Sale
394,3252,2025-07-23,False,False,2025,7,3,Regular Week,Regular Sale
395,4418,2025-04-13,True,True,2025,4,2,Salary Week,Festival Sale
396,1027,2025-07-06,True,True,2025,7,3,Salary Week,Festival Sale
397,4459,2025-09-10,False,False,2025,9,3,Regular Week,Regular Sale
398,1489,2025-05-13,True,False,2025,5,2,Salary Week,Regular Sale
399,3086,2025-04-24,True,False,2025,4,2,Salary Week,Regular Sale
400,589,2025-12-24,False,False,2025,12,4,Regular Week,Regular Sale
401,3280,2025-05-29,True,True,2025,5,2,Salary Week,Festival Sale
402,3265,2025-09-08,False,False,2025,9,3,Regular Week,Regular Sale
403,4124,2026-01-04,False,False,2026,1,1,Regular Week,Regular Sale
404,2642,2025-03-04,True,False,2025,3,1,Salary Week,Regular Sale
405,4520,2025-09-27,False,False,2025,9,3,Regular Week,Regular Sale
406,1544,2025-12-14,False,True,2025,12,4,Regular Week,Festival Sale
407,2863,2025-01-22,False,False,2025,1,1,Regular Week,Regular Sale
408,1111,2025-12-30,True,True,2025,12,4,Salary Week,Festival Sale
409,321,2025-10-13,False,False,2025,10,4,Regular Week,Regular Sale
410,641,2025-08-28,True,False,2025,8,3,Salary Week,Regular Sale
411,1200,2025-05-14,False,False,2025,5,2,Regular Week,Regular Sale
412,2207,2025-08-23,True,True,2025,8,3,Salary Week,Festival Sale
413,3238,2025-07-05,True,True,2025,7,3,Salary Week,Festival Sale
414,1315,2025-04-01,False,False,2025,4,2,Regular Week,Regular Sale
415,3292,2025-08-15,True,True,2025,8,3,Salary Week,Festival Sale
416,274,2025-11-07,False,False,2025,11,4,Regular Week,Regular Sale
417,378,2025-02-19,False,False,2025,2,1,Regular Week,Regular Sale
418,2788,2025-08-11,True,True,2025,8,3,Salary Week,Festival Sale
419,1627,2025-05-26,True,True,2025,5,2,Salary Week,Festival Sale
420,1180,2025-01-11,True,False,2025,1,1,Salary Week,Regular Sale
421,3527,2025-10-08,True,True,2025,10,4,Salary Week,Festival Sale
422,3030,2025-04-05,True,False,2025,4,2,Salary Week,Regular Sale
423,1342,2025-06-30,True,True,2025,6,2,Salary Week,Festival Sale
424,4051,2025-02-06,True,False,2025,2,1,Salary Week,Regular Sale
425,4264,2026-01-01,True,True,2026,1,1,Salary Week,Festival Sale
426,215,2025-07-09,False,True,2025,7,3,Regular Week,Festival Sale
427,3614,2025-11-12,True,True,2025,11,4,Salary Week,Festival Sale
428,2418,2025-10-11,False,False,2025,10,4,Regular Week,Regular Sale
429,3953,2025-08-01,False,True,2025,8,3,Regular Week,Festival Sale
430,2964,2025-01-24,False,True,2025,1,1,Regular Week,Festival Sale
431,4120,2025-06-15,False,True,2025,6,2,Regular Week,Festival Sale
432,3720,2025-01-30,False,True,2025,1,1,Regular Week,Festival Sale
433,1917,2025-04-30,True,False,2025,4,2,Salary Week,Regular Sale
434,2815,2025-12-26,True,False,2025,12,4,Salary Week,Regular Sale
435,3131,2025-08-24,False,False,2025,8,3,Regular Week,Regular Sale
436,3626,2025-08-30,False,True,2025,8,3,Regular Week,Festival Sale
437,150,2025-02-09,True,False,2025,2,1,Salary Week,Regular Sale
438,4140,2025-04-11,False,False,2025,4,2,Regular Week,Regular Sale
439,4101,2025-07-01,True,False,2025,7,3,Salary Week,Regular Sale
440,2831,2025-07-22,False,True,2025,7,3,Regular Week,Festival Sale
441,4380,2025-09-08,False,True,2025,9,3,Regular Week,Festival Sale
442,1431,2025-05-07,False,False,2025,5,2,Regular Week,Regular Sale
443,4464,2025-02-08,True,True,2025,2,1,Salary Week,Festival Sale
444,520,2025-08-31,True,True,2025,8,3,Salary Week,Festival Sale
445,3018,2026-01-01,False,False,2026,1,1,Regular Week,Regular Sale
446,3447,2026-01-03,False,False,2026,1,1,Regular Week,Regular Sale
447,2481,2025-03-17,True,True,2025,3,1,Salary Week,Festival Sale
448,2181,2025-11-04,True,True,2025,11,4,Salary Week,Festival Sale
449,1971,2025-06-30,False,False,2025,6,2,Regular Week,Regular Sale
450,3427,2025-07-14,False,True,2025,7,3,Regular Week,Festival Sale
451,2093,2025-10-29,True,True,2025,10,4,Salary Week,Festival Sale
452,1613,2025-11-29,True,True,2025,11,4,Salary Week,Festival Sale
453,920,2025-06-17,True,False,2025,6,2,Salary Week,Regular Sale
454,37,2025-05-06,False,True,2025,5,2,Regular Week,Festival Sale
455,2571,2025-12-09,True,True,2025,12,4,Salary Week,Festival Sale
456,2267,2025-06-23,True,True,2025,6,2,Salary Week,Festival Sale
457,3072,2026-01-03,True,True,2026,1,1,Salary Week,Festival Sale
458,2077,2025-07-03,False,False,2025,7,3,Regular Week,Regular Sale
459,4842,2025-02-21,True,False,2025,2,1,Salary Week,Regular Sale
460,1853,2025-12-13,False,False,2025,12,4,Regular Week,Regular Sale
461,2761,2025-04-27,True,False,2025,4,2,Salary Week,Regular Sale
462,1429,2025-09-21,False,True,2025,9,3,Regular Week,Festival Sale
463,3809,2025-08-13,False,False,2025,8,3,Regular Week,Regular Sale
464,4004,2025-10-20,True,False,2025,10,4,Salary Week,Regular Sale
465,3186,2025-12-16,False,True,2025,12,4,Regular Week,Festival Sale
466,4236,2025-07-16,True,True,2025,7,3,Salary Week,Festival Sale
467,2264,2025-05-20,True,True,2025,5,2,Salary Week,Festival Sale
468,376,2025-12-15,True,True,2025,12,4,Salary Week,Festival Sale
469,4827,2025-07-16,False,False,2025,7,3,Regular Week,Regular Sale
470,4708,2025-05-15,True,True,2025,5,2,Salary Week,Festival Sale
471,3196,2025-03-23,False,True,2025,3,1,Regular Week,Festival Sale
472,4981,2025-09-11,False,True,2025,9,3,Regular Week,Festival Sale
473,2421,2025-12-25,True,True,2025,12,4,Salary Week,Festival Sale
474,2087,2025-07-16,True,False,2025,7,3,Salary Week,Regular Sale
475,425,2025-12-09,False,True,2025,12,4,Regular Week,Festival Sale
476,4946,2025-07-04,False,False,2025,7,3,Regular Week,Regular Sale
477,1568,2025-06-25,False,True,2025,6,2,Regular Week,Festival Sale
478,4641,2025-05-07,False,True,2025,5,2,Regular Week,Festival Sale
479,4245,2025-03-05,False,False,2025,3,1,Regular Week,Regular Sale
480,2351,2025-11-09,False,False,2025,11,4,Regular Week,Regular Sale
481,4347,2025-12-03,True,True,2025,12,4,Salary Week,Festival Sale
482,2514,2025-11-25,False,True,2025,11,4,Regular Week,Festival Sale
483,3247,2025-05-25,True,True,2025,5,2,Salary Week,Festival Sale
484,4567,2025-06-14,False,False,2025,6,2,Regular Week,Regular Sale
485,2642,2025-11-29,False,True,2025,11,4,Regular Week,Festival Sale
486,3818,2025-04-22,False,True,2025,4,2,Regular Week,Festival Sale
487,1719,2025-07-20,True,False,2025,7,3,Salary Week,Regular Sale
488,4756,2025-10-24,True,False,2025,10,4,Salary Week,Regular Sale
489,3421,2025-01-21,False,False,2025,1,1,Regular Week,Regular Sale
490,3819,2025-09-11,True,False,2025,9,3,Salary Week,Regular Sale
491,1706,2025-11-20,False,False,2025,11,4,Regular Week,Regular Sale
492,4607,2025-08-18,False,False,2025,8,3,Regular Week,Regular Sale
493,4842,2025-02-14,True,True,2025,2,1,Salary Week,Festival Sale
494,4525,2025-06-06,True,False,2025,6,2,Salary Week,Regular Sale
495,3977,2025-09-15,True,False,2025,9,3,Salary Week,Regular Sale
496,1548,2025-09-05,True,False,2025,9,3,Salary Week,Regular Sale
497,83,2025-11-15,False,True,2025,11,4,Regular Week,Festival Sale
498,4434,2025-11-23,True,True,2025,11,4,Salary Week,Festival Sale
499,464,2025-07-31,True,True,2025,7,3,Salary Week,Festival Sale
500,3021,2025-04-13,True,False,2025,4,2,Salary Week,Regular Sale
501,1061,2025-11-14,True,False,2025,11,4,Salary Week,Regular Sale
502,3789,2025-07-05,False,True,2025,7,3,Regular Week,Festival Sale
503,3458,2025-02-07,True,False,2025,2,1,Salary Week,Regular Sale
504,777,2025-03-22,False,True,2025,3,1,Regular Week,Festival Sale
505,4629,2025-04-03,True,True,2025,4,2,Salary Week,Festival Sale
506,3239,2025-09-29,True,False,2025,9,3,Salary Week,Regular Sale
507,4420,2025-07-14,False,False,2025,7,3,Regular Week,Regular Sale
508,3447,2025-02-28,True,True,2025,2,1,Salary Week,Festival Sale
509,1012,2025-01-23,True,False,2025,1,1,Salary Week,Regular Sale
510,3210,2025-10-20,False,False,2025,10,4,Regular Week,Regular Sale
511,4384,2025-06-20,False,False,2025,6,2,Regular Week,Regular Sale
512,1781,2025-10-27,True,False,2025,10,4,Salary Week,Regular Sale
513,4615,2025-06-02,True,False,2025,6,2,Salary Week,Regular Sale
514,3863,2025-03-06,False,False,2025,3,1,Regular Week,Regular Sale
515,3260,2025-03-20,True,True,2025,3,1,Salary Week,Festival Sale
516,1087,2025-10-03,False,False,2025,10,4,Regular Week,Regular Sale
517,1722,2025-02-09,False,True,2025,2,1,Regular Week,Festival Sale
518,1401,2025-06-01,True,True,2025,6,2,Salary Week,Festival Sale
519,997,2025-06-13,False,False,2025,6,2,Regular Week,Regular Sale
520,793,2025-05-24,False,False,2025,5,2,Regular Week,Regular Sale
521,881,2025-04-26,False,False,2025,4,2,Regular Week,Regular Sale
522,4716,2025-06-13,True,True,2025,6,2,Salary Week,Festival Sale
523,4107,2025-07-08,False,True,2025,7,3,Regular Week,Festival Sale
524,1885,2025-06-20,False,False,2025,6,2,Regular Week,Regular Sale
525,1326,2026-01-03,True,True,2026,1,1,Salary Week,Festival Sale
526,158,2025-09-01,True,False,2025,9,3,Salary Week,Regular Sale
527,3316,2025-03-16,False,False,2025,3,1,Regular Week,Regular Sale
528,1326,2025-09-21,True,True,2025,9,3,Salary Week,Festival Sale
529,4005,2025-03-27,True,False,2025,3,1,Salary Week,Regular Sale
530,3501,2025-09-18,False,False,2025,9,3,Regular Week,Regular Sale
531,2518,2025-03-31,True,True,2025,3,1,Salary Week,Festival Sale
532,4896,2025-01-06,False,False,2025,1,1,Regular Week,Regular Sale
533,4249,2025-02-18,True,False,2025,2,1,Salary Week,Regular Sale
534,4980,2025-04-26,True,False,2025,4,2,Salary Week,Regular Sale
535,2135,2025-10-15,False,True,2025,10,4,Regular Week,Festival Sale
536,3583,2025-08-24,False,True,2025,8,3,Regular Week,Festival Sale
537,3230,2025-04-29,True,False,2025,4,2,Salary Week,Regular Sale
538,1513,2025-11-27,False,True,2025,11,4,Regular Week,Festival Sale
539,4894,2025-04-29,False,False,2025,4,2,Regular Week,Regular Sale
540,4294,2025-04-05,True,False,2025,4,2,Salary Week,Regular Sale
541,786,2025-04-18,True,False,2025,4,2,Salary Week,Regular Sale
542,2297,2025-09-27,True,True,2025,9,3,Salary Week,Festival Sale
543,3770,2025-10-27,False,False,2025,10,4,Regular Week,Regular Sale
544,4129,2025-09-06,True,True,2025,9,3,Salary Week,Festival Sale
545,3313,2025-03-19,False,False,2025,3,1,Regular Week,Regular Sale
546,2136,2025-01-27,True,False,2025,1,1,Salary Week,Regular Sale
547,311,2025-01-10,False,True,2025,1,1,Regular Week,Festival Sale
548,4617,2025-05-06,False,False,2025,5,2,Regular Week,Regular Sale
549,2771,2026-01-03,True,True,2026,1,1,Salary Week,Festival Sale
550,2813,2025-04-10,False,False,2025,4,2,Regular Week,Regular Sale
551,3403,2025-02-26,True,True,2025,2,1,Salary Week,Festival Sale
552,920,2025-09-13,True,False,2025,9,3,Salary Week,Regular Sale
553,4595,2025-05-27,False,True,2025,5,2,Regular Week,Festival Sale
554,1425,2025-11-04,False,False,2025,11,4,Regular Week,Regular Sale
555,4944,2025-04-09,False,False,2025,4,2,Regular Week,Regular Sale
556,2011,2025-06-01,True,False,2025,6,2,Salary Week,Regular Sale
557,3795,2025-09-14,True,True,2025,9,3,Salary Week,Festival Sale
558,4475,2025-08-30,True,False,2025,8,3,Salary Week,Regular Sale
559,416,2025-08-05,False,False,2025,8,3,Regular Week,Regular Sale
560,3208,2025-03-04,False,True,2025,3,1,Regular Week,Festival Sale
561,706,2025-03-05,True,False,2025,3,1,Salary Week,Regular Sale
562,4639,2025-10-04,False,False,2025,10,4,Regular Week,Regular Sale
563,3550,2025-11-06,True,False,2025,11,4,Salary Week,Regular Sale
564,1004,2025-06-22,True,False,2025,6,2,Salary Week,Regular Sale
565,3548,2025-12-13,False,False,2025,12,4,Regular Week,Regular Sale
566,3393,2025-08-26,True,True,2025,8,3,Salary Week,Festival Sale
567,4984,2025-07-04,False,True,2025,7,3,Regular Week,Festival Sale
568,391,2025-08-03,False,False,2025,8,3,Regular Week,Regular Sale
569,4112,2025-06-12,False,False,2025,6,2,Regular Week,Regular Sale
570,4947,2025-07-04,True,True,2025,7,3,Salary Week,Festival Sale
571,4781,2025-11-08,False,True,2025,11,4,Regular Week,Festival Sale
572,3989,2025-06-19,False,True,2025,6,2,Regular Week,Festival Sale
573,2929,2025-11-09,False,False,2025,11,4,Regular Week,Regular Sale
574,2699,2025-10-25,False,False,2025,10,4,Regular Week,Regular Sale
575,373,2025-11-25,True,True,2025,11,4,Salary Week,Festival Sale
576,1323,2025-09-17,False,False,2025,9,3,Regular Week,Regular Sale
577,3346,2025-10-17,False,False,2025,10,4,Regular Week,Regular Sale
578,4575,2025-06-20,False,False,2025,6,2,Regular Week,Regular Sale
579,2322,2025-06-04,False,False,2025,6,2,Regular Week,Regular Sale
580,1752,2025-10-20,False,False,2025,10,4,Regular Week,Regular Sale
581,1040,2025-06-15,True,True,2025,6,2,Salary Week,Festival Sale
582,1611,2025-10-07,True,False,2025,10,4,Salary Week,Regular Sale
583,3694,2025-09-14,True,False,2025,9,3,Salary Week,Regular Sale
584,1478,2025-10-21,True,True,2025,10,4,Salary Week,Festival Sale
585,2456,2025-02-15,True,True,2025,2,1,Salary Week,Festival Sale
586,4003,2025-06-08,False,True,2025,6,2,Regular Week,Festival Sale
587,4378,2025-05-17,True,True,2025,5,2,Salary Week,Festival Sale
588,3946,2025-03-23,False,False,2025,3,1,Regular Week,Regular Sale
589,2100,2025-10-20,False,False,2025,10,4,Regular Week,Regular Sale
590,1138,2025-10-17,False,False,2025,10,4,Regular Week,Regular Sale
591,1363,2025-03-23,True,True,2025,3,1,Salary Week,Festival Sale
592,3306,2025-11-06,False,False,2025,11,4,Regular Week,Regular Sale
593,2737,2025-02-22,False,True,2025,2,1,Regular Week,Festival Sale
594,593,2025-09-05,True,True,2025,9,3,Salary Week,Festival Sale
595,4482,2025-08-19,False,True,2025,8,3,Regular Week,Festival Sale
596,4223,2025-08-08,True,False,2025,8,3,Salary Week,Regular Sale
597,4980,2025-05-16,False,True,2025,5,2,Regular Week,Festival Sale
598,3276,2025-01-29,False,False,2025,1,1,Regular Week,Regular Sale
599,362,2025-11-15,True,False,2025,11,4,Salary Week,Regular Sale
600,1657,2025-09-01,True,False,2025,9,3,Salary Week,Regular Sale
601,3313,2025-05-02,True,False,2025,5,2,Salary Week,Regular Sale
602,145,2025-08-20,False,False,2025,8,3,Regular Week,Regular Sale
603,2525,2025-06-05,True,True,2025,6,2,Salary Week,Festival Sale
604,939,2025-04-23,True,True,2025,4,2,Salary Week,Festival Sale
605,1677,2025-01-18,False,True,2025,1,1,Regular Week,Festival Sale
606,279,2025-05-07,False,False,2025,5,2,Regular Week,Regular Sale
607,2787,2025-02-27,True,False,2025,2,1,Salary Week,Regular Sale
608,3991,2025-03-24,False,False,2025,3,1,Regular Week,Regular Sale
609,412,2025-05-28,False,False,2025,5,2,Regular Week,Regular Sale
610,1725,2025-12-26,False,False,2025,12,4,Regular Week,Regular Sale
611,3730,2025-11-14,True,True,2025,11,4,Salary Week,Festival Sale
612,2440,2025-05-06,True,False,2025,5,2,Salary Week,Regular Sale
613,286,2025-12-11,True,False,2025,12,4,Salary Week,Regular Sale
614,1702,2025-05-21,False,False,2025,5,2,Regular Week,Regular Sale
615,4528,2025-10-27,False,False,2025,10,4,Regular Week,Regular Sale
616,4317,2025-11-21,True,True,2025,11,4,Salary Week,Festival Sale
617,4801,2025-06-06,True,True,2025,6,2,Salary Week,Festival Sale
618,4286,2025-08-03,True,True,2025,8,3,Salary Week,Festival Sale
619,3043,2025-10-05,True,True,2025,10,4,Salary Week,Festival Sale
620,463,2025-11-19,True,True,2025,11,4,Salary Week,Festival Sale
621,2410,2025-03-06,False,False,2025,3,1,Regular Week,Regular Sale
622,4488,2025-06-21,False,True,2025,6,2,Regular Week,Festival Sale
623,1907,2025-03-02,True,True,2025,3,1,Salary Week,Festival Sale
624,2433,2025-07-15,False,True,2025,7,3,Regular Week,Festival Sale
625,1456,2025-08-02,False,False,2025,8,3,Regular Week,Regular Sale
626,3707,2025-03-25,True,False,2025,3,1,Salary Week,Regular Sale
627,637,2025-05-29,True,True,2025,5,2,Salary Week,Festival Sale
628,2794,2025-05-16,False,False,2025,5,2,Regular Week,Regular Sale
629,1607,2025-12-21,False,True,2025,12,4,Regular Week,Festival Sale
630,1300,2025-10-04,True,False,2025,10,4,Salary Week,Regular Sale
631,4241,2025-08-10,False,False,2025,8,3,Regular Week,Regular Sale
632,2305,2025-11-16,True,True,2025,11,4,Salary Week,Festival Sale
633,3002,2025-08-01,False,True,2025,8,3,Regular Week,Festival Sale
634,1841,2025-08-24,True,False,2025,8,3,Salary Week,Regular Sale
635,184,2025-07-08,True,False,2025,7,3,Salary Week,Regular Sale
636,4645,2025-03-31,False,True,2025,3,1,Regular Week,Festival Sale
637,4958,2025-10-17,False,False,2025,10,4,Regular Week,Regular Sale
638,2460,2025-02-25,True,True,2025,2,1,Salary Week,Festival Sale
639,1381,2026-01-06,True,True,2026,1,1,Salary Week,Festival Sale
640,3342,2025-08-29,True,True,2025,8,3,Salary Week,Festival Sale
641,1799,2025-01-24,True,True,2025,1,1,Salary Week,Festival Sale
642,3866,2025-03-16,True,True,2025,3,1,Salary Week,Festival Sale
643,3271,2025-05-10,True,False,2025,5,2,Salary Week,Regular Sale
644,3160,2025-02-28,True,False,2025,2,1,Salary Week,Regular Sale
645,493,2025-09-26,True,True,2025,9,3,Salary Week,Festival Sale
646,2537,2025-10-12,False,True,2025,10,4,Regular Week,Festival Sale
647,4198,2025-10-28,True,False,2025,10,4,Salary Week,Regular Sale
648,4,2025-12-10,False,False,2025,12,4,Regular Week,Regular Sale
649,4983,2025-11-02,False,True,2025,11,4,Regular Week,Festival Sale
650,1369,2025-08-31,True,True,2025,8,3,Salary Week,Festival Sale
651,3665,2025-06-06,True,False,2025,6,2,Salary Week,Regular Sale
652,576,2025-11-05,True,True,2025,11,4,Salary Week,Festival Sale
653,1408,2025-08-02,False,True,2025,8,3,Regular Week,Festival Sale
654,4462,2025-02-11,True,False,2025,2,1,Salary Week,Regular Sale
655,658,2025-01-22,False,False,2025,1,1,Regular Week,Regular Sale
656,1432,2025-05-01,True,True,2025,5,2,Salary Week,Festival Sale
657,3399,2025-12-10,False,False,2025,12,4,Regular Week,Regular Sale
658,3376,2025-03-02,False,True,2025,3,1,Regular Week,Festival Sale
659,3328,2025-06-01,True,True,2025,6,2,Salary Week,Festival Sale
660,3766,2025-04-27,False,True,2025,4,2,Regular Week,Festival Sale
661,2072,2025-04-08,True,True,2025,4,2,Salary Week,Festival Sale
662,378,2025-09-04,False,False,2025,9,3,Regular Week,Regular Sale
663,3719,2025-06-13,False,True,2025,6,2,Regular Week,Festival Sale
664,2544,2025-06-16,True,False,2025,6,2,Salary Week,Regular Sale
665,4138,2025-03-14,False,True,2025,3,1,Regular Week,Festival Sale
666,3003,2025-08-22,True,False,2025,8,3,Salary Week,Regular Sale
667,3216,2025-11-18,True,True,2025,11,4,Salary Week,Festival Sale
668,303,2025-12-26,True,False,2025,12,4,Salary Week,Regular Sale
669,1739,2025-02-03,False,False,2025,2,1,Regular Week,Regular Sale
670,1301,2025-09-26,False,False,2025,9,3,Regular Week,Regular Sale
671,1810,2025-06-30,False,False,2025,6,2,Regular Week,Regular Sale
672,2620,2025-12-30,True,True,2025,12,4,Salary Week,Festival Sale
673,4227,2025-01-24,True,True,2025,1,1,Salary Week,Festival Sale
674,1513,2025-03-15,True,True,2025,3,1,Salary Week,Festival Sale
675,4175,2025-06-27,True,False,2025,6,2,Salary Week,Regular Sale
676,24,2025-02-14,False,False,2025,2,1,Regular Week,Regular Sale
677,1849,2025-05-12,True,False,2025,5,2,Salary Week,Regular Sale
678,1919,2025-05-06,True,False,2025,5,2,Salary Week,Regular Sale
679,185,2025-09-26,False,False,2025,9,3,Regular Week,Regular Sale
680,4136,2025-10-19,False,True,2025,10,4,Regular Week,Festival Sale
681,4074,2025-10-16,True,True,2025,10,4,Salary Week,Festival Sale
682,4612,2025-02-09,False,True,2025,2,1,Regular Week,Festival Sale
683,1047,2025-09-30,False,True,2025,9,3,Regular Week,Festival Sale
684,3691,2025-01-28,True,True,2025,1,1,Salary Week,Festival Sale
685,4842,2025-12-19,True,False,2025,12,4,Salary Week,Regular Sale
686,2743,2025-11-02,True,True,2025,11,4,Salary Week,Festival Sale
687,2639,2025-07-01,True,False,2025,7,3,Salary Week,Regular Sale
688,3262,2025-08-14,False,True,2025,8,3,Regular Week,Festival Sale
689,2595,2025-04-08,True,False,2025,4,2,Salary Week,Regular Sale
690,4338,2025-09-11,False,False,2025,9,3,Regular Week,Regular Sale
691,154,2025-08-15,False,True,2025,8,3,Regular Week,Festival Sale
692,717,2025-01-13,False,False,2025,1,1,Regular Week,Regular Sale
693,827,2025-02-15,True,False,2025,2,1,Salary Week,Regular Sale
694,2699,2025-05-26,True,False,2025,5,2,Salary Week,Regular Sale
695,898,2025-03-27,True,True,2025,3,1,Salary Week,Festival Sale
696,2983,2025-01-07,True,True,2025,1,1,Salary Week,Festival Sale
697,3039,2025-01-12,False,True,2025,1,1,Regular Week,Festival Sale
698,4347,2025-06-19,True,False,2025,6,2,Salary Week,Regular Sale
699,2147,2025-12-06,True,False,2025,12,4,Salary Week,Regular Sale
700,4186,2025-12-24,False,True,2025,12,4,Regular Week,Festival Sale
701,907,2025-07-27,False,True,2025,7,3,Regular Week,Festival Sale
702,3287,2025-11-02,False,False,2025,11,4,Regular Week,Regular Sale
703,3256,2025-10-15,True,False,2025,10,4,Salary Week,Regular Sale
704,3258,2025-06-18,False,False,2025,6,2,Regular Week,Regular Sale
705,3255,2025-11-13,False,False,2025,11,4,Regular Week,Regular Sale
706,247,2025-01-21,True,True,2025,1,1,Salary Week,Festival Sale
707,907,2025-03-30,True,False,2025,3,1,Salary Week,Regular Sale
708,993,2025-11-26,False,False,2025,11,4,Regular Week,Regular Sale
709,4574,2025-12-14,True,True,2025,12,4,Salary Week,Festival Sale
710,551,2025-04-23,False,True,2025,4,2,Regular Week,Festival Sale
711,4840,2025-03-12,False,True,2025,3,1,Regular Week,Festival Sale
712,4422,2025-11-06,True,True,2025,11,4,Salary Week,Festival Sale
713,3912,2025-10-28,False,True,2025,10,4,Regular Week,Festival Sale
714,3026,2025-10-19,False,True,2025,10,4,Regular Week,Festival Sale
715,2029,2025-09-13,False,False,2025,9,3,Regular Week,Regular Sale
716,4295,2025-07-30,True,True,2025,7,3,Salary Week,Festival Sale
717,3952,2025-10-25,False,False,2025,10,4,Regular Week,Regular Sale
718,482,2025-10-01,False,False,2025,10,4,Regular Week,Regular Sale
719,1382,2025-02-26,True,False,2025,2,1,Salary Week,Regular Sale
720,4147,2025-07-07,True,True,2025,7,3,Salary Week,Festival Sale
721,1223,2025-06-30,True,False,2025,6,2,Salary Week,Regular Sale
722,1880,2025-10-19,False,False,2025,10,4,Regular Week,Regular Sale
723,3560,2025-07-08,False,True,2025,7,3,Regular Week,Festival Sale
724,3958,2025-02-26,False,False,2025,2,1,Regular Week,Regular Sale
725,3515,2025-10-26,False,True,2025,10,4,Regular Week,Festival Sale
726,3747,2025-05-16,False,False,2025,5,2,Regular Week,Regular Sale
727,3218,2025-02-10,True,False,2025,2,1,Salary Week,Regular Sale
728,3841,2025-03-28,True,False,2025,3,1,Salary Week,Regular Sale
729,4056,2025-02-18,True,False,2025,2,1,Salary Week,Regular Sale
730,3529,2025-09-27,True,True,2025,9,3,Salary Week,Festival Sale
731,4604,2025-03-01,False,True,2025,3,1,Regular Week,Festival Sale
732,4191,2025-01-29,True,True,2025,1,1,Salary Week,Festival Sale
733,769,2025-11-03,False,True,2025,11,4,Regular Week,Festival Sale
734,277,2025-01-22,False,False,2025,1,1,Regular Week,Regular Sale
735,4584,2025-04-04,True,False,2025,4,2,Salary Week,Regular Sale
736,4521,2025-06-22,False,True,2025,6,2,Regular Week,Festival Sale
737,542,2025-07-29,True,False,2025,7,3,Salary Week,Regular Sale
738,2231,2025-08-24,False,True,2025,8,3,Regular Week,Festival Sale
739,1604,2025-07-04,True,False,2025,7,3,Salary Week,Regular Sale
740,4338,2025-07-01,True,False,2025,7,3,Salary Week,Regular Sale
741,4958,2025-05-14,False,False,2025,5,2,Regular Week,Regular Sale
742,1616,2025-09-13,True,False,2025,9,3,Salary Week,Regular Sale
743,4756,2025-11-10,False,True,2025,11,4,Regular Week,Festival Sale
744,15,2025-04-03,True,False,2025,4,2,Salary Week,Regular Sale
745,1287,2025-07-01,True,False,2025,7,3,Salary Week,Regular Sale
746,408,2025-03-26,False,True,2025,3,1,Regular Week,Festival Sale
747,3669,2025-08-10,True,False,2025,8,3,Salary Week,Regular Sale
748,3551,2025-12-30,False,True,2025,12,4,Regular Week,Festival Sale
749,2418,2025-06-04,True,False,2025,6,2,Salary Week,Regular Sale
750,37,2025-10-28,False,True,2025,10,4,Regular Week,Festival Sale
751,2211,2025-12-01,True,False,2025,12,4,Salary Week,Regular Sale
752,4949,2025-11-18,False,False,2025,11,4,Regular Week,Regular Sale
753,2988,2025-12-19,False,True,2025,12,4,Regular Week,Festival Sale
754,1401,2025-11-09,True,True,2025,11,4,Salary Week,Festival Sale
755,2155,2025-10-11,True,False,2025,10,4,Salary Week,Regular Sale
756,1178,2025-01-15,True,False,2025,1,1,Salary Week,Regular Sale
757,4871,2025-04-14,False,False,2025,4,2,Regular Week,Regular Sale
758,1294,2025-11-05,False,False,2025,11,4,Regular Week,Regular Sale
759,2146,2025-03-29,True,True,2025,3,1,Salary Week,Festival Sale
760,3645,2025-03-05,True,True,2025,3,1,Salary Week,Festival Sale
761,4748,2025-02-22,False,True,2025,2,1,Regular Week,Festival Sale
762,1520,2025-08-12,False,False,2025,8,3,Regular Week,Regular Sale
763,2315,2025-02-25,True,False,2025,2,1,Salary Week,Regular Sale
764,3950,2025-02-21,False,True,2025,2,1,Regular Week,Festival Sale
765,1737,2025-08-18,True,True,2025,8,3,Salary Week,Festival Sale
766,400,2025-04-25,False,True,2025,4,2,Regular Week,Festival Sale
767,2734,2025-09-29,False,False,2025,9,3,Regular Week,Regular Sale
768,317,2025-01-27,False,True,2025,1,1,Regular Week,Festival Sale
769,2385,2025-01-16,False,False,2025,1,1,Regular Week,Regular Sale
770,4887,2025-08-25,True,False,2025,8,3,Salary Week,Regular Sale
771,2601,2025-08-27,False,False,2025,8,3,Regular Week,Regular Sale
772,2040,2025-09-12,True,False,2025,9,3,Salary Week,Regular Sale
773,2595,2025-09-01,True,True,2025,9,3,Salary Week,Festival Sale
774,4176,2025-04-25,True,True,2025,4,2,Salary Week,Festival Sale
775,845,2025-03-19,True,False,2025,3,1,Salary Week,Regular Sale
776,4931,2025-11-04,False,True,2025,11,4,Regular Week,Festival Sale
777,1175,2025-05-04,False,True,2025,5,2,Regular Week,Festival Sale
778,3721,2025-07-24,True,True,2025,7,3,Salary Week,Festival Sale
779,4210,2025-06-12,True,True,2025,6,2,Salary Week,Festival Sale
780,4620,2025-12-22,True,False,2025,12,4,Salary Week,Regular Sale
781,87,2025-12-26,False,False,2025,12,4,Regular Week,Regular Sale
782,133,2025-08-31,False,True,2025,8,3,Regular Week,Festival Sale
783,4864,2025-05-07,False,False,2025,5,2,Regular Week,Regular Sale
784,4479,2025-09-13,True,False,2025,9,3,Salary Week,Regular Sale
785,689,2025-03-12,True,True,2025,3,1,Salary Week,Festival Sale
786,2971,2025-04-22,True,False,2025,4,2,Salary Week,Regular Sale
787,3860,2025-10-19,False,False,2025,10,4,Regular Week,Regular Sale
788,2444,2025-08-14,False,False,2025,8,3,Regular Week,Regular Sale
789,3790,2025-10-02,False,False,2025,10,4,Regular Week,Regular Sale
790,157,2025-06-13,True,False,2025,6,2,Salary Week,Regular Sale
791,2768,2025-02-06,False,False,2025,2,1,Regular Week,Regular Sale
792,1898,2025-11-20,False,True,2025,11,4,Regular Week,Festival Sale
793,2206,2025-07-08,True,True,2025,7,3,Salary Week,Festival Sale
794,3824,2025-09-12,False,False,2025,9,3,Regular Week,Regular Sale
795,772,2025-04-08,True,True,2025,4,2,Salary Week,Festival Sale
796,746,2025-01-30,True,False,2025,1,1,Salary Week,Regular Sale
797,3052,2025-08-08,False,True,2025,8,3,Regular Week,Festival Sale
798,1122,2025-10-26,True,False,2025,10,4,Salary Week,Regular Sale
799,4952,2025-03-29,False,True,2025,3,1,Regular Week,Festival Sale
800,3068,2025-01-27,True,True,2025,1,1,Salary Week,Festival Sale
801,2158,2025-06-20,False,True,2025,6,2,Regular Week,Festival Sale
802,848,2025-07-02,False,False,2025,7,3,Regular Week,Regular Sale
803,4655,2025-05-06,True,False,2025,5,2,Salary Week,Regular Sale
804,2447,2025-04-01,False,False,2025,4,2,Regular Week,Regular Sale
805,4060,2025-12-04,False,True,2025,12,4,Regular Week,Festival Sale
806,1298,2025-08-18,True,True,2025,8,3,Salary Week,Festival Sale
807,868,2025-07-16,True,False,2025,7,3,Salary Week,Regular Sale
808,2890,2025-11-16,True,False,2025,11,4,Salary Week,Regular Sale
809,812,2025-12-04,False,True,2025,12,4,Regular Week,Festival Sale
810,4635,2025-08-18,True,False,2025,8,3,Salary Week,Regular Sale
811,4480,2025-01-11,False,True,2025,1,1,Regular Week,Festival Sale
812,4107,2025-08-31,True,True,2025,8,3,Salary Week,Festival Sale
813,2427,2025-02-22,True,True,2025,2,1,Salary Week,Festival Sale
814,1465,2025-04-07,True,True,2025,4,2,Salary Week,Festival Sale
815,537,2025-01-07,False,True,2025,1,1,Regular Week,Festival Sale
816,2749,2025-05-29,True,True,2025,5,2,Salary Week,Festival Sale
817,3545,2025-02-26,False,False,2025,2,1,Regular Week,Regular Sale
818,2678,2025-02-14,True,True,2025,2,1,Salary Week,Festival Sale
819,4978,2025-12-31,False,False,2025,12,4,Regular Week,Regular Sale
820,4312,2025-11-04,False,False,2025,11,4,Regular Week,Regular Sale
821,3760,2025-09-25,True,True,2025,9,3,Salary Week,Festival Sale
822,1682,2025-12-21,True,True,2025,12,4,Salary Week,Festival Sale
823,1841,2025-05-22,True,True,2025,5,2,Salary Week,Festival Sale
824,2525,2025-07-11,True,False,2025,7,3,Salary Week,Regular Sale
825,4801,2025-02-15,False,True,2025,2,1,Regular Week,Festival Sale
826,3897,2025-11-12,True,False,2025,11,4,Salary Week,Regular Sale
827,3413,2026-01-01,False,True,2026,1,1,Regular Week,Festival Sale
828,4870,2025-10-03,False,True,2025,10,4,Regular Week,Festival Sale
829,427,2025-12-28,True,True,2025,12,4,Salary Week,Festival Sale
830,1483,2025-10-01,True,False,2025,10,4,Salary Week,Regular Sale
831,3368,2025-08-30,True,True,2025,8,3,Salary Week,Festival Sale
832,2253,2025-04-08,True,True,2025,4,2,Salary Week,Festival Sale
833,2723,2025-08-20,True,True,2025,8,3,Salary Week,Festival Sale
834,453,2025-08-24,False,True,2025,8,3,Regular Week,Festival Sale
835,4677,2025-05-19,True,True,2025,5,2,Salary Week,Festival Sale
836,863,2025-05-28,False,True,2025,5,2,Regular Week,Festival Sale
837,2290,2025-03-23,False,False,2025,3,1,Regular Week,Regular Sale
838,2795,2025-09-21,False,False,2025,9,3,Regular Week,Regular Sale
839,1251,2025-09-16,False,True,2025,9,3,Regular Week,Festival Sale
840,3749,2025-09-09,False,False,2025,9,3,Regular Week,Regular Sale
841,1321,2025-10-03,True,True,2025,10,4,Salary Week,Festival Sale
842,1089,2025-09-28,True,True,2025,9,3,Salary Week,Festival Sale
843,1839,2025-02-13,False,True,2025,2,1,Regular Week,Festival Sale
844,4131,2025-09-23,False,False,2025,9,3,Regular Week,Regular Sale
845,4329,2025-01-31,True,True,2025,1,1,Salary Week,Festival Sale
846,934,2025-05-05,True,False,2025,5,2,Salary Week,Regular Sale
847,1351,2025-12-09,True,False,2025,12,4,Salary Week,Regular Sale
848,2127,2025-12-22,True,True,2025,12,4,Salary Week,Festival Sale
849,1691,2025-04-27,False,True,2025,4,2,Regular Week,Festival Sale
850,3824,2025-10-14,True,False,2025,10,4,Salary Week,Regular Sale
851,1766,2025-01-09,False,False,2025,1,1,Regular Week,Regular Sale
852,1828,2025-08-04,True,True,2025,8,3,Salary Week,Festival Sale
853,2375,2025-09-27,True,True,2025,9,3,Salary Week,Festival Sale
854,4445,2025-10-06,True,False,2025,10,4,Salary Week,Regular Sale
855,1893,2025-09-28,True,False,2025,9,3,Salary Week,Regular Sale
856,202,2025-02-15,False,False,2025,2,1,Regular Week,Regular Sale
857,3715,2025-05-31,True,False,2025,5,2,Salary Week,Regular Sale
858,2606,2025-04-03,True,True,2025,4,2,Salary Week,Festival Sale
859,815,2025-01-06,True,False,2025,1,1,Salary Week,Regular Sale
860,3142,2025-03-08,False,False,2025,3,1,Regular Week,Regular Sale
861,4536,2025-08-28,True,False,2025,8,3,Salary Week,Regular Sale
862,2242,2025-02-04,True,True,2025,2,1,Salary Week,Festival Sale
863,369,2025-03-24,False,False,2025,3,1,Regular Week,Regular Sale
864,3627,2025-03-16,True,False,2025,3,1,Salary Week,Regular Sale
865,2031,2025-06-06,True,True,2025,6,2,Salary Week,Festival Sale
866,2314,2025-04-07,True,True,2025,4,2,Salary Week,Festival Sale
867,2175,2025-07-21,False,True,2025,7,3,Regular Week,Festival Sale
868,398,2025-11-27,True,False,2025,11,4,Salary Week,Regular Sale
869,2464,2025-04-30,True,True,2025,4,2,Salary Week,Festival Sale
870,2096,2025-11-23,True,True,2025,11,4,Salary Week,Festival Sale
871,1821,2025-04-19,True,False,2025,4,2,Salary Week,Regular Sale
872,2461,2025-10-24,True,True,2025,10,4,Salary Week,Festival Sale
873,2594,2025-07-22,True,True,2025,7,3,Salary Week,Festival Sale
874,2172,2025-08-07,True,True,2025,8,3,Salary Week,Festival Sale
875,822,2025-01-10,True,True,2025,1,1,Salary Week,Festival Sale
876,874,2025-05-07,True,True,2025,5,2,Salary Week,Festival Sale
877,3359,2025-06-23,False,False,2025,6,2,Regular Week,Regular Sale
878,4474,2025-07-21,True,False,2025,7,3,Salary Week,Regular Sale
879,970,2025-09-11,False,False,2025,9,3,Regular Week,Regular Sale
880,3700,2025-09-02,True,True,2025,9,3,Salary Week,Festival Sale
881,4981,2025-03-23,False,False,2025,3,1,Regular Week,Regular Sale
882,2969,2025-01-30,True,False,2025,1,1,Salary Week,Regular Sale
883,4985,2025-12-15,True,True,2025,12,4,Salary Week,Festival Sale
884,4813,2025-02-15,True,True,2025,2,1,Salary Week,Festival Sale
885,1959,2025-06-21,False,True,2025,6,2,Regular Week,Festival Sale
886,2532,2025-03-28,True,True,2025,3,1,Salary Week,Festival Sale
887,4157,2025-11-22,False,False,2025,11,4,Regular Week,Regular Sale
888,2298,2025-04-26,False,True,2025,4,2,Regular Week,Festival Sale
889,4630,2025-10-04,False,False,2025,10,4,Regular Week,Regular Sale
890,3872,2025-08-01,False,False,2025,8,3,Regular Week,Regular Sale
891,2246,2025-01-07,False,False,2025,1,1,Regular Week,Regular Sale
892,579,2025-07-02,True,False,2025,7,3,Salary Week,Regular Sale
893,4295,2025-11-21,False,True,2025,11,4,Regular Week,Festival Sale
894,2540,2025-03-03,False,False,2025,3,1,Regular Week,Regular Sale
895,2249,2025-10-15,True,True,2025,10,4,Salary Week,Festival Sale
896,105,2025-06-22,False,False,2025,6,2,Regular Week,Regular Sale
897,4770,2025-10-17,True,True,2025,10,4,Salary Week,Festival Sale
898,4255,2025-06-26,True,True,2025,6,2,Salary Week,Festival Sale
899,3110,2025-09-06,True,True,2025,9,3,Salary Week,Festival Sale
900,1185,2025-02-17,True,True,2025,2,1,Salary Week,Festival Sale
901,4471,2025-02-13,True,False,2025,2,1,Salary Week,Regular Sale
902,2578,2025-03-31,True,True,2025,3,1,Salary Week,Festival Sale
903,3517,2025-07-28,False,True,2025,7,3,Regular Week,Festival Sale
904,532,2025-01-16,False,True,2025,1,1,Regular Week,Festival Sale
905,1620,2025-08-09,True,True,2025,8,3,Salary Week,Festival Sale
906,3712,2025-12-29,False,True,2025,12,4,Regular Week,Festival Sale
907,2835,2025-10-31,False,True,2025,10,4,Regular Week,Festival Sale
908,3927,2025-10-02,True,True,2025,10,4,Salary Week,Festival Sale
909,3454,2025-12-08,True,True,2025,12,4,Salary Week,Festival Sale
910,4707,2025-03-02,False,False,2025,3,1,Regular Week,Regular Sale
911,2698,2025-03-29,False,False,2025,3,1,Regular Week,Regular Sale
912,2588,2025-03-16,True,False,2025,3,1,Salary Week,Regular Sale
913,708,2025-03-01,False,True,2025,3,1,Regular Week,Festival Sale
914,3528,2026-01-01,True,False,2026,1,1,Salary Week,Regular Sale
915,3048,2025-01-28,True,True,2025,1,1,Salary Week,Festival Sale
916,2267,2025-08-14,True,True,2025,8,3,Salary Week,Festival Sale
917,4135,2025-06-12,False,True,2025,6,2,Regular Week,Festival Sale
918,2691,2025-05-12,False,False,2025,5,2,Regular Week,Regular Sale
919,3159,2025-01-18,False,True,2025,1,1,Regular Week,Festival Sale
920,2164,2025-08-26,True,True,2025,8,3,Salary Week,Festival Sale
921,2817,2025-06-08,True,False,2025,6,2,Salary Week,Regular Sale
922,2093,2025-10-04,False,False,2025,10,4,Regular Week,Regular Sale
923,1845,2025-12-05,True,False,2025,12,4,Salary Week,Regular Sale
924,2286,2025-11-28,True,True,2025,11,4,Salary Week,Festival Sale
925,4661,2025-02-14,False,True,2025,2,1,Regular Week,Festival Sale
926,4238,2025-06-16,False,False,2025,6,2,Regular Week,Regular Sale
927,2555,2025-12-13,False,False,2025,12,4,Regular Week,Regular Sale
928,241,2025-05-18,False,True,2025,5,2,Regular Week,Festival Sale
929,2363,2025-04-08,False,True,2025,4,2,Regular Week,Festival Sale
930,4291,2026-01-05,True,False,2026,1,1,Salary Week,Regular Sale
931,305,2025-01-30,True,True,2025,1,1,Salary Week,Festival Sale
932,31,2025-07-07,True,True,2025,7,3,Salary Week,Festival Sale
933,4854,2025-11-12,False,True,2025,11,4,Regular Week,Festival Sale
934,3125,2025-11-02,False,False,2025,11,4,Regular Week,Regular Sale
935,4947,2025-05-11,True,False,2025,5,2,Salary Week,Regular Sale
936,2647,2025-12-28,False,False,2025,12,4,Regular Week,Regular Sale
937,4456,2025-12-29,False,True,2025,12,4,Regular Week,Festival Sale
938,1509,2025-02-17,True,False,2025,2,1,Salary Week,Regular Sale
939,3667,2025-07-28,True,False,2025,7,3,Salary Week,Regular Sale
940,1613,2025-08-21,True,True,2025,8,3,Salary Week,Festival Sale
941,635,2025-11-06,True,True,2025,11,4,Salary Week,Festival Sale
942,2409,2025-02-07,False,True,2025,2,1,Regular Week,Festival Sale
943,3365,2025-11-03,True,True,2025,11,4,Salary Week,Festival Sale
944,1710,2025-11-29,True,True,2025,11,4,Salary Week,Festival Sale
945,2394,2025-05-27,False,True,2025,5,2,Regular Week,Festival Sale
946,3316,2025-11-19,True,True,2025,11,4,Salary Week,Festival Sale
947,3321,2025-03-21,True,True,2025,3,1,Salary Week,Festival Sale
948,741,2026-01-04,False,False,2026,1,1,Regular Week,Regular Sale
949,3070,2025-11-07,False,False,2025,11,4,Regular Week,Regular Sale
950,4342,2025-08-20,True,True,2025,8,3,Salary Week,Festival Sale
951,4346,2025-08-19,True,True,2025,8,3,Salary Week,Festival Sale
952,3017,2025-04-23,True,True,2025,4,2,Salary Week,Festival Sale
953,3109,2025-05-30,False,False,2025,5,2,Regular Week,Regular Sale
954,3390,2025-06-13,False,False,2025,6,2,Regular Week,Regular Sale
955,2993,2025-09-22,True,True,2025,9,3,Salary Week,Festival Sale
956,4008,2025-09-23,True,False,2025,9,3,Salary Week,Regular Sale
957,3805,2026-01-01,False,False,2026,1,1,Regular Week,Regular Sale
958,3455,2025-03-27,False,True,2025,3,1,Regular Week,Festival Sale
959,322,2025-11-17,True,True,2025,11,4,Salary Week,Festival Sale
960,76,2025-11-27,True,False,2025,11,4,Salary Week,Regular Sale
961,4402,2025-11-08,False,True,2025,11,4,Regular Week,Festival Sale
962,2460,2025-02-15,True,True,2025,2,1,Salary Week,Festival Sale
963,3932,2025-08-17,True,False,2025,8,3,Salary Week,Regular Sale
964,1650,2025-01-24,False,False,2025,1,1,Regular Week,Regular Sale
965,3506,2025-07-01,False,True,2025,7,3,Regular Week,Festival Sale
966,3154,2025-05-01,False,True,2025,5,2,Regular Week,Festival Sale
967,3538,2025-01-22,False,False,2025,1,1,Regular Week,Regular Sale
968,4573,2025-09-28,False,False,2025,9,3,Regular Week,Regular Sale
969,4530,2025-01-31,True,False,2025,1,1,Salary Week,Regular Sale
970,3943,2025-07-12,True,False,2025,7,3,Salary Week,Regular Sale
971,1574,2025-06-15,False,False,2025,6,2,Regular Week,Regular Sale
972,471,2025-03-03,False,True,2025,3,1,Regular Week,Festival Sale
973,2974,2025-03-19,False,False,2025,3,1,Regular Week,Regular Sale
974,1248,2025-12-31,False,False,2025,12,4,Regular Week,Regular Sale
975,3637,2025-03-14,False,False,2025,3,1,Regular Week,Regular Sale
976,2369,2025-08-17,False,True,2025,8,3,Regular Week,Festival Sale
977,3101,2025-01-30,True,True,2025,1,1,Salary Week,Festival Sale
978,4279,2025-08-26,True,False,2025,8,3,Salary Week,Regular Sale
979,2412,2025-07-05,False,False,2025,7,3,Regular Week,Regular Sale
980,2197,2025-09-10,True,True,2025,9,3,Salary Week,Festival Sale
981,1560,2025-12-15,False,True,2025,12,4,Regular Week,Festival Sale
982,4427,2025-09-13,True,False,2025,9,3,Salary Week,Regular Sale
983,1309,2025-10-07,False,False,2025,10,4,Regular Week,Regular Sale
984,723,2025-04-28,False,True,2025,4,2,Regular Week,Festival Sale
985,2799,2025-11-04,False,True,2025,11,4,Regular Week,Festival Sale
986,3143,2025-11-17,False,False,2025,11,4,Regular Week,Regular Sale
987,1808,2025-03-26,False,True,2025,3,1,Regular Week,Festival Sale
988,1263,2025-06-08,False,True,2025,6,2,Regular Week,Festival Sale
989,708,2025-04-10,True,False,2025,4,2,Salary Week,Regular Sale
990,3097,2025-08-21,True,False,2025,8,3,Salary Week,Regular Sale
991,2738,2025-06-20,False,False,2025,6,2,Regular Week,Regular Sale
992,847,2025-12-15,False,True,2025,12,4,Regular Week,Festival Sale
993,3591,2025-11-18,False,True,2025,11,4,Regular Week,Festival Sale
994,4618,2025-07-30,True,False,2025,7,3,Salary Week,Regular Sale
995,3775,2025-05-15,False,True,2025,5,2,Regular Week,Festival Sale
996,350,2025-05-05,True,True,2025,5,2,Salary Week,Festival Sale
997,3915,2025-03-04,True,True,2025,3,1,Salary Week,Festival Sale
998,1918,2025-12-13,False,True,2025,12,4,Regular Week,Festival Sale
999,1632,2025-12-30,True,False,2025,12,4,Salary Week,Regular Sale
1000,4766,2025-03-19,False,False,2025,3,1,Regular Week,Regular Sale
1001,4495,2025-11-20,True,False,2025,11,4,Salary Week,Regular Sale
1002,3843,2025-08-17,False,False,2025,8,3,Regular Week,Regular Sale
1003,4112,2025-01-12,True,False,2025,1,1,Salary Week,Regular Sale
1004,559,2025-11-25,False,True,2025,11,4,Regular Week,Festival Sale
1005,231,2025-12-19,True,False,2025,12,4,Salary Week,Regular Sale
1006,2516,2025-03-29,True,True,2025,3,1,Salary Week,Festival Sale
1007,1096,2025-04-10,True,False,2025,4,2,Salary Week,Regular Sale
1008,4500,2025-04-12,True,False,2025,4,2,Salary Week,Regular Sale
1009,4511,2025-03-29,True,True,2025,3,1,Salary Week,Festival Sale
1010,327,2025-09-20,True,True,2025,9,3,Salary Week,Festival Sale
1011,2853,2025-07-01,True,True,2025,7,3,Salary Week,Festival Sale
1012,2079,2025-01-16,False,False,2025,1,1,Regular Week,Regular Sale
1013,1037,2025-09-08,False,True,2025,9,3,Regular Week,Festival Sale
1014,3635,2025-02-07,False,True,2025,2,1,Regular Week,Festival Sale
1015,2565,2025-05-05,True,True,2025,5,2,Salary Week,Festival Sale
1016,2333,2025-05-04,False,False,2025,5,2,Regular Week,Regular Sale
1017,847,2025-04-04,True,False,2025,4,2,Salary Week,Regular Sale
1018,1240,2025-12-29,True,False,2025,12,4,Salary Week,Regular Sale
1019,604,2025-04-01,False,True,2025,4,2,Regular Week,Festival Sale
1020,900,2025-09-01,False,False,2025,9,3,Regular Week,Regular Sale
1021,3866,2025-11-26,True,False,2025,11,4,Salary Week,Regular Sale
1022,2943,2025-02-15,True,False,2025,2,1,Salary Week,Regular Sale
1023,3654,2025-05-02,False,False,2025,5,2,Regular Week,Regular Sale
1024,345,2025-10-13,True,False,2025,10,4,Salary Week,Regular Sale
1025,2520,2025-12-04,False,True,2025,12,4,Regular Week,Festival Sale
1026,3700,2025-11-26,False,False,2025,11,4,Regular Week,Regular Sale
1027,524,2025-01-16,False,False,2025,1,1,Regular Week,Regular Sale
1028,2109,2025-12-31,False,True,2025,12,4,Regular Week,Festival Sale
1029,2812,2025-10-05,False,False,2025,10,4,Regular Week,Regular Sale
1030,3976,2025-02-03,True,True,2025,2,1,Salary Week,Festival Sale
1031,3303,2025-05-31,True,True,2025,5,2,Salary Week,Festival Sale
1032,1636,2025-03-21,False,True,2025,3,1,Regular Week,Festival Sale
1033,3264,2025-01-15,True,False,2025,1,1,Salary Week,Regular Sale
1034,3456,2025-04-30,False,True,2025,4,2,Regular Week,Festival Sale
1035,1005,2025-06-21,False,False,2025,6,2,Regular Week,Regular Sale
1036,402,2025-09-28,False,True,2025,9,3,Regular Week,Festival Sale
1037,4310,2025-09-26,False,True,2025,9,3,Regular Week,Festival Sale
1038,3090,2025-03-05,False,True,2025,3,1,Regular Week,Festival Sale
1039,3775,2025-03-19,True,False,2025,3,1,Salary Week,Regular Sale
1040,3402,2025-03-01,False,False,2025,3,1,Regular Week,Regular Sale
1041,2314,2025-06-30,False,True,2025,6,2,Regular Week,Festival Sale
1042,4330,2025-02-16,True,True,2025,2,1,Salary Week,Festival Sale
1043,2428,2025-05-27,False,False,2025,5,2,Regular Week,Regular Sale
1044,1951,2025-06-14,False,True,2025,6,2,Regular Week,Festival Sale
1045,4732,2025-01-09,True,True,2025,1,1,Salary Week,Festival Sale
1046,731,2025-09-14,False,True,2025,9,3,Regular Week,Festival Sale
1047,1114,2025-02-09,True,True,2025,2,1,Salary Week,Festival Sale
1048,4545,2025-04-05,False,True,2025,4,2,Regular Week,Festival Sale
1049,2653,2025-08-14,False,False,2025,8,3,Regular Week,Regular Sale
1050,2772,2025-10-15,True,False,2025,10,4,Salary Week,Regular Sale
1051,882,2025-08-30,False,False,2025,8,3,Regular Week,Regular Sale
1052,1854,2025-04-29,False,False,2025,4,2,Regular Week,Regular Sale
1053,196,2025-12-21,True,False,2025,12,4,Salary Week,Regular Sale
1054,4392,2025-08-22,False,True,2025,8,3,Regular Week,Festival Sale
1055,2403,2025-02-10,True,False,2025,2,1,Salary Week,Regular Sale
1056,3538,2025-05-07,False,False,2025,5,2,Regular Week,Regular Sale
1057,3656,2025-12-12,False,True,2025,12,4,Regular Week,Festival Sale
1058,297,2025-11-30,False,False,2025,11,4,Regular Week,Regular Sale
1059,2593,2025-07-12,True,True,2025,7,3,Salary Week,Festival Sale
1060,4429,2025-07-17,False,False,2025,7,3,Regular Week,Regular Sale
1061,2929,2025-11-01,False,False,2025,11,4,Regular Week,Regular Sale
1062,2609,2025-06-27,True,True,2025,6,2,Salary Week,Festival Sale
1063,1531,2025-08-31,True,False,2025,8,3,Salary Week,Regular Sale
1064,3243,2025-07-04,False,False,2025,7,3,Regular Week,Regular Sale
1065,4311,2025-02-16,False,False,2025,2,1,Regular Week,Regular Sale
1066,2910,2025-01-18,True,False,2025,1,1,Salary Week,Regular Sale
1067,672,2025-10-29,True,True,2025,10,4,Salary Week,Festival Sale
1068,1394,2025-03-30,True,True,2025,3,1,Salary Week,Festival Sale
1069,3428,2025-05-26,False,True,2025,5,2,Regular Week,Festival Sale
1070,676,2025-09-30,True,True,2025,9,3,Salary Week,Festival Sale
1071,1584,2025-01-18,False,False,2025,1,1,Regular Week,Regular Sale
1072,930,2025-02-10,False,True,2025,2,1,Regular Week,Festival Sale
1073,4684,2025-04-20,False,True,2025,4,2,Regular Week,Festival Sale
1074,411,2025-05-27,False,True,2025,5,2,Regular Week,Festival Sale
1075,3401,2025-03-19,False,False,2025,3,1,Regular Week,Regular Sale
1076,1205,2025-10-10,True,True,2025,10,4,Salary Week,Festival Sale
1077,4,2025-07-01,True,True,2025,7,3,Salary Week,Festival Sale
1078,243,2025-03-25,False,False,2025,3,1,Regular Week,Regular Sale
1079,4722,2025-09-01,True,False,2025,9,3,Salary Week,Regular Sale
1080,1822,2025-12-27,True,True,2025,12,4,Salary Week,Festival Sale
1081,2213,2025-10-23,True,True,2025,10,4,Salary Week,Festival Sale
1082,1071,2025-04-04,False,False,2025,4,2,Regular Week,Regular Sale
1083,1662,2025-09-18,False,False,2025,9,3,Regular Week,Regular Sale
1084,2796,2025-12-01,True,True,2025,12,4,Salary Week,Festival Sale
1085,109,2025-12-28,True,True,2025,12,4,Salary Week,Festival Sale
1086,4497,2025-12-02,True,True,2025,12,4,Salary Week,Festival Sale
1087,3354,2025-08-05,False,True,2025,8,3,Regular Week,Festival Sale
1088,3236,2025-07-26,True,False,2025,7,3,Salary Week,Regular Sale
1089,3759,2025-08-07,False,False,2025,8,3,Regular Week,Regular Sale
1090,2248,2025-02-09,False,True,2025,2,1,Regular Week,Festival Sale
1091,3212,2025-06-21,False,True,2025,6,2,Regular Week,Festival Sale
1092,3017,2025-04-12,True,True,2025,4,2,Salary Week,Festival Sale
1093,3574,2026-01-02,True,True,2026,1,1,Salary Week,Festival Sale
1094,4315,2025-08-18,True,False,2025,8,3,Salary Week,Regular Sale
1095,2276,2025-02-16,False,False,2025,2,1,Regular Week,Regular Sale
1096,3168,2025-08-18,True,True,2025,8,3,Salary Week,Festival Sale
1097,4380,2025-04-29,False,False,2025,4,2,Regular Week,Regular Sale
1098,272,2025-04-09,True,True,2025,4,2,Salary Week,Festival Sale
1099,76,2025-04-29,False,False,2025,4,2,Regular Week,Regular Sale
1100,2086,2025-12-11,False,False,2025,12,4,Regular Week,Regular Sale
1101,2558,2025-12-28,True,False,2025,12,4,Salary Week,Regular Sale
1102,247,2025-08-19,True,False,2025,8,3,Salary Week,Regular Sale
1103,773,2025-12-14,True,True,2025,12,4,Salary Week,Festival Sale
1104,4741,2025-02-16,True,True,2025,2,1,Salary Week,Festival Sale
1105,2332,2025-06-21,True,True,2025,6,2,Salary Week,Festival Sale
1106,4895,2025-03-06,False,False,2025,3,1,Regular Week,Regular Sale
1107,3640,2025-02-20,True,False,2025,2,1,Salary Week,Regular Sale
1108,3503,2025-11-04,True,False,2025,11,4,Salary Week,Regular Sale
1109,160,2025-05-23,True,False,2025,5,2,Salary Week,Regular Sale
1110,980,2025-05-22,True,False,2025,5,2,Salary Week,Regular Sale
1111,3206,2025-03-11,True,True,2025,3,1,Salary Week,Festival Sale
1112,4200,2025-11-18,False,True,2025,11,4,Regular Week,Festival Sale
1113,2461,2025-12-16,False,False,2025,12,4,Regular Week,Regular Sale
1114,2313,2025-10-09,False,False,2025,10,4,Regular Week,Regular Sale
1115,4550,2025-07-03,True,True,2025,7,3,Salary Week,Festival Sale
1116,920,2025-03-09,True,False,2025,3,1,Salary Week,Regular Sale
1117,4187,2025-06-08,False,False,2025,6,2,Regular Week,Regular Sale
1118,228,2025-01-30,False,False,2025,1,1,Regular Week,Regular Sale
1119,4327,2025-06-14,True,False,2025,6,2,Salary Week,Regular Sale
1120,4539,2025-04-10,True,True,2025,4,2,Salary Week,Festival Sale
1121,426,2025-10-24,True,True,2025,10,4,Salary Week,Festival Sale
1122,1511,2025-08-12,True,True,2025,8,3,Salary Week,Festival Sale
1123,4245,2025-06-15,True,False,2025,6,2,Salary Week,Regular Sale
1124,4861,2025-07-14,True,True,2025,7,3,Salary Week,Festival Sale
1125,2409,2025-07-14,False,True,2025,7,3,Regular Week,Festival Sale
1126,3210,2025-10-02,False,False,2025,10,4,Regular Week,Regular Sale
1127,508,2025-08-28,False,False,2025,8,3,Regular Week,Regular Sale
1128,4027,2025-09-15,True,False,2025,9,3,Salary Week,Regular Sale
1129,4289,2025-03-30,True,False,2025,3,1,Salary Week,Regular Sale
1130,967,2025-01-28,False,True,2025,1,1,Regular Week,Festival Sale
1131,2703,2025-11-22,True,False,2025,11,4,Salary Week,Regular Sale
1132,3471,2025-09-08,True,True,2025,9,3,Salary Week,Festival Sale
1133,2485,2025-01-30,True,False,2025,1,1,Salary Week,Regular Sale
1134,1449,2025-10-09,True,False,2025,10,4,Salary Week,Regular Sale
1135,2359,2025-07-04,True,True,2025,7,3,Salary Week,Festival Sale
1136,1283,2025-04-10,True,True,2025,4,2,Salary Week,Festival Sale
1137,110,2025-10-21,False,False,2025,10,4,Regular Week,Regular Sale
1138,2003,2025-03-28,True,True,2025,3,1,Salary Week,Festival Sale
1139,3689,2025-10-29,True,True,2025,10,4,Salary Week,Festival Sale
1140,986,2025-01-24,False,False,2025,1,1,Regular Week,Regular Sale
1141,4161,2025-10-15,False,True,2025,10,4,Regular Week,Festival Sale
1142,865,2025-10-23,True,False,2025,10,4,Salary Week,Regular Sale
1143,4276,2025-05-12,True,False,2025,5,2,Salary Week,Regular Sale
1144,830,2025-11-23,False,True,2025,11,4,Regular Week,Festival Sale
1145,1202,2025-05-05,True,True,2025,5,2,Salary Week,Festival Sale
1146,914,2025-04-21,False,False,2025,4,2,Regular Week,Regular Sale
1147,4187,2025-10-23,True,True,2025,10,4,Salary Week,Festival Sale
1148,126,2025-08-21,False,True,2025,8,3,Regular Week,Festival Sale
1149,825,2025-09-25,False,True,2025,9,3,Regular Week,Festival Sale
1150,223,2025-03-21,True,False,2025,3,1,Salary Week,Regular Sale
1151,3461,2025-06-24,True,True,2025,6,2,Salary Week,Festival Sale
1152,3547,2025-11-11,True,False,2025,11,4,Salary Week,Regular Sale
1153,1762,2025-05-06,True,False,2025,5,2,Salary Week,Regular Sale
1154,4411,2025-01-20,False,False,2025,1,1,Regular Week,Regular Sale
1155,2949,2025-06-14,False,True,2025,6,2,Regular Week,Festival Sale
1156,3130,2025-03-24,False,True,2025,3,1,Regular Week,Festival Sale
1157,1124,2025-05-03,False,False,2025,5,2,Regular Week,Regular Sale
1158,4088,2025-05-28,True,True,2025,5,2,Salary Week,Festival Sale
1159,979,2025-12-31,False,False,2025,12,4,Regular Week,Regular Sale
1160,4768,2025-06-05,True,False,2025,6,2,Salary Week,Regular Sale
1161,4933,2025-02-04,False,False,2025,2,1,Regular Week,Regular Sale
1162,4490,2025-05-20,True,True,2025,5,2,Salary Week,Festival Sale
1163,4288,2025-09-13,True,False,2025,9,3,Salary Week,Regular Sale
1164,3263,2025-05-15,False,False,2025,5,2,Regular Week,Regular Sale
1165,927,2025-03-26,True,True,2025,3,1,Salary Week,Festival Sale
1166,4021,2025-04-20,True,False,2025,4,2,Salary Week,Regular Sale
1167,4913,2025-01-28,False,False,2025,1,1,Regular Week,Regular Sale
1168,3789,2025-08-22,False,False,2025,8,3,Regular Week,Regular Sale
1169,3341,2025-12-07,True,True,2025,12,4,Salary Week,Festival Sale
1170,2939,2025-07-19,False,True,2025,7,3,Regular Week,Festival Sale
1171,421,2025-07-26,False,False,2025,7,3,Regular Week,Regular Sale
1172,4563,2025-04-08,True,True,2025,4,2,Salary Week,Festival Sale
1173,769,2025-09-10,True,True,2025,9,3,Salary Week,Festival Sale
1174,4753,2025-08-15,True,True,2025,8,3,Salary Week,Festival Sale
1175,2793,2025-04-13,True,True,2025,4,2,Salary Week,Festival Sale
1176,1282,2025-10-24,False,True,2025,10,4,Regular Week,Festival Sale
1177,1376,2025-11-12,True,False,2025,11,4,Salary Week,Regular Sale
1178,2567,2025-12-22,True,True,2025,12,4,Salary Week,Festival Sale
1179,2999,2025-09-14,True,False,2025,9,3,Salary Week,Regular Sale
1180,4022,2025-09-13,False,False,2025,9,3,Regular Week,Regular Sale
1181,1480,2025-04-22,False,True,2025,4,2,Regular Week,Festival Sale
1182,2350,2025-11-01,False,False,2025,11,4,Regular Week,Regular Sale
1183,40,2025-06-20,True,True,2025,6,2,Salary Week,Festival Sale
1184,234,2025-04-03,True,True,2025,4,2,Salary Week,Festival Sale
1185,4641,2025-06-12,False,True,2025,6,2,Regular Week,Festival Sale
1186,466,2025-04-22,False,False,2025,4,2,Regular Week,Regular Sale
1187,4025,2025-01-31,True,True,2025,1,1,Salary Week,Festival Sale
1188,1307,2025-10-17,True,False,2025,10,4,Salary Week,Regular Sale
1189,3874,2025-03-27,False,False,2025,3,1,Regular Week,Regular Sale
1190,676,2025-12-25,False,True,2025,12,4,Regular Week,Festival Sale
1191,3781,2025-09-02,False,False,2025,9,3,Regular Week,Regular Sale
1192,3350,2025-06-17,True,True,2025,6,2,Salary Week,Festival Sale
1193,1599,2025-04-10,False,False,2025,4,2,Regular Week,Regular Sale
1194,3028,2025-07-05,False,True,2025,7,3,Regular Week,Festival Sale
1195,3763,2025-04-23,False,True,2025,4,2,Regular Week,Festival Sale
1196,3775,2025-03-22,True,False,2025,3,1,Salary Week,Regular Sale
1197,2890,2025-04-19,False,True,2025,4,2,Regular Week,Festival Sale
1198,2041,2025-07-07,False,False,2025,7,3,Regular Week,Regular Sale
1199,4522,2025-11-06,True,True,2025,11,4,Salary Week,Festival Sale
1200,4916,2025-05-29,True,True,2025,5,2,Salary Week,Festival Sale
1201,263,2025-10-18,True,False,2025,10,4,Salary Week,Regular Sale
1202,2729,2025-02-12,True,False,2025,2,1,Salary Week,Regular Sale
1203,484,2025-04-03,False,False,2025,4,2,Regular Week,Regular Sale
1204,1730,2025-10-05,False,True,2025,10,4,Regular Week,Festival Sale
1205,539,2025-09-22,True,True,2025,9,3,Salary Week,Festival Sale
1206,4060,2025-08-31,True,True,2025,8,3,Salary Week,Festival Sale
1207,416,2026-01-01,True,True,2026,1,1,Salary Week,Festival Sale
1208,4403,2025-07-10,False,True,2025,7,3,Regular Week,Festival Sale
1209,3764,2025-02-08,False,True,2025,2,1,Regular Week,Festival Sale
1210,597,2025-05-16,False,True,2025,5,2,Regular Week,Festival Sale
1211,483,2025-01-13,True,False,2025,1,1,Salary Week,Regular Sale
1212,1903,2025-12-27,True,True,2025,12,4,Salary Week,Festival Sale
1213,2997,2025-01-13,True,True,2025,1,1,Salary Week,Festival Sale
1214,4052,2025-09-20,False,True,2025,9,3,Regular Week,Festival Sale
1215,3598,2025-06-25,False,True,2025,6,2,Regular Week,Festival Sale
1216,1944,2025-12-24,True,True,2025,12,4,Salary Week,Festival Sale
1217,3317,2025-02-09,False,True,2025,2,1,Regular Week,Festival Sale
1218,4488,2025-11-01,True,True,2025,11,4,Salary Week,Festival Sale
1219,2313,2025-06-13,True,False,2025,6,2,Salary Week,Regular Sale
1220,1662,2025-05-16,False,True,2025,5,2,Regular Week,Festival Sale
1221,4201,2025-01-19,True,False,2025,1,1,Salary Week,Regular Sale
1222,3113,2025-03-20,False,True,2025,3,1,Regular Week,Festival Sale
1223,3773,2025-09-08,False,True,2025,9,3,Regular Week,Festival Sale
1224,2068,2025-10-01,True,False,2025,10,4,Salary Week,Regular Sale
1225,2007,2025-07-06,False,True,2025,7,3,Regular Week,Festival Sale
1226,918,2025-11-20,True,False,2025,11,4,Salary Week,Regular Sale
1227,1783,2025-05-03,True,True,2025,5,2,Salary Week,Festival Sale
1228,313,2025-04-16,False,True,2025,4,2,Regular Week,Festival Sale
1229,1200,2025-06-24,True,True,2025,6,2,Salary Week,Festival Sale
1230,3537,2025-07-16,False,False,2025,7,3,Regular Week,Regular Sale
1231,2692,2025-06-07,False,True,2025,6,2,Regular Week,Festival Sale
1232,4319,2025-02-23,True,True,2025,2,1,Salary Week,Festival Sale
1233,3102,2025-09-22,False,True,2025,9,3,Regular Week,Festival Sale
1234,2262,2026-01-01,False,False,2026,1,1,Regular Week,Regular Sale
1235,2443,2025-06-16,False,True,2025,6,2,Regular Week,Festival Sale
1236,2576,2025-11-10,True,False,2025,11,4,Salary Week,Regular Sale
1237,1844,2025-07-19,False,False,2025,7,3,Regular Week,Regular Sale
1238,4642,2025-04-18,True,False,2025,4,2,Salary Week,Regular Sale
1239,4572,2025-05-19,False,True,2025,5,2,Regular Week,Festival Sale
1240,3391,2025-11-28,False,False,2025,11,4,Regular Week,Regular Sale
1241,3089,2025-08-01,True,False,2025,8,3,Salary Week,Regular Sale
1242,3241,2025-12-24,True,False,2025,12,4,Salary Week,Regular Sale
1243,418,2025-02-25,True,False,2025,2,1,Salary Week,Regular Sale
1244,1730,2025-03-25,False,False,2025,3,1,Regular Week,Regular Sale
1245,1320,2025-06-27,True,True,2025,6,2,Salary Week,Festival Sale
1246,2164,2025-01-31,True,True,2025,1,1,Salary Week,Festival Sale
1247,4799,2025-05-17,True,False,2025,5,2,Salary Week,Regular Sale
1248,3451,2025-12-02,True,False,2025,12,4,Salary Week,Regular Sale
1249,2885,2025-07-31,False,True,2025,7,3,Regular Week,Festival Sale
1250,4136,2025-11-08,True,True,2025,11,4,Salary Week,Festival Sale
1251,3924,2025-03-04,True,False,2025,3,1,Salary Week,Regular Sale
1252,1629,2025-09-04,True,True,2025,9,3,Salary Week,Festival Sale
1253,3898,2025-08-18,False,False,2025,8,3,Regular Week,Regular Sale
1254,186,2025-04-09,False,False,2025,4,2,Regular Week,Regular Sale
1255,3643,2025-07-01,False,False,2025,7,3,Regular Week,Regular Sale
1256,1477,2025-03-22,False,True,2025,3,1,Regular Week,Festival Sale
1257,2034,2025-03-03,False,False,2025,3,1,Regular Week,Regular Sale
1258,3042,2025-05-19,True,False,2025,5,2,Salary Week,Regular Sale
1259,1898,2025-08-14,False,True,2025,8,3,Regular Week,Festival Sale
1260,4809,2025-11-07,True,True,2025,11,4,Salary Week,Festival Sale
1261,2985,2025-07-09,True,True,2025,7,3,Salary Week,Festival Sale
1262,2004,2025-03-12,False,True,2025,3,1,Regular Week,Festival Sale
1263,833,2025-01-27,True,False,2025,1,1,Salary Week,Regular Sale
1264,143,2025-09-03,False,True,2025,9,3,Regular Week,Festival Sale
1265,2530,2025-04-11,True,True,2025,4,2,Salary Week,Festival Sale
1266,2010,2025-06-20,False,True,2025,6,2,Regular Week,Festival Sale
1267,864,2025-01-20,False,True,2025,1,1,Regular Week,Festival Sale
1268,4199,2025-07-08,True,True,2025,7,3,Salary Week,Festival Sale
1269,2527,2025-09-08,True,True,2025,9,3,Salary Week,Festival Sale
1270,37,2025-03-28,False,True,2025,3,1,Regular Week,Festival Sale
1271,367,2025-06-18,True,False,2025,6,2,Salary Week,Regular Sale
1272,498,2025-03-24,True,True,2025,3,1,Salary Week,Festival Sale
1273,2702,2025-04-13,False,False,2025,4,2,Regular Week,Regular Sale
1274,713,2025-12-14,False,False,2025,12,4,Regular Week,Regular Sale
1275,2625,2025-10-31,True,True,2025,10,4,Salary Week,Festival Sale
1276,3392,2025-12-17,True,False,2025,12,4,Salary Week,Regular Sale
1277,220,2025-04-01,True,False,2025,4,2,Salary Week,Regular Sale
1278,1231,2025-08-15,True,False,2025,8,3,Salary Week,Regular Sale
1279,1676,2025-09-11,False,False,2025,9,3,Regular Week,Regular Sale
1280,4952,2025-02-24,True,False,2025,2,1,Salary Week,Regular Sale
1281,999,2025-12-12,False,False,2025,12,4,Regular Week,Regular Sale
1282,857,2025-09-27,False,False,2025,9,3,Regular Week,Regular Sale
1283,1472,2025-01-06,False,False,2025,1,1,Regular Week,Regular Sale
1284,3151,2025-04-22,False,True,2025,4,2,Regular Week,Festival Sale
1285,597,2025-09-06,False,False,2025,9,3,Regular Week,Regular Sale
1286,4106,2025-10-03,False,True,2025,10,4,Regular Week,Festival Sale
1287,472,2025-01-13,True,True,2025,1,1,Salary Week,Festival Sale
1288,2622,2025-12-03,False,False,2025,12,4,Regular Week,Regular Sale
1289,4656,2025-01-17,True,False,2025,1,1,Salary Week,Regular Sale
1290,22,2025-03-17,False,False,2025,3,1,Regular Week,Regular Sale
1291,4631,2025-07-25,False,True,2025,7,3,Regular Week,Festival Sale
1292,1514,2025-12-05,False,True,2025,12,4,Regular Week,Festival Sale
1293,3697,2025-12-19,False,True,2025,12,4,Regular Week,Festival Sale
1294,1276,2025-03-10,True,False,2025,3,1,Salary Week,Regular Sale
1295,771,2025-03-20,True,True,2025,3,1,Salary Week,Festival Sale
1296,2650,2025-08-12,False,True,2025,8,3,Regular Week,Festival Sale
1297,4190,2025-08-30,False,True,2025,8,3,Regular Week,Festival Sale
1298,230,2025-07-04,False,True,2025,7,3,Regular Week,Festival Sale
1299,3811,2025-11-09,False,True,2025,11,4,Regular Week,Festival Sale
1300,3568,2025-07-25,True,True,2025,7,3,Salary Week,Festival Sale
1301,4564,2025-10-21,False,True,2025,10,4,Regular Week,Festival Sale
1302,1473,2025-01-30,False,True,2025,1,1,Regular Week,Festival Sale
1303,2203,2025-07-10,True,True,2025,7,3,Salary Week,Festival Sale
1304,1924,2025-12-02,False,True,2025,12,4,Regular Week,Festival Sale
1305,3712,2025-06-08,True,True,2025,6,2,Salary Week,Festival Sale
1306,3106,2025-04-08,False,True,2025,4,2,Regular Week,Festival Sale
1307,579,2025-05-17,True,False,2025,5,2,Salary Week,Regular Sale
1308,3353,2025-07-10,False,True,2025,7,3,Regular Week,Festival Sale
1309,3293,2025-12-27,True,False,2025,12,4,Salary Week,Regular Sale
1310,593,2025-11-06,True,True,2025,11,4,Salary Week,Festival Sale
1311,1053,2025-05-04,False,False,2025,5,2,Regular Week,Regular Sale
1312,1743,2025-12-10,True,False,2025,12,4,Salary Week,Regular Sale
1313,2351,2025-11-23,True,False,2025,11,4,Salary Week,Regular Sale
1314,1728,2025-01-06,False,True,2025,1,1,Regular Week,Festival Sale
1315,4498,2025-12-11,True,True,2025,12,4,Salary Week,Festival Sale
1316,3123,2025-05-31,False,True,2025,5,2,Regular Week,Festival Sale
1317,1755,2025-08-01,True,True,2025,8,3,Salary Week,Festival Sale
1318,1589,2025-08-27,True,False,2025,8,3,Salary Week,Regular Sale
1319,4121,2025-07-01,True,False,2025,7,3,Salary Week,Regular Sale
1320,4607,2025-04-04,False,True,2025,4,2,Regular Week,Festival Sale
1321,4374,2025-10-05,False,True,2025,10,4,Regular Week,Festival Sale
1322,115,2025-08-24,True,True,2025,8,3,Salary Week,Festival Sale
1323,2520,2025-08-25,True,True,2025,8,3,Salary Week,Festival Sale
1324,2030,2025-06-10,True,True,2025,6,2,Salary Week,Festival Sale
1325,2593,2025-01-16,True,True,2025,1,1,Salary Week,Festival Sale
1326,4381,2025-08-09,True,True,2025,8,3,Salary Week,Festival Sale
1327,676,2025-11-10,True,True,2025,11,4,Salary Week,Festival Sale
1328,2362,2025-07-30,False,False,2025,7,3,Regular Week,Regular Sale
1329,377,2025-01-26,False,False,2025,1,1,Regular Week,Regular Sale
1330,1547,2025-12-04,True,True,2025,12,4,Salary Week,Festival Sale
1331,159,2025-08-13,True,True,2025,8,3,Salary Week,Festival Sale
1332,257,2025-04-17,True,False,2025,4,2,Salary Week,Regular Sale
1333,2309,2025-06-19,False,True,2025,6,2,Regular Week,Festival Sale
1334,3919,2025-11-19,True,False,2025,11,4,Salary Week,Regular Sale
1335,827,2025-11-24,True,False,2025,11,4,Salary Week,Regular Sale
1336,4025,2025-02-02,True,False,2025,2,1,Salary Week,Regular Sale
1337,640,2025-06-16,True,False,2025,6,2,Salary Week,Regular Sale
1338,3158,2025-05-23,True,True,2025,5,2,Salary Week,Festival Sale
1339,2785,2025-11-04,True,True,2025,11,4,Salary Week,Festival Sale
1340,3949,2025-09-16,False,False,2025,9,3,Regular Week,Regular Sale
1341,3983,2025-08-26,False,False,2025,8,3,Regular Week,Regular Sale
1342,4524,2025-04-28,False,False,2025,4,2,Regular Week,Regular Sale
1343,1778,2025-12-02,False,False,2025,12,4,Regular Week,Regular Sale
1344,4101,2025-07-06,False,False,2025,7,3,Regular Week,Regular Sale
1345,3430,2025-05-16,True,True,2025,5,2,Salary Week,Festival Sale
1346,2572,2025-12-03,True,False,2025,12,4,Salary Week,Regular Sale
1347,2840,2025-08-05,True,True,2025,8,3,Salary Week,Festival Sale
1348,60,2026-01-01,True,True,2026,1,1,Salary Week,Festival Sale
1349,4376,2025-10-19,False,False,2025,10,4,Regular Week,Regular Sale
1350,2829,2025-04-09,False,False,2025,4,2,Regular Week,Regular Sale
1351,1879,2025-02-22,True,False,2025,2,1,Salary Week,Regular Sale
1352,1522,2025-06-06,False,True,2025,6,2,Regular Week,Festival Sale
1353,165,2025-01-20,False,True,2025,1,1,Regular Week,Festival Sale
1354,3777,2025-04-09,False,False,2025,4,2,Regular Week,Regular Sale
1355,2695,2025-12-23,False,False,2025,12,4,Regular Week,Regular Sale
1356,4826,2025-09-12,False,False,2025,9,3,Regular Week,Regular Sale
1357,4042,2025-09-25,True,False,2025,9,3,Salary Week,Regular Sale
1358,2375,2025-02-13,True,True,2025,2,1,Salary Week,Festival Sale
1359,636,2025-08-03,True,False,2025,8,3,Salary Week,Regular Sale
1360,3764,2025-09-10,True,False,2025,9,3,Salary Week,Regular Sale
1361,1390,2026-01-04,True,False,2026,1,1,Salary Week,Regular Sale
1362,2189,2025-03-17,True,False,2025,3,1,Salary Week,Regular Sale
1363,2953,2025-07-26,True,True,2025,7,3,Salary Week,Festival Sale
1364,517,2025-10-18,True,False,2025,10,4,Salary Week,Regular Sale
1365,2024,2025-04-20,True,False,2025,4,2,Salary Week,Regular Sale
1366,3524,2025-05-28,False,False,2025,5,2,Regular Week,Regular Sale
1367,4117,2025-06-01,False,False,2025,6,2,Regular Week,Regular Sale
1368,4124,2025-08-23,True,True,2025,8,3,Salary Week,Festival Sale
1369,3817,2025-07-08,True,True,2025,7,3,Salary Week,Festival Sale
1370,4460,2025-03-13,True,True,2025,3,1,Salary Week,Festival Sale
1371,3439,2025-07-07,True,False,2025,7,3,Salary Week,Regular Sale
1372,3726,2025-07-22,False,True,2025,7,3,Regular Week,Festival Sale
1373,2863,2025-08-02,False,True,2025,8,3,Regular Week,Festival Sale
1374,1761,2025-02-26,False,True,2025,2,1,Regular Week,Festival Sale
1375,2666,2025-10-27,True,False,2025,10,4,Salary Week,Regular Sale
1376,3284,2025-05-17,False,True,2025,5,2,Regular Week,Festival Sale
1377,3400,2025-02-07,False,False,2025,2,1,Regular Week,Regular Sale
1378,3224,2025-02-21,True,True,2025,2,1,Salary Week,Festival Sale
1379,1300,2025-11-13,True,False,2025,11,4,Salary Week,Regular Sale
1380,59,2025-06-19,False,False,2025,6,2,Regular Week,Regular Sale
1381,82,2025-11-10,False,False,2025,11,4,Regular Week,Regular Sale
1382,4273,2025-11-09,True,False,2025,11,4,Salary Week,Regular Sale
1383,2033,2025-08-16,False,True,2025,8,3,Regular Week,Festival Sale
1384,4055,2025-11-06,True,False,2025,11,4,Salary Week,Regular Sale
1385,2782,2025-04-14,True,False,2025,4,2,Salary Week,Regular Sale
1386,2933,2025-03-30,True,False,2025,3,1,Salary Week,Regular Sale
1387,4840,2025-11-16,False,True,2025,11,4,Regular Week,Festival Sale
1388,4185,2025-10-24,True,True,2025,10,4,Salary Week,Festival Sale
1389,4546,2025-02-03,False,False,2025,2,1,Regular Week,Regular Sale
1390,1216,2025-09-20,False,False,2025,9,3,Regular Week,Regular Sale
1391,4349,2025-02-21,False,False,2025,2,1,Regular Week,Regular Sale
1392,724,2025-02-11,True,True,2025,2,1,Salary Week,Festival Sale
1393,4477,2025-06-20,True,True,2025,6,2,Salary Week,Festival Sale
1394,4605,2025-07-25,True,False,2025,7,3,Salary Week,Regular Sale
1395,4609,2025-11-29,True,True,2025,11,4,Salary Week,Festival Sale
1396,3816,2025-12-30,True,False,2025,12,4,Salary Week,Regular Sale
1397,2303,2025-01-25,True,False,2025,1,1,Salary Week,Regular Sale
1398,1923,2025-11-17,True,False,2025,11,4,Salary Week,Regular Sale
1399,2788,2025-09-15,True,True,2025,9,3,Salary Week,Festival Sale
1400,1062,2025-03-20,True,True,2025,3,1,Salary Week,Festival Sale
1401,2449,2025-12-12,True,False,2025,12,4,Salary Week,Regular Sale
1402,1615,2025-12-27,True,True,2025,12,4,Salary Week,Festival Sale
1403,3354,2025-02-16,True,False,2025,2,1,Salary Week,Regular Sale
1404,846,2025-08-07,False,False,2025,8,3,Regular Week,Regular Sale
1405,1020,2025-04-25,False,True,2025,4,2,Regular Week,Festival Sale
1406,4134,2025-03-08,False,True,2025,3,1,Regular Week,Festival Sale
1407,957,2025-01-30,True,True,2025,1,1,Salary Week,Festival Sale
1408,3507,2025-07-10,True,True,2025,7,3,Salary Week,Festival Sale
1409,3902,2025-08-05,True,True,2025,8,3,Salary Week,Festival Sale
1410,2971,2025-08-28,True,False,2025,8,3,Salary Week,Regular Sale
1411,3160,2025-06-24,False,True,2025,6,2,Regular Week,Festival Sale
1412,3584,2025-06-25,False,True,2025,6,2,Regular Week,Festival Sale
1413,1044,2025-03-02,False,True,2025,3,1,Regular Week,Festival Sale
1414,3785,2025-02-14,True,False,2025,2,1,Salary Week,Regular Sale
1415,4648,2025-08-11,True,True,2025,8,3,Salary Week,Festival Sale
1416,3508,2025-12-26,True,True,2025,12,4,Salary Week,Festival Sale
1417,3716,2025-11-18,True,True,2025,11,4,Salary Week,Festival Sale
1418,976,2025-05-17,True,False,2025,5,2,Salary Week,Regular Sale
1419,1635,2025-06-28,True,True,2025,6,2,Salary Week,Festival Sale
1420,6,2025-07-31,False,True,2025,7,3,Regular Week,Festival Sale
1421,4539,2025-05-22,True,True,2025,5,2,Salary Week,Festival Sale
1422,3441,2025-08-30,True,False,2025,8,3,Salary Week,Regular Sale
1423,2663,2026-01-06,False,True,2026,1,1,Regular Week,Festival Sale
1424,4557,2025-08-25,False,True,2025,8,3,Regular Week,Festival Sale
1425,3248,2025-03-15,False,False,2025,3,1,Regular Week,Regular Sale
1426,4750,2025-08-10,False,False,2025,8,3,Regular Week,Regular Sale
1427,484,2025-10-13,True,True,2025,10,4,Salary Week,Festival Sale
1428,3658,2025-11-05,False,False,2025,11,4,Regular Week,Regular Sale
1429,67,2025-11-20,True,True,2025,11,4,Salary Week,Festival Sale
1430,4999,2025-02-13,False,False,2025,2,1,Regular Week,Regular Sale
1431,4713,2025-11-24,True,False,2025,11,4,Salary Week,Regular Sale
1432,1141,2025-08-18,False,False,2025,8,3,Regular Week,Regular Sale
1433,1261,2025-03-06,True,False,2025,3,1,Salary Week,Regular Sale
1434,1565,2025-09-27,True,True,2025,9,3,Salary Week,Festival Sale
1435,2937,2025-06-30,True,True,2025,6,2,Salary Week,Festival Sale
1436,4739,2025-08-13,False,False,2025,8,3,Regular Week,Regular Sale
1437,956,2025-12-08,True,True,2025,12,4,Salary Week,Festival Sale
1438,45,2025-09-24,True,True,2025,9,3,Salary Week,Festival Sale
1439,1742,2025-05-14,False,True,2025,5,2,Regular Week,Festival Sale
1440,3886,2025-02-11,False,True,2025,2,1,Regular Week,Festival Sale
1441,3316,2025-02-07,True,True,2025,2,1,Salary Week,Festival Sale
1442,1276,2025-03-08,True,False,2025,3,1,Salary Week,Regular Sale
1443,4889,2025-02-12,False,True,2025,2,1,Regular Week,Festival Sale
1444,3693,2025-05-31,False,False,2025,5,2,Regular Week,Regular Sale
1445,1759,2025-04-01,True,True,2025,4,2,Salary Week,Festival Sale
1446,3729,2026-01-02,True,False,2026,1,1,Salary Week,Regular Sale
1447,3927,2025-07-18,True,True,2025,7,3,Salary Week,Festival Sale
1448,647,2025-07-15,False,False,2025,7,3,Regular Week,Regular Sale
1449,3836,2025-12-19,True,True,2025,12,4,Salary Week,Festival Sale
1450,3478,2025-09-25,True,True,2025,9,3,Salary Week,Festival Sale
1451,931,2025-05-12,True,False,2025,5,2,Salary Week,Regular Sale
1452,1746,2025-04-07,False,True,2025,4,2,Regular Week,Festival Sale
1453,4282,2025-09-11,True,True,2025,9,3,Salary Week,Festival Sale
1454,3220,2025-09-14,False,False,2025,9,3,Regular Week,Regular Sale
1455,3205,2025-12-12,False,True,2025,12,4,Regular Week,Festival Sale
1456,2087,2025-09-01,False,True,2025,9,3,Regular Week,Festival Sale
1457,1209,2025-03-30,False,False,2025,3,1,Regular Week,Regular Sale
1458,352,2025-08-14,False,True,2025,8,3,Regular Week,Festival Sale
1459,4632,2025-01-14,True,True,2025,1,1,Salary Week,Festival Sale
1460,505,2025-11-11,True,False,2025,11,4,Salary Week,Regular Sale
1461,3104,2025-05-14,True,False,2025,5,2,Salary Week,Regular Sale
1462,4166,2025-12-31,False,True,2025,12,4,Regular Week,Festival Sale
1463,4129,2025-06-02,True,True,2025,6,2,Salary Week,Festival Sale
1464,4523,2025-12-17,True,False,2025,12,4,Salary Week,Regular Sale
1465,4279,2025-07-09,True,True,2025,7,3,Salary Week,Festival Sale
1466,2656,2025-01-28,False,False,2025,1,1,Regular Week,Regular Sale
1467,3774,2025-11-04,True,True,2025,11,4,Salary Week,Festival Sale
1468,1564,2025-12-04,False,False,2025,12,4,Regular Week,Regular Sale
1469,1942,2025-02-27,False,False,2025,2,1,Regular Week,Regular Sale
1470,1147,2025-10-21,False,True,2025,10,4,Regular Week,Festival Sale
1471,4145,2025-11-19,True,True,2025,11,4,Salary Week,Festival Sale
1472,884,2025-10-08,False,True,2025,10,4,Regular Week,Festival Sale
1473,2880,2025-06-06,True,True,2025,6,2,Salary Week,Festival Sale
1474,1397,2025-08-04,True,True,2025,8,3,Salary Week,Festival Sale
1475,2341,2025-10-10,False,True,2025,10,4,Regular Week,Festival Sale
1476,2753,2025-09-06,False,True,2025,9,3,Regular Week,Festival Sale
1477,1729,2025-02-26,False,True,2025,2,1,Regular Week,Festival Sale
1478,1907,2025-04-14,False,False,2025,4,2,Regular Week,Regular Sale
1479,374,2025-04-10,False,True,2025,4,2,Regular Week,Festival Sale
1480,4389,2025-02-07,False,False,2025,2,1,Regular Week,Regular Sale
1481,720,2025-02-09,False,False,2025,2,1,Regular Week,Regular Sale
1482,1990,2025-11-22,True,True,2025,11,4,Salary Week,Festival Sale
1483,4146,2025-03-12,False,True,2025,3,1,Regular Week,Festival Sale
1484,854,2025-12-10,False,True,2025,12,4,Regular Week,Festival Sale
1485,1536,2025-09-14,False,False,2025,9,3,Regular Week,Regular Sale
1486,4026,2025-04-05,True,False,2025,4,2,Salary Week,Regular Sale
1487,476,2025-12-14,True,False,2025,12,4,Salary Week,Regular Sale
1488,4294,2025-12-11,False,True,2025,12,4,Regular Week,Festival Sale
1489,4714,2025-07-24,True,False,2025,7,3,Salary Week,Regular Sale
1490,1516,2025-09-27,False,False,2025,9,3,Regular Week,Regular Sale
1491,646,2026-01-06,True,False,2026,1,1,Salary Week,Regular Sale
1492,3137,2025-08-04,False,True,2025,8,3,Regular Week,Festival Sale
1493,3905,2025-04-06,True,False,2025,4,2,Salary Week,Regular Sale
1494,2615,2025-11-12,False,False,2025,11,4,Regular Week,Regular Sale
1495,1386,2025-11-06,False,True,2025,11,4,Regular Week,Festival Sale
1496,3227,2025-09-29,True,True,2025,9,3,Salary Week,Festival Sale
1497,2411,2025-02-21,True,True,2025,2,1,Salary Week,Festival Sale
1498,3210,2025-05-29,False,False,2025,5,2,Regular Week,Regular Sale
1499,1197,2025-02-08,True,False,2025,2,1,Salary Week,Regular Sale
1500,4638,2025-08-30,True,True,2025,8,3,Salary Week,Festival Sale
1501,4095,2025-04-15,False,False,2025,4,2,Regular Week,Regular Sale
1502,2009,2025-01-18,False,True,2025,1,1,Regular Week,Festival Sale
1503,701,2025-06-12,True,False,2025,6,2,Salary Week,Regular Sale
1504,4878,2025-08-02,True,False,2025,8,3,Salary Week,Regular Sale
1505,3520,2025-02-22,False,True,2025,2,1,Regular Week,Festival Sale
1506,2809,2025-12-12,True,False,2025,12,4,Salary Week,Regular Sale
1507,4733,2025-06-23,False,True,2025,6,2,Regular Week,Festival Sale
1508,4003,2025-08-03,False,False,2025,8,3,Regular Week,Regular Sale
1509,4463,2025-03-17,False,False,2025,3,1,Regular Week,Regular Sale
1510,2024,2025-02-12,True,True,2025,2,1,Salary Week,Festival Sale
1511,501,2025-04-11,True,True,2025,4,2,Salary Week,Festival Sale
1512,3152,2025-09-04,False,False,2025,9,3,Regular Week,Regular Sale
1513,2915,2025-08-26,True,False,2025,8,3,Salary Week,Regular Sale
1514,4021,2025-11-10,True,True,2025,11,4,Salary Week,Festival Sale
1515,1965,2025-09-05,False,False,2025,9,3,Regular Week,Regular Sale
1516,4818,2025-02-28,True,False,2025,2,1,Salary Week,Regular Sale
1517,3863,2025-07-27,True,False,2025,7,3,Salary Week,Regular Sale
1518,933,2025-11-19,False,True,2025,11,4,Regular Week,Festival Sale
1519,1375,2025-04-23,True,True,2025,4,2,Salary Week,Festival Sale
1520,4255,2025-07-23,False,False,2025,7,3,Regular Week,Regular Sale
1521,4996,2025-08-08,False,True,2025,8,3,Regular Week,Festival Sale
1522,625,2025-12-02,False,True,2025,12,4,Regular Week,Festival Sale
1523,3821,2025-03-06,False,False,2025,3,1,Regular Week,Regular Sale
1524,4321,2025-06-03,False,False,2025,6,2,Regular Week,Regular Sale
1525,3082,2025-06-20,False,True,2025,6,2,Regular Week,Festival Sale
1526,3273,2025-08-17,False,True,2025,8,3,Regular Week,Festival Sale
1527,785,2025-05-06,True,True,2025,5,2,Salary Week,Festival Sale
1528,2720,2025-11-19,True,True,2025,11,4,Salary Week,Festival Sale
1529,3646,2025-04-04,False,True,2025,4,2,Regular Week,Festival Sale
1530,3571,2025-01-30,False,False,2025,1,1,Regular Week,Regular Sale
1531,1784,2025-08-18,False,True,2025,8,3,Regular Week,Festival Sale
1532,1831,2025-06-05,True,False,2025,6,2,Salary Week,Regular Sale
1533,3024,2025-05-29,False,True,2025,5,2,Regular Week,Festival Sale
1534,2706,2025-07-06,False,False,2025,7,3,Regular Week,Regular Sale
1535,2314,2025-06-30,True,True,2025,6,2,Salary Week,Festival Sale
1536,1287,2025-12-28,False,True,2025,12,4,Regular Week,Festival Sale
1537,4129,2025-05-20,True,False,2025,5,2,Salary Week,Regular Sale
1538,3152,2025-03-12,False,False,2025,3,1,Regular Week,Regular Sale
1539,538,2025-10-31,False,False,2025,10,4,Regular Week,Regular Sale
1540,1223,2025-10-29,True,True,2025,10,4,Salary Week,Festival Sale
1541,3615,2025-01-19,True,False,2025,1,1,Salary Week,Regular Sale
1542,4213,2025-07-19,True,True,2025,7,3,Salary Week,Festival Sale
1543,4574,2025-07-22,True,False,2025,7,3,Salary Week,Regular Sale
1544,1993,2025-01-24,False,True,2025,1,1,Regular Week,Festival Sale
1545,486,2025-01-23,False,False,2025,1,1,Regular Week,Regular Sale
1546,4532,2025-06-19,True,False,2025,6,2,Salary Week,Regular Sale
1547,1116,2025-01-20,True,True,2025,1,1,Salary Week,Festival Sale
1548,4178,2025-04-02,False,False,2025,4,2,Regular Week,Regular Sale
1549,3454,2025-09-03,False,True,2025,9,3,Regular Week,Festival Sale
1550,829,2025-12-01,False,True,2025,12,4,Regular Week,Festival Sale
1551,1318,2025-02-14,True,True,2025,2,1,Salary Week,Festival Sale
1552,1683,2025-02-01,False,False,2025,2,1,Regular Week,Regular Sale
1553,384,2025-10-19,True,False,2025,10,4,Salary Week,Regular Sale
1554,4951,2025-09-20,False,False,2025,9,3,Regular Week,Regular Sale
1555,1094,2025-12-10,True,False,2025,12,4,Salary Week,Regular Sale
1556,2083,2025-03-29,True,True,2025,3,1,Salary Week,Festival Sale
1557,2599,2025-03-21,False,False,2025,3,1,Regular Week,Regular Sale
1558,837,2025-08-25,True,True,2025,8,3,Salary Week,Festival Sale
1559,2696,2025-10-14,True,True,2025,10,4,Salary Week,Festival Sale
1560,424,2025-05-29,True,True,2025,5,2,Salary Week,Festival Sale
1561,4500,2025-07-29,True,True,2025,7,3,Salary Week,Festival Sale
1562,2061,2025-07-01,True,False,2025,7,3,Salary Week,Regular Sale
1563,51,2025-04-08,True,True,2025,4,2,Salary Week,Festival Sale
1564,1203,2025-05-29,True,True,2025,5,2,Salary Week,Festival Sale
1565,3861,2025-09-02,True,True,2025,9,3,Salary Week,Festival Sale
1566,393,2025-11-08,False,False,2025,11,4,Regular Week,Regular Sale
1567,2225,2025-09-04,True,True,2025,9,3,Salary Week,Festival Sale
1568,372,2025-02-10,False,False,2025,2,1,Regular Week,Regular Sale
1569,2707,2025-11-01,True,True,2025,11,4,Salary Week,Festival Sale
1570,4125,2025-03-15,True,False,2025,3,1,Salary Week,Regular Sale
1571,3957,2026-01-04,False,True,2026,1,1,Regular Week,Festival Sale
1572,4173,2025-05-27,True,True,2025,5,2,Salary Week,Festival Sale
1573,332,2025-02-24,True,False,2025,2,1,Salary Week,Regular Sale
1574,894,2025-12-09,True,False,2025,12,4,Salary Week,Regular Sale
1575,2954,2025-10-07,False,False,2025,10,4,Regular Week,Regular Sale
1576,3122,2025-05-15,False,False,2025,5,2,Regular Week,Regular Sale
1577,4231,2025-10-29,True,True,2025,10,4,Salary Week,Festival Sale
1578,4433,2025-06-24,False,False,2025,6,2,Regular Week,Regular Sale
1579,3778,2025-10-25,False,False,2025,10,4,Regular Week,Regular Sale
1580,4597,2025-06-11,True,False,2025,6,2,Salary Week,Regular Sale
1581,1045,2025-02-01,False,False,2025,2,1,Regular Week,Regular Sale
1582,1984,2025-06-25,True,False,2025,6,2,Salary Week,Regular Sale
1583,2211,2025-06-15,True,True,2025,6,2,Salary Week,Festival Sale
1584,856,2025-06-02,True,False,2025,6,2,Salary Week,Regular Sale
1585,2244,2025-10-13,False,True,2025,10,4,Regular Week,Festival Sale
1586,1213,2025-02-16,True,False,2025,2,1,Salary Week,Regular Sale
1587,2064,2025-11-28,False,False,2025,11,4,Regular Week,Regular Sale
1588,2370,2025-06-05,False,True,2025,6,2,Regular Week,Festival Sale
1589,3297,2025-03-19,False,False,2025,3,1,Regular Week,Regular Sale
1590,1289,2025-09-23,True,True,2025,9,3,Salary Week,Festival Sale
1591,3303,2025-11-01,False,False,2025,11,4,Regular Week,Regular Sale
1592,2811,2025-08-29,True,True,2025,8,3,Salary Week,Festival Sale
1593,2382,2025-09-21,True,False,2025,9,3,Salary Week,Regular Sale
1594,3453,2025-07-30,False,False,2025,7,3,Regular Week,Regular Sale
1595,234,2025-03-25,False,True,2025,3,1,Regular Week,Festival Sale
1596,2556,2025-12-17,False,False,2025,12,4,Regular Week,Regular Sale
1597,4677,2025-02-28,False,False,2025,2,1,Regular Week,Regular Sale
1598,836,2025-03-10,True,False,2025,3,1,Salary Week,Regular Sale
1599,43,2025-02-28,True,True,2025,2,1,Salary Week,Festival Sale
1600,3870,2025-01-28,True,False,2025,1,1,Salary Week,Regular Sale
1601,3676,2025-07-29,False,True,2025,7,3,Regular Week,Festival Sale
1602,2571,2025-03-19,True,True,2025,3,1,Salary Week,Festival Sale
1603,3495,2025-06-18,False,True,2025,6,2,Regular Week,Festival Sale
1604,4506,2025-10-21,True,True,2025,10,4,Salary Week,Festival Sale
1605,3440,2025-11-25,False,False,2025,11,4,Regular Week,Regular Sale
1606,3328,2025-08-18,True,False,2025,8,3,Salary Week,Regular Sale
1607,1070,2025-12-06,False,True,2025,12,4,Regular Week,Festival Sale
1608,1639,2025-06-16,False,False,2025,6,2,Regular Week,Regular Sale
1609,2276,2025-11-15,True,False,2025,11,4,Salary Week,Regular Sale
1610,4807,2025-10-12,False,True,2025,10,4,Regular Week,Festival Sale
1611,4353,2025-02-04,False,False,2025,2,1,Regular Week,Regular Sale
1612,1675,2025-08-09,True,False,2025,8,3,Salary Week,Regular Sale
1613,1524,2025-10-21,True,False,2025,10,4,Salary Week,Regular Sale
1614,2367,2025-10-17,True,False,2025,10,4,Salary Week,Regular Sale
1615,3880,2025-05-22,True,False,2025,5,2,Salary Week,Regular Sale
1616,1202,2025-07-01,False,False,2025,7,3,Regular Week,Regular Sale
1617,1552,2025-03-27,False,True,2025,3,1,Regular Week,Festival Sale
1618,2664,2025-01-15,True,False,2025,1,1,Salary Week,Regular Sale
1619,2715,2025-07-29,False,True,2025,7,3,Regular Week,Festival Sale
1620,4813,2025-04-21,True,False,2025,4,2,Salary Week,Regular Sale
1621,616,2025-09-27,True,True,2025,9,3,Salary Week,Festival Sale
1622,32,2025-07-24,False,False,2025,7,3,Regular Week,Regular Sale
1623,2070,2025-12-03,True,True,2025,12,4,Salary Week,Festival Sale
1624,1877,2025-06-12,True,True,2025,6,2,Salary Week,Festival Sale
1625,2034,2025-02-13,True,True,2025,2,1,Salary Week,Festival Sale
1626,2695,2025-10-25,True,True,2025,10,4,Salary Week,Festival Sale
1627,4908,2025-08-05,True,False,2025,8,3,Salary Week,Regular Sale
1628,484,2025-05-24,True,True,2025,5,2,Salary Week,Festival Sale
1629,987,2025-07-17,True,True,2025,7,3,Salary Week,Festival Sale
1630,3203,2025-03-07,True,True,2025,3,1,Salary Week,Festival Sale
1631,4800,2025-03-03,True,True,2025,3,1,Salary Week,Festival Sale
1632,2217,2025-07-09,False,False,2025,7,3,Regular Week,Regular Sale
1633,3651,2025-06-20,True,False,2025,6,2,Salary Week,Regular Sale
1634,1687,2025-03-04,True,False,2025,3,1,Salary Week,Regular Sale
1635,4007,2025-10-17,True,True,2025,10,4,Salary Week,Festival Sale
1636,104,2025-12-28,False,False,2025,12,4,Regular Week,Regular Sale
1637,2519,2025-08-06,False,True,2025,8,3,Regular Week,Festival Sale
1638,4456,2025-08-14,True,True,2025,8,3,Salary Week,Festival Sale
1639,2071,2025-12-02,False,True,2025,12,4,Regular Week,Festival Sale
1640,389,2025-04-02,False,True,2025,4,2,Regular Week,Festival Sale
1641,4820,2025-11-03,True,False,2025,11,4,Salary Week,Regular Sale
1642,970,2025-06-20,True,False,2025,6,2,Salary Week,Regular Sale
1643,1829,2025-01-20,False,False,2025,1,1,Regular Week,Regular Sale
1644,4024,2025-02-19,False,True,2025,2,1,Regular Week,Festival Sale
1645,4833,2025-04-24,False,True,2025,4,2,Regular Week,Festival Sale
1646,386,2025-11-29,False,False,2025,11,4,Regular Week,Regular Sale
1647,3226,2025-11-01,True,True,2025,11,4,Salary Week,Festival Sale
1648,2833,2025-08-19,False,True,2025,8,3,Regular Week,Festival Sale
1649,101,2025-03-17,True,False,2025,3,1,Salary Week,Regular Sale
1650,3895,2025-03-20,False,True,2025,3,1,Regular Week,Festival Sale
1651,1445,2025-03-11,False,True,2025,3,1,Regular Week,Festival Sale
1652,525,2025-01-27,True,True,2025,1,1,Salary Week,Festival Sale
1653,471,2025-11-04,True,True,2025,11,4,Salary Week,Festival Sale
1654,3221,2025-05-11,True,True,2025,5,2,Salary Week,Festival Sale
1655,4553,2025-11-28,True,False,2025,11,4,Salary Week,Regular Sale
1656,4659,2025-03-13,False,True,2025,3,1,Regular Week,Festival Sale
1657,4338,2025-03-20,False,True,2025,3,1,Regular Week,Festival Sale
1658,3535,2025-01-20,True,False,2025,1,1,Salary Week,Regular Sale
1659,4677,2025-10-03,False,True,2025,10,4,Regular Week,Festival Sale
1660,2571,2025-02-16,True,False,2025,2,1,Salary Week,Regular Sale
1661,3896,2025-05-15,False,True,2025,5,2,Regular Week,Festival Sale
1662,649,2025-03-21,False,False,2025,3,1,Regular Week,Regular Sale
1663,4579,2025-01-27,True,False,2025,1,1,Salary Week,Regular Sale
1664,3612,2025-11-16,False,True,2025,11,4,Regular Week,Festival Sale
1665,2281,2025-04-18,True,True,2025,4,2,Salary Week,Festival Sale
1666,561,2025-10-17,True,True,2025,10,4,Salary Week,Festival Sale
1667,2021,2025-12-30,True,True,2025,12,4,Salary Week,Festival Sale
1668,4455,2025-02-05,False,True,2025,2,1,Regular Week,Festival Sale
1669,4684,2025-02-17,False,False,2025,2,1,Regular Week,Regular Sale
1670,3476,2025-06-16,True,True,2025,6,2,Salary Week,Festival Sale
1671,450,2025-12-28,False,False,2025,12,4,Regular Week,Regular Sale
1672,3013,2025-02-10,False,False,2025,2,1,Regular Week,Regular Sale
1673,3124,2025-09-01,False,False,2025,9,3,Regular Week,Regular Sale
1674,61,2025-10-03,True,True,2025,10,4,Salary Week,Festival Sale
1675,3146,2025-03-16,True,True,2025,3,1,Salary Week,Festival Sale
1676,3677,2025-05-18,False,False,2025,5,2,Regular Week,Regular Sale
1677,2648,2025-08-01,True,True,2025,8,3,Salary Week,Festival Sale
1678,4961,2025-01-31,False,False,2025,1,1,Regular Week,Regular Sale
1679,3763,2025-06-21,False,False,2025,6,2,Regular Week,Regular Sale
1680,521,2025-01-23,True,False,2025,1,1,Salary Week,Regular Sale
1681,4779,2025-04-04,True,False,2025,4,2,Salary Week,Regular Sale
1682,1414,2025-04-25,True,False,2025,4,2,Salary Week,Regular Sale
1683,2799,2025-12-17,False,True,2025,12,4,Regular Week,Festival Sale
1684,2552,2025-12-13,False,False,2025,12,4,Regular Week,Regular Sale
1685,3615,2025-04-12,False,True,2025,4,2,Regular Week,Festival Sale
1686,4204,2025-05-24,False,True,2025,5,2,Regular Week,Festival Sale
1687,4717,2025-10-25,False,True,2025,10,4,Regular Week,Festival Sale
1688,2366,2025-09-27,False,True,2025,9,3,Regular Week,Festival Sale
1689,345,2025-04-14,False,False,2025,4,2,Regular Week,Regular Sale
1690,135,2025-01-11,True,False,2025,1,1,Salary Week,Regular Sale
1691,279,2025-03-28,True,False,2025,3,1,Salary Week,Regular Sale
1692,259,2025-07-19,True,True,2025,7,3,Salary Week,Festival Sale
1693,1120,2025-10-29,False,True,2025,10,4,Regular Week,Festival Sale
1694,1744,2025-10-05,False,False,2025,10,4,Regular Week,Regular Sale
1695,2374,2025-10-30,False,False,2025,10,4,Regular Week,Regular Sale
1696,2842,2025-07-03,True,False,2025,7,3,Salary Week,Regular Sale
1697,2191,2025-08-28,True,False,2025,8,3,Salary Week,Regular Sale
1698,3422,2025-10-29,True,True,2025,10,4,Salary Week,Festival Sale
1699,2832,2025-04-18,True,True,2025,4,2,Salary Week,Festival Sale
1700,176,2025-01-12,True,False,2025,1,1,Salary Week,Regular Sale
1701,2297,2025-04-10,False,True,2025,4,2,Regular Week,Festival Sale
1702,3864,2025-08-25,False,False,2025,8,3,Regular Week,Regular Sale
1703,1368,2025-11-20,True,False,2025,11,4,Salary Week,Regular Sale
1704,1279,2025-10-26,False,False,2025,10,4,Regular Week,Regular Sale
1705,3307,2025-02-11,True,True,2025,2,1,Salary Week,Festival Sale
1706,3747,2025-10-28,True,False,2025,10,4,Salary Week,Regular Sale
1707,3740,2025-11-19,True,True,2025,11,4,Salary Week,Festival Sale
1708,4755,2025-05-20,True,True,2025,5,2,Salary Week,Festival Sale
1709,2428,2025-05-16,False,False,2025,5,2,Regular Week,Regular Sale
1710,4486,2025-01-22,True,True,2025,1,1,Salary Week,Festival Sale
1711,2983,2025-11-04,True,False,2025,11,4,Salary Week,Regular Sale
1712,994,2025-10-13,True,False,2025,10,4,Salary Week,Regular Sale
1713,2912,2025-07-18,True,False,2025,7,3,Salary Week,Regular Sale
1714,3263,2025-09-08,False,True,2025,9,3,Regular Week,Festival Sale
1715,1376,2025-07-07,True,True,2025,7,3,Salary Week,Festival Sale
1716,4670,2025-10-09,True,False,2025,10,4,Salary Week,Regular Sale
1717,828,2025-11-24,False,True,2025,11,4,Regular Week,Festival Sale
1718,3672,2025-02-10,False,True,2025,2,1,Regular Week,Festival Sale
1719,547,2025-10-14,True,True,2025,10,4,Salary Week,Festival Sale
1720,733,2025-11-26,False,True,2025,11,4,Regular Week,Festival Sale
1721,3329,2025-04-04,False,False,2025,4,2,Regular Week,Regular Sale
1722,553,2025-02-08,True,False,2025,2,1,Salary Week,Regular Sale
1723,2541,2025-02-06,False,False,2025,2,1,Regular Week,Regular Sale
1724,2953,2025-03-17,True,False,2025,3,1,Salary Week,Regular Sale
1725,3520,2025-10-31,False,True,2025,10,4,Regular Week,Festival Sale
1726,4034,2025-12-03,True,False,2025,12,4,Salary Week,Regular Sale
1727,4722,2025-06-13,True,False,2025,6,2,Salary Week,Regular Sale
1728,1404,2025-12-18,False,False,2025,12,4,Regular Week,Regular Sale
1729,13,2025-08-20,False,False,2025,8,3,Regular Week,Regular Sale
1730,4005,2025-12-13,True,False,2025,12,4,Salary Week,Regular Sale
1731,3055,2025-09-16,True,False,2025,9,3,Salary Week,Regular Sale
1732,1280,2025-01-11,True,True,2025,1,1,Salary Week,Festival Sale
1733,1576,2025-07-02,False,False,2025,7,3,Regular Week,Regular Sale
1734,3259,2025-12-16,False,False,2025,12,4,Regular Week,Regular Sale
1735,3012,2025-12-22,True,False,2025,12,4,Salary Week,Regular Sale
1736,2066,2025-09-14,True,False,2025,9,3,Salary Week,Regular Sale
1737,1716,2025-04-04,True,True,2025,4,2,Salary Week,Festival Sale
1738,3067,2025-05-07,False,False,2025,5,2,Regular Week,Regular Sale
1739,3003,2025-12-15,False,False,2025,12,4,Regular Week,Regular Sale
1740,1068,2025-11-02,False,False,2025,11,4,Regular Week,Regular Sale
1741,3890,2025-10-18,False,False,2025,10,4,Regular Week,Regular Sale
1742,4430,2025-09-23,True,True,2025,9,3,Salary Week,Festival Sale
1743,3736,2025-12-18,False,True,2025,12,4,Regular Week,Festival Sale
1744,1186,2025-12-17,True,True,2025,12,4,Salary Week,Festival Sale
1745,383,2025-05-09,True,False,2025,5,2,Salary Week,Regular Sale
1746,3916,2025-06-25,True,True,2025,6,2,Salary Week,Festival Sale
1747,900,2025-05-29,False,False,2025,5,2,Regular Week,Regular Sale
1748,4081,2025-08-01,False,False,2025,8,3,Regular Week,Regular Sale
1749,1614,2025-11-01,True,False,2025,11,4,Salary Week,Regular Sale
1750,2415,2025-05-01,True,False,2025,5,2,Salary Week,Regular Sale
1751,2811,2025-12-24,False,True,2025,12,4,Regular Week,Festival Sale
1752,2976,2025-08-30,True,False,2025,8,3,Salary Week,Regular Sale
1753,4982,2025-05-07,True,True,2025,5,2,Salary Week,Festival Sale
1754,3131,2025-08-29,True,False,2025,8,3,Salary Week,Regular Sale
1755,2670,2025-10-23,False,False,2025,10,4,Regular Week,Regular Sale
1756,3985,2025-08-08,False,True,2025,8,3,Regular Week,Festival Sale
1757,34,2025-07-07,False,True,2025,7,3,Regular Week,Festival Sale
1758,2562,2025-04-29,False,True,2025,4,2,Regular Week,Festival Sale
1759,150,2025-11-11,False,False,2025,11,4,Regular Week,Regular Sale
1760,1326,2025-08-17,True,True,2025,8,3,Salary Week,Festival Sale
1761,3823,2025-05-18,False,True,2025,5,2,Regular Week,Festival Sale
1762,55,2025-12-29,False,True,2025,12,4,Regular Week,Festival Sale
1763,1673,2025-05-17,False,True,2025,5,2,Regular Week,Festival Sale
1764,2033,2025-10-04,True,False,2025,10,4,Salary Week,Regular Sale
1765,769,2025-10-13,False,True,2025,10,4,Regular Week,Festival Sale
1766,2303,2025-01-24,True,True,2025,1,1,Salary Week,Festival Sale
1767,3407,2025-10-29,False,True,2025,10,4,Regular Week,Festival Sale
1768,3520,2025-10-24,True,False,2025,10,4,Salary Week,Regular Sale
1769,3981,2025-04-10,True,False,2025,4,2,Salary Week,Regular Sale
1770,2025,2025-03-26,True,False,2025,3,1,Salary Week,Regular Sale
1771,4452,2025-05-06,False,True,2025,5,2,Regular Week,Festival Sale
1772,731,2025-08-20,False,True,2025,8,3,Regular Week,Festival Sale
1773,2649,2025-05-22,False,False,2025,5,2,Regular Week,Regular Sale
1774,3168,2025-12-24,True,False,2025,12,4,Salary Week,Regular Sale
1775,4617,2025-01-11,False,True,2025,1,1,Regular Week,Festival Sale
1776,4033,2025-08-09,True,False,2025,8,3,Salary Week,Regular Sale
1777,3436,2025-11-23,False,True,2025,11,4,Regular Week,Festival Sale
1778,240,2025-10-27,False,False,2025,10,4,Regular Week,Regular Sale
1779,4415,2025-04-15,False,True,2025,4,2,Regular Week,Festival Sale
1780,2070,2025-09-28,False,False,2025,9,3,Regular Week,Regular Sale
1781,1884,2025-03-31,False,True,2025,3,1,Regular Week,Festival Sale
1782,2016,2025-05-01,True,False,2025,5,2,Salary Week,Regular Sale
1783,220,2025-04-20,True,True,2025,4,2,Salary Week,Festival Sale
1784,2699,2025-11-13,False,False,2025,11,4,Regular Week,Regular Sale
1785,3301,2025-10-12,True,True,2025,10,4,Salary Week,Festival Sale
1786,3905,2025-11-01,True,True,2025,11,4,Salary Week,Festival Sale
1787,3409,2025-03-01,False,False,2025,3,1,Regular Week,Regular Sale
1788,4119,2025-05-08,False,True,2025,5,2,Regular Week,Festival Sale
1789,3096,2025-06-26,False,True,2025,6,2,Regular Week,Festival Sale
1790,83,2025-03-22,False,True,2025,3,1,Regular Week,Festival Sale
1791,741,2025-02-19,True,False,2025,2,1,Salary Week,Regular Sale
1792,208,2025-06-18,False,True,2025,6,2,Regular Week,Festival Sale
1793,3447,2025-05-01,False,False,2025,5,2,Regular Week,Regular Sale
1794,3404,2025-04-15,False,False,2025,4,2,Regular Week,Regular Sale
1795,3948,2025-04-02,False,True,2025,4,2,Regular Week,Festival Sale
1796,1679,2025-06-11,False,True,2025,6,2,Regular Week,Festival Sale
1797,4866,2025-10-18,True,False,2025,10,4,Salary Week,Regular Sale
1798,394,2025-03-14,True,False,2025,3,1,Salary Week,Regular Sale
1799,1501,2025-08-28,True,True,2025,8,3,Salary Week,Festival Sale
1800,1044,2025-09-06,True,True,2025,9,3,Salary Week,Festival Sale
1801,807,2025-03-21,False,True,2025,3,1,Regular Week,Festival Sale
1802,1253,2025-02-03,True,False,2025,2,1,Salary Week,Regular Sale
1803,2132,2025-08-01,False,False,2025,8,3,Regular Week,Regular Sale
1804,2884,2025-01-17,True,True,2025,1,1,Salary Week,Festival Sale
1805,3230,2025-01-13,False,True,2025,1,1,Regular Week,Festival Sale
1806,3657,2025-10-19,True,False,2025,10,4,Salary Week,Regular Sale
1807,155,2026-01-03,True,True,2026,1,1,Salary Week,Festival Sale
1808,4149,2025-03-22,True,False,2025,3,1,Salary Week,Regular Sale
1809,4247,2025-03-18,True,True,2025,3,1,Salary Week,Festival Sale
1810,4642,2025-12-19,False,False,2025,12,4,Regular Week,Regular Sale
1811,4270,2025-04-17,False,False,2025,4,2,Regular Week,Regular Sale
1812,4530,2025-07-16,False,False,2025,7,3,Regular Week,Regular Sale
1813,775,2025-08-19,True,False,2025,8,3,Salary Week,Regular Sale
1814,4553,2025-07-30,False,True,2025,7,3,Regular Week,Festival Sale
1815,4676,2025-09-04,False,True,2025,9,3,Regular Week,Festival Sale
1816,3906,2025-10-14,True,False,2025,10,4,Salary Week,Regular Sale
1817,2253,2025-04-12,False,True,2025,4,2,Regular Week,Festival Sale
1818,1568,2025-10-14,True,True,2025,10,4,Salary Week,Festival Sale
1819,3441,2025-04-29,True,True,2025,4,2,Salary Week,Festival Sale
1820,519,2025-12-02,True,True,2025,12,4,Salary Week,Festival Sale
1821,846,2025-11-12,False,False,2025,11,4,Regular Week,Regular Sale
1822,2673,2025-09-20,False,False,2025,9,3,Regular Week,Regular Sale
1823,659,2025-06-15,True,False,2025,6,2,Salary Week,Regular Sale
1824,2694,2025-03-20,False,True,2025,3,1,Regular Week,Festival Sale
1825,4983,2025-01-08,True,True,2025,1,1,Salary Week,Festival Sale
1826,3178,2025-06-29,True,True,2025,6,2,Salary Week,Festival Sale
1827,2139,2025-04-17,False,False,2025,4,2,Regular Week,Regular Sale
1828,4419,2025-02-19,True,False,2025,2,1,Salary Week,Regular Sale
1829,2171,2025-05-13,True,True,2025,5,2,Salary Week,Festival Sale
1830,2280,2025-06-26,True,True,2025,6,2,Salary Week,Festival Sale
1831,1048,2025-04-29,False,True,2025,4,2,Regular Week,Festival Sale
1832,865,2025-02-09,False,True,2025,2,1,Regular Week,Festival Sale
1833,3266,2025-07-26,False,True,2025,7,3,Regular Week,Festival Sale
1834,1345,2025-04-19,False,True,2025,4,2,Regular Week,Festival Sale
1835,2715,2025-11-28,False,False,2025,11,4,Regular Week,Regular Sale
1836,3960,2025-09-15,False,False,2025,9,3,Regular Week,Regular Sale
1837,4437,2025-06-19,False,False,2025,6,2,Regular Week,Regular Sale
1838,2420,2025-07-08,True,True,2025,7,3,Salary Week,Festival Sale
1839,1252,2025-04-24,True,True,2025,4,2,Salary Week,Festival Sale
1840,587,2025-04-28,True,True,2025,4,2,Salary Week,Festival Sale
1841,4652,2025-03-13,False,False,2025,3,1,Regular Week,Regular Sale
1842,971,2025-08-12,False,True,2025,8,3,Regular Week,Festival Sale
1843,1014,2025-08-31,False,True,2025,8,3,Regular Week,Festival Sale
1844,1697,2025-03-19,True,False,2025,3,1,Salary Week,Regular Sale
1845,4525,2025-09-30,True,True,2025,9,3,Salary Week,Festival Sale
1846,1685,2025-04-19,False,True,2025,4,2,Regular Week,Festival Sale
1847,3559,2025-10-07,True,True,2025,10,4,Salary Week,Festival Sale
1848,436,2025-02-14,True,False,2025,2,1,Salary Week,Regular Sale
1849,2169,2025-11-30,True,True,2025,11,4,Salary Week,Festival Sale
1850,738,2025-10-11,False,True,2025,10,4,Regular Week,Festival Sale
1851,1510,2025-05-12,False,False,2025,5,2,Regular Week,Regular Sale
1852,729,2025-04-30,False,False,2025,4,2,Regular Week,Regular Sale
1853,3228,2025-08-11,True,True,2025,8,3,Salary Week,Festival Sale
1854,3562,2025-04-13,False,True,2025,4,2,Regular Week,Festival Sale
1855,1667,2025-05-14,True,True,2025,5,2,Salary Week,Festival Sale
1856,1775,2025-07-07,False,False,2025,7,3,Regular Week,Regular Sale
1857,975,2025-09-07,True,False,2025,9,3,Salary Week,Regular Sale
1858,2972,2025-02-04,True,True,2025,2,1,Salary Week,Festival Sale
1859,89,2025-11-20,True,True,2025,11,4,Salary Week,Festival Sale
1860,4118,2025-12-16,False,False,2025,12,4,Regular Week,Regular Sale
1861,4005,2025-05-11,True,True,2025,5,2,Salary Week,Festival Sale
1862,2505,2025-07-10,True,False,2025,7,3,Salary Week,Regular Sale
1863,2073,2025-11-27,True,True,2025,11,4,Salary Week,Festival Sale
1864,3724,2025-08-24,False,True,2025,8,3,Regular Week,Festival Sale
1865,1537,2025-06-22,True,True,2025,6,2,Salary Week,Festival Sale
1866,1907,2025-07-30,False,True,2025,7,3,Regular Week,Festival Sale
1867,1955,2025-06-07,True,False,2025,6,2,Salary Week,Regular Sale
1868,1388,2025-10-09,True,True,2025,10,4,Salary Week,Festival Sale
1869,1411,2025-03-03,False,False,2025,3,1,Regular Week,Regular Sale
1870,3643,2025-06-13,False,False,2025,6,2,Regular Week,Regular Sale
1871,2515,2025-11-30,True,False,2025,11,4,Salary Week,Regular Sale
1872,1855,2025-02-17,False,True,2025,2,1,Regular Week,Festival Sale
1873,3860,2025-07-29,False,False,2025,7,3,Regular Week,Regular Sale
1874,4040,2025-02-11,False,True,2025,2,1,Regular Week,Festival Sale
1875,4882,2025-01-20,False,False,2025,1,1,Regular Week,Regular Sale
1876,4409,2025-03-26,False,False,2025,3,1,Regular Week,Regular Sale
1877,266,2025-06-21,True,False,2025,6,2,Salary Week,Regular Sale
1878,689,2025-08-23,False,True,2025,8,3,Regular Week,Festival Sale
1879,4439,2025-08-05,True,False,2025,8,3,Salary Week,Regular Sale
1880,877,2025-07-10,True,False,2025,7,3,Salary Week,Regular Sale
1881,4299,2025-09-24,True,True,2025,9,3,Salary Week,Festival Sale
1882,4006,2025-03-02,True,True,2025,3,1,Salary Week,Festival Sale
1883,2837,2026-01-04,False,False,2026,1,1,Regular Week,Regular Sale
1884,2704,2025-03-28,True,False,2025,3,1,Salary Week,Regular Sale
1885,563,2025-07-15,False,True,2025,7,3,Regular Week,Festival Sale
1886,4092,2025-11-23,False,False,2025,11,4,Regular Week,Regular Sale
1887,2774,2025-07-02,False,False,2025,7,3,Regular Week,Regular Sale
1888,451,2025-09-27,True,False,2025,9,3,Salary Week,Regular Sale
1889,1936,2025-06-12,True,True,2025,6,2,Salary Week,Festival Sale
1890,3101,2025-03-20,False,True,2025,3,1,Regular Week,Festival Sale
1891,3017,2025-12-17,False,True,2025,12,4,Regular Week,Festival Sale
1892,414,2025-12-28,False,True,2025,12,4,Regular Week,Festival Sale
1893,1959,2025-03-17,True,True,2025,3,1,Salary Week,Festival Sale
1894,2587,2025-10-22,True,False,2025,10,4,Salary Week,Regular Sale
1895,2768,2025-09-18,False,False,2025,9,3,Regular Week,Regular Sale
1896,3028,2025-10-24,False,False,2025,10,4,Regular Week,Regular Sale
1897,2854,2025-03-01,False,True,2025,3,1,Regular Week,Festival Sale
1898,1470,2025-03-01,True,True,2025,3,1,Salary Week,Festival Sale
1899,3729,2025-03-07,True,True,2025,3,1,Salary Week,Festival Sale
1900,3815,2025-02-18,True,False,2025,2,1,Salary Week,Regular Sale
1901,793,2025-12-08,True,True,2025,12,4,Salary Week,Festival Sale
1902,4802,2025-08-19,True,True,2025,8,3,Salary Week,Festival Sale
1903,4868,2025-08-22,False,True,2025,8,3,Regular Week,Festival Sale
1904,755,2025-04-01,True,False,2025,4,2,Salary Week,Regular Sale
1905,806,2025-10-20,False,True,2025,10,4,Regular Week,Festival Sale
1906,3599,2025-09-15,True,True,2025,9,3,Salary Week,Festival Sale
1907,3654,2025-02-24,True,True,2025,2,1,Salary Week,Festival Sale
1908,2444,2025-07-28,False,True,2025,7,3,Regular Week,Festival Sale
1909,2461,2025-06-05,True,True,2025,6,2,Salary Week,Festival Sale
1910,3250,2025-03-30,True,True,2025,3,1,Salary Week,Festival Sale
1911,4062,2025-04-16,False,False,2025,4,2,Regular Week,Regular Sale
1912,1857,2025-05-06,False,False,2025,5,2,Regular Week,Regular Sale
1913,1346,2025-04-03,False,True,2025,4,2,Regular Week,Festival Sale
1914,4940,2025-10-28,False,False,2025,10,4,Regular Week,Regular Sale
1915,1173,2025-10-28,True,True,2025,10,4,Salary Week,Festival Sale
1916,1372,2025-06-18,False,False,2025,6,2,Regular Week,Regular Sale
1917,2327,2025-07-03,False,False,2025,7,3,Regular Week,Regular Sale
1918,2690,2025-05-24,False,False,2025,5,2,Regular Week,Regular Sale
1919,4261,2025-04-15,False,True,2025,4,2,Regular Week,Festival Sale
1920,4356,2025-07-30,True,True,2025,7,3,Salary Week,Festival Sale
1921,4263,2025-10-02,False,False,2025,10,4,Regular Week,Regular Sale
1922,1561,2025-03-12,False,False,2025,3,1,Regular Week,Regular Sale
1923,4708,2025-06-02,False,False,2025,6,2,Regular Week,Regular Sale
1924,228,2025-04-14,True,True,2025,4,2,Salary Week,Festival Sale
1925,1721,2025-11-26,True,True,2025,11,4,Salary Week,Festival Sale
1926,4918,2025-12-07,True,False,2025,12,4,Salary Week,Regular Sale
1927,4075,2025-06-12,False,True,2025,6,2,Regular Week,Festival Sale
1928,2041,2025-12-22,False,True,2025,12,4,Regular Week,Festival Sale
1929,4963,2025-04-11,False,False,2025,4,2,Regular Week,Regular Sale
1930,4797,2025-12-22,True,True,2025,12,4,Salary Week,Festival Sale
1931,2355,2025-06-18,False,True,2025,6,2,Regular Week,Festival Sale
1932,2661,2025-11-01,False,False,2025,11,4,Regular Week,Regular Sale
1933,843,2025-03-08,False,True,2025,3,1,Regular Week,Festival Sale
1934,4178,2025-06-13,True,True,2025,6,2,Salary Week,Festival Sale
1935,3384,2025-07-17,True,True,2025,7,3,Salary Week,Festival Sale
1936,2636,2025-06-03,True,False,2025,6,2,Salary Week,Regular Sale
1937,2193,2025-12-30,False,False,2025,12,4,Regular Week,Regular Sale
1938,1303,2025-05-12,True,False,2025,5,2,Salary Week,Regular Sale
1939,835,2025-08-19,False,True,2025,8,3,Regular Week,Festival Sale
1940,2774,2025-06-29,False,False,2025,6,2,Regular Week,Regular Sale
1941,613,2025-11-14,True,True,2025,11,4,Salary Week,Festival Sale
1942,1555,2025-10-20,True,False,2025,10,4,Salary Week,Regular Sale
1943,3106,2025-01-10,False,True,2025,1,1,Regular Week,Festival Sale
1944,814,2025-07-29,True,False,2025,7,3,Salary Week,Regular Sale
1945,3573,2025-08-12,False,False,2025,8,3,Regular Week,Regular Sale
1946,1847,2025-11-17,True,False,2025,11,4,Salary Week,Regular Sale
1947,1420,2025-02-03,False,True,2025,2,1,Regular Week,Festival Sale
1948,2193,2025-05-23,True,True,2025,5,2,Salary Week,Festival Sale
1949,764,2025-04-07,False,False,2025,4,2,Regular Week,Regular Sale
1950,4053,2025-02-26,True,False,2025,2,1,Salary Week,Regular Sale
1951,4509,2025-05-20,False,True,2025,5,2,Regular Week,Festival Sale
1952,2002,2025-07-02,True,False,2025,7,3,Salary Week,Regular Sale
1953,3296,2025-09-10,False,False,2025,9,3,Regular Week,Regular Sale
1954,2828,2025-06-10,True,True,2025,6,2,Salary Week,Festival Sale
1955,180,2025-08-11,False,True,2025,8,3,Regular Week,Festival Sale
1956,4990,2025-04-03,True,False,2025,4,2,Salary Week,Regular Sale
1957,472,2025-05-03,False,True,2025,5,2,Regular Week,Festival Sale
1958,4860,2025-02-08,False,False,2025,2,1,Regular Week,Regular Sale
1959,4865,2025-11-03,False,True,2025,11,4,Regular Week,Festival Sale
1960,4374,2025-12-11,False,False,2025,12,4,Regular Week,Regular Sale
1961,1541,2025-06-22,False,True,2025,6,2,Regular Week,Festival Sale
1962,3864,2025-11-10,False,True,2025,11,4,Regular Week,Festival Sale
1963,3808,2025-01-21,False,False,2025,1,1,Regular Week,Regular Sale
1964,2557,2025-03-06,True,True,2025,3,1,Salary Week,Festival Sale
1965,232,2025-10-17,False,True,2025,10,4,Regular Week,Festival Sale
1966,1160,2025-09-15,False,True,2025,9,3,Regular Week,Festival Sale
1967,2113,2025-01-20,True,True,2025,1,1,Salary Week,Festival Sale
1968,4965,2025-10-07,True,True,2025,10,4,Salary Week,Festival Sale
1969,3691,2025-07-09,True,False,2025,7,3,Salary Week,Regular Sale
1970,108,2025-07-11,False,True,2025,7,3,Regular Week,Festival Sale
1971,3180,2025-06-27,True,True,2025,6,2,Salary Week,Festival Sale
1972,2556,2025-05-18,False,True,2025,5,2,Regular Week,Festival Sale
1973,2924,2025-01-21,True,False,2025,1,1,Salary Week,Regular Sale
1974,4677,2025-06-16,True,True,2025,6,2,Salary Week,Festival Sale
1975,158,2025-10-21,True,True,2025,10,4,Salary Week,Festival Sale
1976,4941,2025-11-17,False,False,2025,11,4,Regular Week,Regular Sale
1977,4046,2025-12-13,False,True,2025,12,4,Regular Week,Festival Sale
1978,1012,2025-03-06,False,True,2025,3,1,Regular Week,Festival Sale
1979,2261,2025-05-01,False,True,2025,5,2,Regular Week,Festival Sale
1980,2238,2025-09-25,True,True,2025,9,3,Salary Week,Festival Sale
1981,4040,2025-01-15,True,True,2025,1,1,Salary Week,Festival Sale
1982,1358,2025-06-05,True,True,2025,6,2,Salary Week,Festival Sale
1983,3218,2025-11-17,True,True,2025,11,4,Salary Week,Festival Sale
1984,574,2025-06-24,True,False,2025,6,2,Salary Week,Regular Sale
1985,1775,2025-05-27,True,False,2025,5,2,Salary Week,Regular Sale
1986,4347,2025-02-06,False,False,2025,2,1,Regular Week,Regular Sale
1987,2771,2025-09-22,True,False,2025,9,3,Salary Week,Regular Sale
1988,3901,2025-01-21,True,False,2025,1,1,Salary Week,Regular Sale
1989,961,2025-04-27,True,False,2025,4,2,Salary Week,Regular Sale
1990,1182,2025-07-18,True,False,2025,7,3,Salary Week,Regular Sale
1991,3436,2025-02-13,True,False,2025,2,1,Salary Week,Regular Sale
1992,1246,2025-05-15,False,True,2025,5,2,Regular Week,Festival Sale
1993,197,2025-03-29,True,False,2025,3,1,Salary Week,Regular Sale
1994,2518,2025-02-13,False,False,2025,2,1,Regular Week,Regular Sale
1995,3760,2025-07-13,False,True,2025,7,3,Regular Week,Festival Sale
1996,3902,2025-03-15,True,False,2025,3,1,Salary Week,Regular Sale
1997,540,2025-05-19,False,False,2025,5,2,Regular Week,Regular Sale
1998,4759,2025-09-20,False,False,2025,9,3,Regular Week,Regular Sale
1999,3160,2025-03-23,False,True,2025,3,1,Regular Week,Festival Sale
2000,3270,2025-09-21,True,True,2025,9,3,Salary Week,Festival Sale
2001,3829,2025-12-13,True,True,2025,12,4,Salary Week,Festival Sale
2002,899,2025-08-29,True,True,2025,8,3,Salary Week,Festival Sale
2003,4872,2025-12-12,False,True,2025,12,4,Regular Week,Festival Sale
2004,2592,2025-02-04,True,True,2025,2,1,Salary Week,Festival Sale
2005,2736,2025-04-27,False,False,2025,4,2,Regular Week,Regular Sale
2006,1965,2025-01-16,True,True,2025,1,1,Salary Week,Festival Sale
2007,1889,2025-02-05,False,True,2025,2,1,Regular Week,Festival Sale
2008,208,2025-03-18,False,True,2025,3,1,Regular Week,Festival Sale
2009,3495,2025-07-29,True,True,2025,7,3,Salary Week,Festival Sale
2010,3082,2025-08-08,False,False,2025,8,3,Regular Week,Regular Sale
2011,1131,2025-10-17,True,False,2025,10,4,Salary Week,Regular Sale
2012,4563,2025-10-20,True,False,2025,10,4,Salary Week,Regular Sale
2013,544,2025-03-08,True,False,2025,3,1,Salary Week,Regular Sale
2014,865,2025-10-05,False,True,2025,10,4,Regular Week,Festival Sale
2015,3079,2025-04-02,False,True,2025,4,2,Regular Week,Festival Sale
2016,1476,2025-10-17,True,True,2025,10,4,Salary Week,Festival Sale
2017,2852,2025-06-01,False,True,2025,6,2,Regular Week,Festival Sale
2018,4290,2025-12-12,False,False,2025,12,4,Regular Week,Regular Sale
2019,1496,2025-10-17,True,True,2025,10,4,Salary Week,Festival Sale
2020,429,2025-05-07,True,True,2025,5,2,Salary Week,Festival Sale
2021,67,2025-05-26,False,True,2025,5,2,Regular Week,Festival Sale
2022,118,2025-02-17,True,True,2025,2,1,Salary Week,Festival Sale
2023,2656,2025-04-12,True,True,2025,4,2,Salary Week,Festival Sale
2024,784,2025-12-15,False,True,2025,12,4,Regular Week,Festival Sale
2025,4741,2025-02-20,False,False,2025,2,1,Regular Week,Regular Sale
2026,2507,2025-10-01,False,False,2025,10,4,Regular Week,Regular Sale
2027,2421,2025-03-05,False,False,2025,3,1,Regular Week,Regular Sale
2028,4176,2025-12-27,False,False,2025,12,4,Regular Week,Regular Sale
2029,4339,2025-11-25,False,False,2025,11,4,Regular Week,Regular Sale
2030,3452,2025-05-06,False,False,2025,5,2,Regular Week,Regular Sale
2031,1145,2025-12-28,False,True,2025,12,4,Regular Week,Festival Sale
2032,4321,2025-09-15,True,False,2025,9,3,Salary Week,Regular Sale
2033,643,2025-11-24,False,True,2025,11,4,Regular Week,Festival Sale
2034,3,2025-01-30,True,False,2025,1,1,Salary Week,Regular Sale
2035,2523,2025-04-22,False,True,2025,4,2,Regular Week,Festival Sale
2036,4127,2025-11-07,True,True,2025,11,4,Salary Week,Festival Sale
2037,348,2025-04-12,True,False,2025,4,2,Salary Week,Regular Sale
2038,4129,2025-12-02,True,True,2025,12,4,Salary Week,Festival Sale
2039,4150,2025-07-24,True,True,2025,7,3,Salary Week,Festival Sale
2040,1270,2025-03-04,False,False,2025,3,1,Regular Week,Regular Sale
2041,2675,2025-11-01,False,False,2025,11,4,Regular Week,Regular Sale
2042,4533,2025-06-25,True,True,2025,6,2,Salary Week,Festival Sale
2043,931,2025-06-16,True,False,2025,6,2,Salary Week,Regular Sale
2044,861,2025-04-23,False,True,2025,4,2,Regular Week,Festival Sale
2045,2354,2025-10-26,False,True,2025,10,4,Regular Week,Festival Sale
2046,4142,2025-11-07,False,True,2025,11,4,Regular Week,Festival Sale
2047,1687,2025-01-10,True,True,2025,1,1,Salary Week,Festival Sale
2048,2207,2025-12-20,False,True,2025,12,4,Regular Week,Festival Sale
2049,3413,2025-08-07,True,True,2025,8,3,Salary Week,Festival Sale
2050,2384,2025-09-19,True,False,2025,9,3,Salary Week,Regular Sale
2051,726,2025-05-21,False,True,2025,5,2,Regular Week,Festival Sale
2052,2182,2025-04-14,False,False,2025,4,2,Regular Week,Regular Sale
2053,981,2025-09-27,True,True,2025,9,3,Salary Week,Festival Sale
2054,2182,2025-05-15,False,False,2025,5,2,Regular Week,Regular Sale
2055,957,2025-05-16,False,False,2025,5,2,Regular Week,Regular Sale
2056,97,2025-09-23,False,True,2025,9,3,Regular Week,Festival Sale
2057,3631,2025-08-09,True,False,2025,8,3,Salary Week,Regular Sale
2058,385,2025-12-22,False,True,2025,12,4,Regular Week,Festival Sale
2059,4048,2025-11-24,True,True,2025,11,4,Salary Week,Festival Sale
2060,1456,2025-01-26,True,True,2025,1,1,Salary Week,Festival Sale
2061,41,2025-02-07,True,False,2025,2,1,Salary Week,Regular Sale
2062,4886,2025-04-23,True,False,2025,4,2,Salary Week,Regular Sale
2063,4833,2025-05-27,True,False,2025,5,2,Salary Week,Regular Sale
2064,1761,2025-05-05,True,False,2025,5,2,Salary Week,Regular Sale
2065,474,2025-03-03,True,False,2025,3,1,Salary Week,Regular Sale
2066,481,2025-10-04,False,True,2025,10,4,Regular Week,Festival Sale
2067,2526,2025-08-25,False,True,2025,8,3,Regular Week,Festival Sale
2068,2650,2025-11-11,False,False,2025,11,4,Regular Week,Regular Sale
2069,315,2025-07-14,True,False,2025,7,3,Salary Week,Regular Sale
2070,1631,2025-06-08,False,False,2025,6,2,Regular Week,Regular Sale
2071,3559,2025-04-17,True,True,2025,4,2,Salary Week,Festival Sale
2072,638,2025-06-26,True,True,2025,6,2,Salary Week,Festival Sale
2073,3128,2025-01-18,False,False,2025,1,1,Regular Week,Regular Sale
2074,234,2025-06-19,True,False,2025,6,2,Salary Week,Regular Sale
2075,3009,2025-02-13,True,False,2025,2,1,Salary Week,Regular Sale
2076,924,2025-11-21,False,True,2025,11,4,Regular Week,Festival Sale
2077,1474,2025-10-13,False,True,2025,10,4,Regular Week,Festival Sale
2078,1498,2025-11-28,True,False,2025,11,4,Salary Week,Regular Sale
2079,2908,2025-12-10,True,False,2025,12,4,Salary Week,Regular Sale
2080,3885,2025-09-18,True,True,2025,9,3,Salary Week,Festival Sale
2081,1103,2025-12-20,False,False,2025,12,4,Regular Week,Regular Sale
2082,4563,2025-11-24,True,False,2025,11,4,Salary Week,Regular Sale
2083,2734,2025-04-27,False,False,2025,4,2,Regular Week,Regular Sale
2084,1893,2025-11-25,False,False,2025,11,4,Regular Week,Regular Sale
2085,4749,2025-03-12,True,True,2025,3,1,Salary Week,Festival Sale
2086,3831,2025-09-28,True,True,2025,9,3,Salary Week,Festival Sale
2087,4405,2025-09-09,False,True,2025,9,3,Regular Week,Festival Sale
2088,3040,2025-04-30,True,True,2025,4,2,Salary Week,Festival Sale
2089,782,2025-03-19,False,False,2025,3,1,Regular Week,Regular Sale
2090,3840,2025-12-15,False,False,2025,12,4,Regular Week,Regular Sale
2091,4030,2025-09-15,True,False,2025,9,3,Salary Week,Regular Sale
2092,3535,2025-01-24,False,True,2025,1,1,Regular Week,Festival Sale
2093,559,2025-04-03,False,True,2025,4,2,Regular Week,Festival Sale
2094,1937,2025-07-29,True,False,2025,7,3,Salary Week,Regular Sale
2095,3541,2025-09-29,False,True,2025,9,3,Regular Week,Festival Sale
2096,693,2025-03-19,True,True,2025,3,1,Salary Week,Festival Sale
2097,416,2025-05-29,True,False,2025,5,2,Salary Week,Regular Sale
2098,4785,2025-04-05,False,False,2025,4,2,Regular Week,Regular Sale
2099,3162,2025-01-20,True,False,2025,1,1,Salary Week,Regular Sale
2100,958,2025-05-05,False,False,2025,5,2,Regular Week,Regular Sale
2101,3078,2025-09-10,False,True,2025,9,3,Regular Week,Festival Sale
2102,1109,2025-12-01,True,True,2025,12,4,Salary Week,Festival Sale
2103,893,2025-03-31,False,False,2025,3,1,Regular Week,Regular Sale
2104,1300,2025-01-15,False,True,2025,1,1,Regular Week,Festival Sale
2105,928,2025-03-29,False,False,2025,3,1,Regular Week,Regular Sale
2106,2401,2025-04-15,False,True,2025,4,2,Regular Week,Festival Sale
2107,222,2025-01-21,False,False,2025,1,1,Regular Week,Regular Sale
2108,831,2025-08-11,True,False,2025,8,3,Salary Week,Regular Sale
2109,1806,2025-05-24,True,True,2025,5,2,Salary Week,Festival Sale
2110,3800,2025-06-18,True,False,2025,6,2,Salary Week,Regular Sale
2111,2530,2025-12-22,True,False,2025,12,4,Salary Week,Regular Sale
2112,888,2025-11-26,False,True,2025,11,4,Regular Week,Festival Sale
2113,2977,2025-05-05,True,True,2025,5,2,Salary Week,Festival Sale
2114,4160,2025-02-04,True,False,2025,2,1,Salary Week,Regular Sale
2115,1695,2025-07-11,True,True,2025,7,3,Salary Week,Festival Sale
2116,4403,2025-10-21,True,False,2025,10,4,Salary Week,Regular Sale
2117,3876,2025-07-16,True,True,2025,7,3,Salary Week,Festival Sale
2118,2821,2025-01-15,False,False,2025,1,1,Regular Week,Regular Sale
2119,3001,2025-11-11,False,True,2025,11,4,Regular Week,Festival Sale
2120,3168,2025-07-17,True,True,2025,7,3,Salary Week,Festival Sale
2121,944,2025-07-10,False,False,2025,7,3,Regular Week,Regular Sale
2122,4927,2025-07-27,True,True,2025,7,3,Salary Week,Festival Sale
2123,4182,2025-06-14,False,True,2025,6,2,Regular Week,Festival Sale
2124,484,2025-03-10,True,False,2025,3,1,Salary Week,Regular Sale
2125,2851,2025-08-15,True,False,2025,8,3,Salary Week,Regular Sale
2126,4059,2025-09-14,False,True,2025,9,3,Regular Week,Festival Sale
2127,1853,2025-02-15,False,True,2025,2,1,Regular Week,Festival Sale
2128,4347,2025-12-19,True,False,2025,12,4,Salary Week,Regular Sale
2129,835,2025-10-15,False,True,2025,10,4,Regular Week,Festival Sale
2130,73,2025-07-07,True,False,2025,7,3,Salary Week,Regular Sale
2131,1977,2025-08-19,False,False,2025,8,3,Regular Week,Regular Sale
2132,1980,2025-03-22,True,False,2025,3,1,Salary Week,Regular Sale
2133,3165,2025-09-28,True,True,2025,9,3,Salary Week,Festival Sale
2134,2417,2025-01-23,False,False,2025,1,1,Regular Week,Regular Sale
2135,4895,2025-08-22,False,False,2025,8,3,Regular Week,Regular Sale
2136,623,2025-07-12,False,False,2025,7,3,Regular Week,Regular Sale
2137,2852,2025-09-07,True,True,2025,9,3,Salary Week,Festival Sale
2138,4156,2025-12-30,True,False,2025,12,4,Salary Week,Regular Sale
2139,2247,2025-12-22,False,False,2025,12,4,Regular Week,Regular Sale
2140,2382,2025-12-28,False,False,2025,12,4,Regular Week,Regular Sale
2141,3090,2025-01-11,True,True,2025,1,1,Salary Week,Festival Sale
2142,2085,2025-01-17,True,True,2025,1,1,Salary Week,Festival Sale
2143,4021,2025-11-07,True,False,2025,11,4,Salary Week,Regular Sale
2144,4076,2025-07-17,False,False,2025,7,3,Regular Week,Regular Sale
2145,4098,2025-06-17,False,False,2025,6,2,Regular Week,Regular Sale
2146,4787,2025-11-21,False,False,2025,11,4,Regular Week,Regular Sale
2147,1819,2025-06-18,True,True,2025,6,2,Salary Week,Festival Sale
2148,3853,2025-04-28,False,True,2025,4,2,Regular Week,Festival Sale
2149,1427,2025-11-28,False,False,2025,11,4,Regular Week,Regular Sale
2150,612,2025-11-04,False,False,2025,11,4,Regular Week,Regular Sale
2151,3064,2025-02-12,False,True,2025,2,1,Regular Week,Festival Sale
2152,2627,2025-03-08,False,False,2025,3,1,Regular Week,Regular Sale
2153,626,2025-01-13,False,False,2025,1,1,Regular Week,Regular Sale
2154,2999,2025-01-07,False,False,2025,1,1,Regular Week,Regular Sale
2155,4237,2025-01-29,False,False,2025,1,1,Regular Week,Regular Sale
2156,3834,2025-02-04,False,True,2025,2,1,Regular Week,Festival Sale
2157,4403,2025-06-30,True,False,2025,6,2,Salary Week,Regular Sale
2158,2152,2025-12-27,True,False,2025,12,4,Salary Week,Regular Sale
2159,3085,2025-09-12,True,True,2025,9,3,Salary Week,Festival Sale
2160,2733,2025-01-09,False,False,2025,1,1,Regular Week,Regular Sale
2161,1919,2026-01-01,True,False,2026,1,1,Salary Week,Regular Sale
2162,522,2025-10-11,False,True,2025,10,4,Regular Week,Festival Sale
2163,3755,2025-12-05,False,True,2025,12,4,Regular Week,Festival Sale
2164,579,2025-09-10,False,False,2025,9,3,Regular Week,Regular Sale
2165,144,2025-02-27,True,False,2025,2,1,Salary Week,Regular Sale
2166,4501,2025-08-22,False,False,2025,8,3,Regular Week,Regular Sale
2167,1709,2025-03-08,False,True,2025,3,1,Regular Week,Festival Sale
2168,2070,2025-05-15,False,False,2025,5,2,Regular Week,Regular Sale
2169,3800,2025-02-21,False,True,2025,2,1,Regular Week,Festival Sale
2170,2533,2025-12-20,False,False,2025,12,4,Regular Week,Regular Sale
2171,166,2025-12-11,False,True,2025,12,4,Regular Week,Festival Sale
2172,402,2025-04-13,True,False,2025,4,2,Salary Week,Regular Sale
2173,4723,2025-04-09,True,True,2025,4,2,Salary Week,Festival Sale
2174,2747,2025-08-14,True,False,2025,8,3,Salary Week,Regular Sale
2175,3951,2025-04-13,False,False,2025,4,2,Regular Week,Regular Sale
2176,4840,2025-06-15,False,True,2025,6,2,Regular Week,Festival Sale
2177,23,2025-02-21,True,False,2025,2,1,Salary Week,Regular Sale
2178,4578,2025-09-18,True,True,2025,9,3,Salary Week,Festival Sale
2179,2276,2025-03-20,True,True,2025,3,1,Salary Week,Festival Sale
2180,2635,2025-08-26,True,True,2025,8,3,Salary Week,Festival Sale
2181,2390,2025-08-27,False,False,2025,8,3,Regular Week,Regular Sale
2182,1014,2025-07-29,True,True,2025,7,3,Salary Week,Festival Sale
2183,2817,2025-02-09,False,True,2025,2,1,Regular Week,Festival Sale
2184,2716,2025-07-05,True,False,2025,7,3,Salary Week,Regular Sale
2185,4996,2025-10-28,False,True,2025,10,4,Regular Week,Festival Sale
2186,246,2025-09-18,False,True,2025,9,3,Regular Week,Festival Sale
2187,4144,2025-04-30,False,False,2025,4,2,Regular Week,Regular Sale
2188,662,2025-09-22,True,False,2025,9,3,Salary Week,Regular Sale
2189,2394,2025-01-11,True,True,2025,1,1,Salary Week,Festival Sale
2190,4872,2025-03-28,True,True,2025,3,1,Salary Week,Festival Sale
2191,6,2025-12-28,False,False,2025,12,4,Regular Week,Regular Sale
2192,671,2025-12-12,True,True,2025,12,4,Salary Week,Festival Sale
2193,3341,2025-02-21,False,False,2025,2,1,Regular Week,Regular Sale
2194,45,2025-10-25,False,True,2025,10,4,Regular Week,Festival Sale
2195,1113,2025-06-14,False,True,2025,6,2,Regular Week,Festival Sale
2196,197,2025-07-12,False,True,2025,7,3,Regular Week,Festival Sale
2197,4611,2025-06-06,True,False,2025,6,2,Salary Week,Regular Sale
2198,2677,2025-07-24,False,True,2025,7,3,Regular Week,Festival Sale
2199,2181,2025-11-15,False,False,2025,11,4,Regular Week,Regular Sale
2200,1534,2025-07-11,False,True,2025,7,3,Regular Week,Festival Sale
2201,1162,2025-09-08,False,True,2025,9,3,Regular Week,Festival Sale
2202,4340,2025-11-13,True,False,2025,11,4,Salary Week,Regular Sale
2203,3580,2025-02-22,False,False,2025,2,1,Regular Week,Regular Sale
2204,137,2025-07-14,False,False,2025,7,3,Regular Week,Regular Sale
2205,839,2025-02-28,True,False,2025,2,1,Salary Week,Regular Sale
2206,3303,2025-03-30,True,True,2025,3,1,Salary Week,Festival Sale
2207,4491,2025-07-27,True,False,2025,7,3,Salary Week,Regular Sale
2208,436,2025-02-19,False,False,2025,2,1,Regular Week,Regular Sale
2209,2515,2025-12-09,True,True,2025,12,4,Salary Week,Festival Sale
2210,1351,2025-07-27,True,True,2025,7,3,Salary Week,Festival Sale
2211,2674,2025-12-06,False,True,2025,12,4,Regular Week,Festival Sale
2212,240,2025-04-14,False,True,2025,4,2,Regular Week,Festival Sale
2213,1593,2025-03-15,False,False,2025,3,1,Regular Week,Regular Sale
2214,2888,2025-10-04,False,True,2025,10,4,Regular Week,Festival Sale
2215,511,2025-07-30,True,False,2025,7,3,Salary Week,Regular Sale
2216,3069,2025-08-13,False,True,2025,8,3,Regular Week,Festival Sale
2217,4688,2025-02-17,True,False,2025,2,1,Salary Week,Regular Sale
2218,4673,2025-12-29,False,True,2025,12,4,Regular Week,Festival Sale
2219,308,2025-01-28,True,True,2025,1,1,Salary Week,Festival Sale
2220,4652,2025-07-23,True,False,2025,7,3,Salary Week,Regular Sale
2221,1528,2025-08-27,False,False,2025,8,3,Regular Week,Regular Sale
2222,4863,2025-02-03,True,False,2025,2,1,Salary Week,Regular Sale
2223,2557,2025-11-26,True,True,2025,11,4,Salary Week,Festival Sale
2224,3672,2025-04-09,True,False,2025,4,2,Salary Week,Regular Sale
2225,4384,2025-02-25,True,True,2025,2,1,Salary Week,Festival Sale
2226,4375,2025-03-07,False,False,2025,3,1,Regular Week,Regular Sale
2227,3868,2025-06-08,False,False,2025,6,2,Regular Week,Regular Sale
2228,4943,2025-12-19,False,True,2025,12,4,Regular Week,Festival Sale
2229,1912,2025-08-30,False,False,2025,8,3,Regular Week,Regular Sale
2230,3934,2025-08-12,True,False,2025,8,3,Salary Week,Regular Sale
2231,2873,2025-07-12,True,False,2025,7,3,Salary Week,Regular Sale
2232,4508,2025-01-11,False,True,2025,1,1,Regular Week,Festival Sale
2233,1775,2025-03-28,False,True,2025,3,1,Regular Week,Festival Sale
2234,4297,2025-01-27,True,True,2025,1,1,Salary Week,Festival Sale
2235,1338,2025-03-25,False,False,2025,3,1,Regular Week,Regular Sale
2236,3030,2025-06-07,False,True,2025,6,2,Regular Week,Festival Sale
2237,1162,2025-11-02,True,True,2025,11,4,Salary Week,Festival Sale
2238,3934,2025-12-31,False,False,2025,12,4,Regular Week,Regular Sale
2239,3682,2025-09-18,False,True,2025,9,3,Regular Week,Festival Sale
2240,2327,2025-07-05,False,True,2025,7,3,Regular Week,Festival Sale
2241,2139,2025-02-17,False,False,2025,2,1,Regular Week,Regular Sale
2242,4471,2025-04-23,False,True,2025,4,2,Regular Week,Festival Sale
2243,291,2025-09-10,False,False,2025,9,3,Regular Week,Regular Sale
2244,4092,2025-05-20,True,False,2025,5,2,Salary Week,Regular Sale
2245,1323,2025-03-22,True,False,2025,3,1,Salary Week,Regular Sale
2246,1036,2025-02-26,False,False,2025,2,1,Regular Week,Regular Sale
2247,3013,2025-07-19,True,True,2025,7,3,Salary Week,Festival Sale
2248,4503,2025-11-15,False,False,2025,11,4,Regular Week,Regular Sale
2249,1835,2025-02-18,False,False,2025,2,1,Regular Week,Regular Sale
2250,4267,2025-08-26,True,False,2025,8,3,Salary Week,Regular Sale
2251,4555,2025-05-05,True,False,2025,5,2,Salary Week,Regular Sale
2252,1505,2025-04-15,False,True,2025,4,2,Regular Week,Festival Sale
2253,1726,2025-06-07,False,False,2025,6,2,Regular Week,Regular Sale
2254,826,2025-01-25,False,False,2025,1,1,Regular Week,Regular Sale
2255,2792,2025-02-18,True,True,2025,2,1,Salary Week,Festival Sale
2256,76,2025-12-26,False,True,2025,12,4,Regular Week,Festival Sale
2257,1048,2025-01-23,False,False,2025,1,1,Regular Week,Regular Sale
2258,2862,2025-06-28,False,True,2025,6,2,Regular Week,Festival Sale
2259,2977,2025-07-20,False,False,2025,7,3,Regular Week,Regular Sale
2260,1775,2025-02-13,True,True,2025,2,1,Salary Week,Festival Sale
2261,4952,2025-10-01,True,False,2025,10,4,Salary Week,Regular Sale
2262,1215,2025-02-04,False,False,2025,2,1,Regular Week,Regular Sale
2263,1680,2025-01-13,False,False,2025,1,1,Regular Week,Regular Sale
2264,3212,2025-01-15,True,False,2025,1,1,Salary Week,Regular Sale
2265,296,2025-11-13,True,False,2025,11,4,Salary Week,Regular Sale
2266,367,2025-03-11,True,False,2025,3,1,Salary Week,Regular Sale
2267,4904,2025-10-06,True,True,2025,10,4,Salary Week,Festival Sale
2268,4535,2025-02-08,True,True,2025,2,1,Salary Week,Festival Sale
2269,4282,2025-04-24,False,False,2025,4,2,Regular Week,Regular Sale
2270,2940,2025-03-19,False,True,2025,3,1,Regular Week,Festival Sale
2271,690,2025-08-10,False,True,2025,8,3,Regular Week,Festival Sale
2272,4243,2025-04-22,True,True,2025,4,2,Salary Week,Festival Sale
2273,1566,2025-08-01,True,False,2025,8,3,Salary Week,Regular Sale
2274,3733,2025-10-18,False,True,2025,10,4,Regular Week,Festival Sale
2275,1161,2025-02-21,False,True,2025,2,1,Regular Week,Festival Sale
2276,1300,2025-04-05,False,True,2025,4,2,Regular Week,Festival Sale
2277,463,2025-12-04,False,False,2025,12,4,Regular Week,Regular Sale
2278,4116,2025-10-05,False,False,2025,10,4,Regular Week,Regular Sale
2279,2511,2025-08-16,False,False,2025,8,3,Regular Week,Regular Sale
2280,1322,2025-10-10,True,False,2025,10,4,Salary Week,Regular Sale
2281,1062,2025-11-12,False,True,2025,11,4,Regular Week,Festival Sale
2282,2872,2025-05-14,False,False,2025,5,2,Regular Week,Regular Sale
2283,524,2025-04-08,False,True,2025,4,2,Regular Week,Festival Sale
2284,2021,2025-05-06,False,False,2025,5,2,Regular Week,Regular Sale
2285,1958,2025-07-05,False,True,2025,7,3,Regular Week,Festival Sale
2286,3325,2025-02-18,False,False,2025,2,1,Regular Week,Regular Sale
2287,3578,2025-10-02,True,True,2025,10,4,Salary Week,Festival Sale
2288,2707,2025-07-31,False,True,2025,7,3,Regular Week,Festival Sale
2289,510,2025-07-27,False,False,2025,7,3,Regular Week,Regular Sale
2290,374,2025-10-17,False,False,2025,10,4,Regular Week,Regular Sale
2291,1851,2025-09-07,True,True,2025,9,3,Salary Week,Festival Sale
2292,1845,2025-07-14,False,True,2025,7,3,Regular Week,Festival Sale
2293,3225,2026-01-02,False,True,2026,1,1,Regular Week,Festival Sale
2294,3163,2025-04-07,False,True,2025,4,2,Regular Week,Festival Sale
2295,469,2025-08-01,False,False,2025,8,3,Regular Week,Regular Sale
2296,3608,2025-11-16,True,False,2025,11,4,Salary Week,Regular Sale
2297,2358,2025-02-14,False,True,2025,2,1,Regular Week,Festival Sale
2298,1861,2025-05-27,True,False,2025,5,2,Salary Week,Regular Sale
2299,2528,2025-03-01,True,True,2025,3,1,Salary Week,Festival Sale
2300,248,2025-01-13,False,True,2025,1,1,Regular Week,Festival Sale
2301,3952,2025-01-21,False,True,2025,1,1,Regular Week,Festival Sale
2302,2160,2025-03-02,False,True,2025,3,1,Regular Week,Festival Sale
2303,3034,2025-06-19,True,True,2025,6,2,Salary Week,Festival Sale
2304,1013,2025-02-14,True,False,2025,2,1,Salary Week,Regular Sale
2305,4325,2025-03-27,False,True,2025,3,1,Regular Week,Festival Sale
2306,3623,2025-03-17,True,False,2025,3,1,Salary Week,Regular Sale
2307,4672,2025-12-16,True,False,2025,12,4,Salary Week,Regular Sale
2308,4061,2025-03-25,False,False,2025,3,1,Regular Week,Regular Sale
2309,1477,2025-08-17,False,False,2025,8,3,Regular Week,Regular Sale
2310,1068,2025-10-01,False,True,2025,10,4,Regular Week,Festival Sale
2311,3486,2025-11-25,True,True,2025,11,4,Salary Week,Festival Sale
2312,2804,2025-02-25,True,False,2025,2,1,Salary Week,Regular Sale
2313,647,2025-06-17,False,False,2025,6,2,Regular Week,Regular Sale
2314,4563,2025-01-23,False,False,2025,1,1,Regular Week,Regular Sale
2315,9,2025-07-12,False,False,2025,7,3,Regular Week,Regular Sale
2316,265,2025-03-25,False,True,2025,3,1,Regular Week,Festival Sale
2317,4094,2025-09-23,True,True,2025,9,3,Salary Week,Festival Sale
2318,3851,2025-09-01,True,True,2025,9,3,Salary Week,Festival Sale
2319,2066,2025-09-03,False,False,2025,9,3,Regular Week,Regular Sale
2320,2038,2025-01-30,False,False,2025,1,1,Regular Week,Regular Sale
2321,2118,2025-01-14,True,True,2025,1,1,Salary Week,Festival Sale
2322,962,2025-02-11,False,False,2025,2,1,Regular Week,Regular Sale
2323,4620,2025-04-13,True,True,2025,4,2,Salary Week,Festival Sale
2324,1046,2025-03-23,True,True,2025,3,1,Salary Week,Festival Sale
2325,4931,2025-11-06,False,False,2025,11,4,Regular Week,Regular Sale
2326,2989,2025-10-01,False,True,2025,10,4,Regular Week,Festival Sale
2327,3505,2025-08-11,False,False,2025,8,3,Regular Week,Regular Sale
2328,4796,2025-06-11,True,True,2025,6,2,Salary Week,Festival Sale
2329,3553,2025-07-14,True,True,2025,7,3,Salary Week,Festival Sale
2330,2467,2025-01-07,True,True,2025,1,1,Salary Week,Festival Sale
2331,534,2025-09-06,True,False,2025,9,3,Salary Week,Regular Sale
2332,4698,2025-11-23,True,True,2025,11,4,Salary Week,Festival Sale
2333,837,2025-12-11,True,False,2025,12,4,Salary Week,Regular Sale
2334,1549,2025-06-23,False,True,2025,6,2,Regular Week,Festival Sale
2335,3186,2025-03-03,False,True,2025,3,1,Regular Week,Festival Sale
2336,1177,2025-01-30,True,False,2025,1,1,Salary Week,Regular Sale
2337,4789,2025-06-27,False,False,2025,6,2,Regular Week,Regular Sale
2338,574,2025-06-09,False,False,2025,6,2,Regular Week,Regular Sale
2339,1224,2025-02-10,True,True,2025,2,1,Salary Week,Festival Sale
2340,3002,2025-11-21,False,False,2025,11,4,Regular Week,Regular Sale
2341,2470,2025-10-31,True,True,2025,10,4,Salary Week,Festival Sale
2342,1757,2025-07-10,False,True,2025,7,3,Regular Week,Festival Sale
2343,2243,2025-07-09,False,False,2025,7,3,Regular Week,Regular Sale
2344,1507,2025-03-25,False,True,2025,3,1,Regular Week,Festival Sale
2345,464,2025-12-21,False,True,2025,12,4,Regular Week,Festival Sale
2346,1485,2025-05-20,False,False,2025,5,2,Regular Week,Regular Sale
2347,4319,2025-03-14,False,True,2025,3,1,Regular Week,Festival Sale
2348,4305,2025-09-13,True,False,2025,9,3,Salary Week,Regular Sale
2349,2559,2025-11-04,False,False,2025,11,4,Regular Week,Regular Sale
2350,3865,2025-11-01,True,False,2025,11,4,Salary Week,Regular Sale
2351,2841,2025-11-20,False,True,2025,11,4,Regular Week,Festival Sale
2352,56,2025-11-21,False,False,2025,11,4,Regular Week,Regular Sale
2353,2086,2025-12-04,True,True,2025,12,4,Salary Week,Festival Sale
2354,1126,2025-02-19,False,False,2025,2,1,Regular Week,Regular Sale
2355,2146,2025-02-10,True,False,2025,2,1,Salary Week,Regular Sale
2356,2360,2026-01-03,True,True,2026,1,1,Salary Week,Festival Sale
2357,1118,2025-01-07,True,True,2025,1,1,Salary Week,Festival Sale
2358,2506,2025-08-28,True,False,2025,8,3,Salary Week,Regular Sale
2359,2109,2025-06-22,False,True,2025,6,2,Regular Week,Festival Sale
2360,345,2025-09-08,False,False,2025,9,3,Regular Week,Regular Sale
2361,1745,2025-12-13,True,False,2025,12,4,Salary Week,Regular Sale
2362,853,2025-04-23,False,False,2025,4,2,Regular Week,Regular Sale
2363,4679,2025-12-24,True,True,2025,12,4,Salary Week,Festival Sale
2364,890,2025-11-03,True,False,2025,11,4,Salary Week,Regular Sale
2365,3478,2025-08-23,True,False,2025,8,3,Salary Week,Regular Sale
2366,79,2025-08-12,True,False,2025,8,3,Salary Week,Regular Sale
2367,4454,2025-07-04,False,False,2025,7,3,Regular Week,Regular Sale
2368,272,2025-07-22,False,False,2025,7,3,Regular Week,Regular Sale
2369,1469,2025-02-14,True,True,2025,2,1,Salary Week,Festival Sale
2370,1952,2025-11-19,False,True,2025,11,4,Regular Week,Festival Sale
2371,875,2025-03-09,False,False,2025,3,1,Regular Week,Regular Sale
2372,1214,2025-12-12,False,False,2025,12,4,Regular Week,Regular Sale
2373,2307,2025-01-10,True,False,2025,1,1,Salary Week,Regular Sale
2374,826,2025-08-09,True,True,2025,8,3,Salary Week,Festival Sale
2375,3489,2025-02-18,True,True,2025,2,1,Salary Week,Festival Sale
2376,4182,2025-10-07,True,False,2025,10,4,Salary Week,Regular Sale
2377,3588,2025-08-05,False,True,2025,8,3,Regular Week,Festival Sale
2378,199,2025-09-27,False,False,2025,9,3,Regular Week,Regular Sale
2379,3867,2025-05-02,False,False,2025,5,2,Regular Week,Regular Sale
2380,4295,2025-10-17,False,False,2025,10,4,Regular Week,Regular Sale
2381,817,2025-05-22,True,False,2025,5,2,Salary Week,Regular Sale
2382,1417,2026-01-01,False,True,2026,1,1,Regular Week,Festival Sale
2383,1037,2025-05-10,False,False,2025,5,2,Regular Week,Regular Sale
2384,4109,2025-06-27,False,False,2025,6,2,Regular Week,Regular Sale
2385,3827,2025-08-01,True,True,2025,8,3,Salary Week,Festival Sale
2386,4572,2025-11-06,False,False,2025,11,4,Regular Week,Regular Sale
2387,2168,2025-09-12,True,False,2025,9,3,Salary Week,Regular Sale
2388,3155,2025-07-29,True,False,2025,7,3,Salary Week,Regular Sale
2389,4098,2025-08-27,True,True,2025,8,3,Salary Week,Festival Sale
2390,1228,2025-06-27,False,False,2025,6,2,Regular Week,Regular Sale
2391,1531,2025-04-04,True,True,2025,4,2,Salary Week,Festival Sale
2392,3746,2025-09-26,True,False,2025,9,3,Salary Week,Regular Sale
2393,4075,2025-08-15,False,True,2025,8,3,Regular Week,Festival Sale
2394,2008,2025-05-03,False,False,2025,5,2,Regular Week,Regular Sale
2395,4123,2025-01-07,True,False,2025,1,1,Salary Week,Regular Sale
2396,910,2025-12-17,True,False,2025,12,4,Salary Week,Regular Sale
2397,3957,2025-03-09,True,False,2025,3,1,Salary Week,Regular Sale
2398,3962,2025-02-14,True,True,2025,2,1,Salary Week,Festival Sale
2399,1011,2025-01-18,False,True,2025,1,1,Regular Week,Festival Sale
2400,168,2025-02-01,False,True,2025,2,1,Regular Week,Festival Sale
2401,1093,2025-10-11,False,False,2025,10,4,Regular Week,Regular Sale
2402,221,2025-05-29,False,False,2025,5,2,Regular Week,Regular Sale
2403,3550,2025-07-16,False,False,2025,7,3,Regular Week,Regular Sale
2404,3639,2025-12-23,True,False,2025,12,4,Salary Week,Regular Sale
2405,4760,2025-10-03,True,False,2025,10,4,Salary Week,Regular Sale
2406,1587,2025-10-06,True,True,2025,10,4,Salary Week,Festival Sale
2407,3997,2025-01-29,False,False,2025,1,1,Regular Week,Regular Sale
2408,4972,2025-05-20,True,False,2025,5,2,Salary Week,Regular Sale
2409,4186,2025-07-15,False,False,2025,7,3,Regular Week,Regular Sale
2410,329,2025-01-30,False,False,2025,1,1,Regular Week,Regular Sale
2411,3749,2025-06-10,True,True,2025,6,2,Salary Week,Festival Sale
2412,3748,2025-01-28,True,True,2025,1,1,Salary Week,Festival Sale
2413,201,2025-02-18,True,False,2025,2,1,Salary Week,Regular Sale
2414,3048,2025-03-02,False,True,2025,3,1,Regular Week,Festival Sale
2415,911,2025-07-13,False,True,2025,7,3,Regular Week,Festival Sale
2416,3013,2025-10-19,False,True,2025,10,4,Regular Week,Festival Sale
2417,3307,2025-03-11,False,False,2025,3,1,Regular Week,Regular Sale
2418,3807,2025-12-14,False,False,2025,12,4,Regular Week,Regular Sale
2419,3497,2025-02-18,False,False,2025,2,1,Regular Week,Regular Sale
2420,3148,2025-07-20,False,False,2025,7,3,Regular Week,Regular Sale
2421,1274,2026-01-01,True,True,2026,1,1,Salary Week,Festival Sale
2422,4462,2025-11-16,True,False,2025,11,4,Salary Week,Regular Sale
2423,2696,2025-12-31,False,False,2025,12,4,Regular Week,Regular Sale
2424,4654,2025-01-15,True,False,2025,1,1,Salary Week,Regular Sale
2425,1488,2025-11-24,True,True,2025,11,4,Salary Week,Festival Sale
2426,2597,2025-06-06,True,True,2025,6,2,Salary Week,Festival Sale
2427,1093,2025-08-24,False,False,2025,8,3,Regular Week,Regular Sale
2428,1224,2025-11-29,False,True,2025,11,4,Regular Week,Festival Sale
2429,2969,2025-01-29,False,True,2025,1,1,Regular Week,Festival Sale
2430,1426,2025-12-19,False,False,2025,12,4,Regular Week,Regular Sale
2431,937,2025-09-21,False,False,2025,9,3,Regular Week,Regular Sale
2432,3698,2025-11-05,True,True,2025,11,4,Salary Week,Festival Sale
2433,4762,2025-01-07,False,True,2025,1,1,Regular Week,Festival Sale
2434,4177,2025-02-19,True,False,2025,2,1,Salary Week,Regular Sale
2435,2022,2025-03-15,True,True,2025,3,1,Salary Week,Festival Sale
2436,1984,2025-08-23,True,False,2025,8,3,Salary Week,Regular Sale
2437,935,2025-06-23,True,True,2025,6,2,Salary Week,Festival Sale
2438,2963,2025-11-05,True,False,2025,11,4,Salary Week,Regular Sale
2439,2095,2025-08-01,False,False,2025,8,3,Regular Week,Regular Sale
2440,1134,2025-11-29,False,False,2025,11,4,Regular Week,Regular Sale
2441,1283,2025-09-04,False,True,2025,9,3,Regular Week,Festival Sale
2442,4890,2025-03-05,False,True,2025,3,1,Regular Week,Festival Sale
2443,2787,2025-11-01,False,False,2025,11,4,Regular Week,Regular Sale
2444,3475,2025-10-08,True,True,2025,10,4,Salary Week,Festival Sale
2445,2524,2025-03-27,False,True,2025,3,1,Regular Week,Festival Sale
2446,2251,2025-06-12,False,True,2025,6,2,Regular Week,Festival Sale
2447,1499,2025-06-25,True,False,2025,6,2,Salary Week,Regular Sale
2448,3282,2025-06-20,False,False,2025,6,2,Regular Week,Regular Sale
2449,2320,2025-11-04,True,True,2025,11,4,Salary Week,Festival Sale
2450,4294,2025-08-24,True,True,2025,8,3,Salary Week,Festival Sale
2451,4271,2025-02-25,True,False,2025,2,1,Salary Week,Regular Sale
2452,1835,2025-09-30,True,True,2025,9,3,Salary Week,Festival Sale
2453,3223,2025-04-30,False,True,2025,4,2,Regular Week,Festival Sale
2454,1527,2025-12-11,True,True,2025,12,4,Salary Week,Festival Sale
2455,3489,2025-06-04,True,False,2025,6,2,Salary Week,Regular Sale
2456,3711,2025-02-01,True,False,2025,2,1,Salary Week,Regular Sale
2457,4944,2025-07-13,False,False,2025,7,3,Regular Week,Regular Sale
2458,4444,2025-10-06,True,True,2025,10,4,Salary Week,Festival Sale
2459,882,2025-11-14,False,True,2025,11,4,Regular Week,Festival Sale
2460,2972,2025-01-13,True,False,2025,1,1,Salary Week,Regular Sale
2461,3065,2025-09-10,False,True,2025,9,3,Regular Week,Festival Sale
2462,386,2025-09-07,True,True,2025,9,3,Salary Week,Festival Sale
2463,4733,2025-03-08,False,True,2025,3,1,Regular Week,Festival Sale
2464,1650,2025-02-01,False,False,2025,2,1,Regular Week,Regular Sale
2465,996,2025-08-04,True,True,2025,8,3,Salary Week,Festival Sale
2466,3413,2025-10-23,False,False,2025,10,4,Regular Week,Regular Sale
2467,1115,2025-07-24,False,True,2025,7,3,Regular Week,Festival Sale
2468,3229,2025-04-05,False,True,2025,4,2,Regular Week,Festival Sale
2469,2570,2025-03-22,False,True,2025,3,1,Regular Week,Festival Sale
2470,1553,2025-10-12,True,False,2025,10,4,Salary Week,Regular Sale
2471,1399,2025-11-11,True,False,2025,11,4,Salary Week,Regular Sale
2472,1515,2025-05-29,False,False,2025,5,2,Regular Week,Regular Sale
2473,1164,2025-05-13,False,True,2025,5,2,Regular Week,Festival Sale
2474,3203,2025-08-12,True,False,2025,8,3,Salary Week,Regular Sale
2475,145,2025-09-20,True,False,2025,9,3,Salary Week,Regular Sale
2476,2355,2025-06-06,True,True,2025,6,2,Salary Week,Festival Sale
2477,2758,2025-11-17,True,True,2025,11,4,Salary Week,Festival Sale
2478,4274,2025-09-18,False,False,2025,9,3,Regular Week,Regular Sale
2479,4719,2025-09-23,True,True,2025,9,3,Salary Week,Festival Sale
2480,2437,2025-12-06,True,False,2025,12,4,Salary Week,Regular Sale
2481,2309,2025-12-02,True,False,2025,12,4,Salary Week,Regular Sale
2482,141,2025-01-26,False,True,2025,1,1,Regular Week,Festival Sale
2483,2928,2025-07-30,False,False,2025,7,3,Regular Week,Regular Sale
2484,1689,2025-12-19,True,False,2025,12,4,Salary Week,Regular Sale
2485,3692,2025-01-07,True,False,2025,1,1,Salary Week,Regular Sale
2486,3557,2025-12-03,True,False,2025,12,4,Salary Week,Regular Sale
2487,2973,2025-11-30,True,False,2025,11,4,Salary Week,Regular Sale
2488,4855,2025-06-04,True,False,2025,6,2,Salary Week,Regular Sale
2489,3695,2025-09-04,False,False,2025,9,3,Regular Week,Regular Sale
2490,275,2025-05-28,False,True,2025,5,2,Regular Week,Festival Sale
2491,3985,2025-06-18,False,False,2025,6,2,Regular Week,Regular Sale
2492,206,2025-03-21,True,False,2025,3,1,Salary Week,Regular Sale
2493,4229,2025-07-16,False,True,2025,7,3,Regular Week,Festival Sale
2494,4644,2025-02-12,True,True,2025,2,1,Salary Week,Festival Sale
2495,2105,2025-10-07,False,False,2025,10,4,Regular Week,Regular Sale
2496,4716,2025-07-17,True,True,2025,7,3,Salary Week,Festival Sale
2497,3958,2025-12-28,False,True,2025,12,4,Regular Week,Festival Sale
2498,2601,2025-09-14,False,False,2025,9,3,Regular Week,Regular Sale
2499,4501,2025-07-22,False,False,2025,7,3,Regular Week,Regular Sale
2500,3224,2025-12-24,False,True,2025,12,4,Regular Week,Festival Sale
2501,2350,2025-11-15,True,False,2025,11,4,Salary Week,Regular Sale
2502,1813,2025-05-13,False,False,2025,5,2,Regular Week,Regular Sale
2503,1914,2025-06-06,True,False,2025,6,2,Salary Week,Regular Sale
2504,3197,2025-11-25,True,False,2025,11,4,Salary Week,Regular Sale
2505,4945,2025-10-27,True,False,2025,10,4,Salary Week,Regular Sale
2506,33,2025-05-16,False,True,2025,5,2,Regular Week,Festival Sale
2507,4353,2025-12-30,False,True,2025,12,4,Regular Week,Festival Sale
2508,1875,2025-07-10,False,True,2025,7,3,Regular Week,Festival Sale
2509,1605,2025-11-15,True,True,2025,11,4,Salary Week,Festival Sale
2510,4043,2025-04-25,True,False,2025,4,2,Salary Week,Regular Sale
2511,4632,2025-05-09,True,True,2025,5,2,Salary Week,Festival Sale
2512,693,2025-01-27,False,True,2025,1,1,Regular Week,Festival Sale
2513,1422,2025-10-17,False,False,2025,10,4,Regular Week,Regular Sale
2514,4650,2025-08-29,False,True,2025,8,3,Regular Week,Festival Sale
2515,864,2025-04-20,True,False,2025,4,2,Salary Week,Regular Sale
2516,3809,2025-02-28,True,False,2025,2,1,Salary Week,Regular Sale
2517,2981,2025-11-17,False,True,2025,11,4,Regular Week,Festival Sale
2518,2366,2025-11-10,True,False,2025,11,4,Salary Week,Regular Sale
2519,2839,2025-06-25,False,False,2025,6,2,Regular Week,Regular Sale
2520,200,2025-04-21,False,True,2025,4,2,Regular Week,Festival Sale
2521,1218,2025-04-21,False,True,2025,4,2,Regular Week,Festival Sale
2522,465,2025-05-21,True,False,2025,5,2,Salary Week,Regular Sale
2523,3173,2025-12-18,False,False,2025,12,4,Regular Week,Regular Sale
2524,401,2025-08-24,False,True,2025,8,3,Regular Week,Festival Sale
2525,4686,2025-11-15,False,True,2025,11,4,Regular Week,Festival Sale
2526,2874,2025-02-21,False,False,2025,2,1,Regular Week,Regular Sale
2527,4991,2025-08-16,False,False,2025,8,3,Regular Week,Regular Sale
2528,4854,2025-07-05,True,True,2025,7,3,Salary Week,Festival Sale
2529,1506,2025-01-22,True,False,2025,1,1,Salary Week,Regular Sale
2530,1164,2025-08-24,False,True,2025,8,3,Regular Week,Festival Sale
2531,3117,2025-12-02,False,False,2025,12,4,Regular Week,Regular Sale
2532,4069,2025-10-22,False,False,2025,10,4,Regular Week,Regular Sale
2533,1418,2025-01-28,True,True,2025,1,1,Salary Week,Festival Sale
2534,4052,2025-06-03,False,True,2025,6,2,Regular Week,Festival Sale
2535,2741,2025-10-10,True,True,2025,10,4,Salary Week,Festival Sale
2536,4337,2025-04-07,True,True,2025,4,2,Salary Week,Festival Sale
2537,1162,2025-06-22,True,False,2025,6,2,Salary Week,Regular Sale
2538,4006,2025-09-01,True,True,2025,9,3,Salary Week,Festival Sale
2539,4587,2025-02-17,False,False,2025,2,1,Regular Week,Regular Sale
2540,3110,2025-08-19,False,False,2025,8,3,Regular Week,Regular Sale
2541,559,2025-07-03,False,False,2025,7,3,Regular Week,Regular Sale
2542,2926,2025-08-06,False,False,2025,8,3,Regular Week,Regular Sale
2543,4960,2025-04-11,False,False,2025,4,2,Regular Week,Regular Sale
2544,1672,2025-06-27,True,True,2025,6,2,Salary Week,Festival Sale
2545,28,2025-02-16,False,False,2025,2,1,Regular Week,Regular Sale
2546,913,2025-02-04,True,False,2025,2,1,Salary Week,Regular Sale
2547,2270,2025-11-05,False,False,2025,11,4,Regular Week,Regular Sale
2548,560,2025-12-04,True,False,2025,12,4,Salary Week,Regular Sale
2549,1662,2025-08-02,True,True,2025,8,3,Salary Week,Festival Sale
2550,1578,2025-05-31,False,True,2025,5,2,Regular Week,Festival Sale
2551,1599,2025-08-17,False,False,2025,8,3,Regular Week,Regular Sale
2552,1743,2025-12-07,True,True,2025,12,4,Salary Week,Festival Sale
2553,4305,2025-10-15,True,True,2025,10,4,Salary Week,Festival Sale
2554,4766,2025-10-18,True,True,2025,10,4,Salary Week,Festival Sale
2555,1718,2025-07-12,True,False,2025,7,3,Salary Week,Regular Sale
2556,37,2025-01-21,False,True,2025,1,1,Regular Week,Festival Sale
2557,1711,2025-07-02,False,False,2025,7,3,Regular Week,Regular Sale
2558,3215,2025-04-27,True,True,2025,4,2,Salary Week,Festival Sale
2559,2431,2025-12-05,False,False,2025,12,4,Regular Week,Regular Sale
2560,2619,2025-03-23,True,False,2025,3,1,Salary Week,Regular Sale
2561,468,2025-10-01,True,False,2025,10,4,Salary Week,Regular Sale
2562,2185,2025-08-12,True,False,2025,8,3,Salary Week,Regular Sale
2563,3108,2025-04-04,True,True,2025,4,2,Salary Week,Festival Sale
2564,917,2025-05-20,False,False,2025,5,2,Regular Week,Regular Sale
2565,4960,2025-05-01,True,True,2025,5,2,Salary Week,Festival Sale
2566,4860,2025-12-26,False,False,2025,12,4,Regular Week,Regular Sale
2567,3649,2025-12-13,True,True,2025,12,4,Salary Week,Festival Sale
2568,2420,2025-10-15,False,True,2025,10,4,Regular Week,Festival Sale
2569,4133,2025-08-26,True,False,2025,8,3,Salary Week,Regular Sale
2570,4342,2025-12-03,True,True,2025,12,4,Salary Week,Festival Sale
2571,1419,2025-12-15,True,True,2025,12,4,Salary Week,Festival Sale
2572,3106,2025-10-20,False,False,2025,10,4,Regular Week,Regular Sale
2573,1487,2025-06-02,False,False,2025,6,2,Regular Week,Regular Sale
2574,1910,2025-05-13,False,False,2025,5,2,Regular Week,Regular Sale
2575,1153,2025-07-30,False,False,2025,7,3,Regular Week,Regular Sale
2576,2105,2025-10-09,True,True,2025,10,4,Salary Week,Festival Sale
2577,4890,2025-02-20,False,False,2025,2,1,Regular Week,Regular Sale
2578,3810,2025-09-08,True,False,2025,9,3,Salary Week,Regular Sale
2579,342,2025-04-23,False,False,2025,4,2,Regular Week,Regular Sale
2580,3934,2025-06-10,True,True,2025,6,2,Salary Week,Festival Sale
2581,1551,2025-02-26,False,True,2025,2,1,Regular Week,Festival Sale
2582,12,2025-07-07,False,False,2025,7,3,Regular Week,Regular Sale
2583,1445,2025-02-11,False,False,2025,2,1,Regular Week,Regular Sale
2584,4252,2026-01-01,True,False,2026,1,1,Salary Week,Regular Sale
2585,1289,2025-03-06,True,True,2025,3,1,Salary Week,Festival Sale
2586,4525,2025-05-05,True,True,2025,5,2,Salary Week,Festival Sale
2587,2161,2025-10-25,True,False,2025,10,4,Salary Week,Regular Sale
2588,4605,2025-05-06,False,False,2025,5,2,Regular Week,Regular Sale
2589,4497,2025-02-21,False,False,2025,2,1,Regular Week,Regular Sale
2590,873,2025-03-15,True,False,2025,3,1,Salary Week,Regular Sale
2591,1769,2025-04-01,True,False,2025,4,2,Salary Week,Regular Sale
2592,3415,2025-02-10,False,False,2025,2,1,Regular Week,Regular Sale
2593,238,2025-08-22,False,True,2025,8,3,Regular Week,Festival Sale
2594,2714,2025-08-19,True,False,2025,8,3,Salary Week,Regular Sale
2595,2916,2025-10-11,False,False,2025,10,4,Regular Week,Regular Sale
2596,3732,2025-11-09,False,True,2025,11,4,Regular Week,Festival Sale
2597,1021,2025-03-25,False,True,2025,3,1,Regular Week,Festival Sale
2598,2511,2025-07-25,False,False,2025,7,3,Regular Week,Regular Sale
2599,4519,2025-03-23,False,True,2025,3,1,Regular Week,Festival Sale
2600,398,2025-05-25,True,False,2025,5,2,Salary Week,Regular Sale
2601,1594,2025-04-17,True,False,2025,4,2,Salary Week,Regular Sale
2602,4829,2025-05-18,True,True,2025,5,2,Salary Week,Festival Sale
2603,2228,2025-04-11,True,True,2025,4,2,Salary Week,Festival Sale
2604,2380,2025-11-09,True,False,2025,11,4,Salary Week,Regular Sale
2605,3442,2025-11-15,True,False,2025,11,4,Salary Week,Regular Sale
2606,4835,2025-09-28,False,False,2025,9,3,Regular Week,Regular Sale
2607,1526,2025-01-23,False,False,2025,1,1,Regular Week,Regular Sale
2608,3520,2025-08-23,True,True,2025,8,3,Salary Week,Festival Sale
2609,4410,2025-12-17,True,False,2025,12,4,Salary Week,Regular Sale
2610,2628,2025-10-10,True,True,2025,10,4,Salary Week,Festival Sale
2611,1768,2025-11-25,True,False,2025,11,4,Salary Week,Regular Sale
2612,541,2025-07-10,False,False,2025,7,3,Regular Week,Regular Sale
2613,1782,2025-07-07,True,True,2025,7,3,Salary Week,Festival Sale
2614,374,2025-12-15,True,False,2025,12,4,Salary Week,Regular Sale
2615,3699,2025-01-13,True,True,2025,1,1,Salary Week,Festival Sale
2616,3304,2025-06-05,True,True,2025,6,2,Salary Week,Festival Sale
2617,4011,2025-05-27,True,False,2025,5,2,Salary Week,Regular Sale
2618,3246,2025-05-28,True,True,2025,5,2,Salary Week,Festival Sale
2619,1125,2025-07-30,False,True,2025,7,3,Regular Week,Festival Sale
2620,3925,2025-12-27,True,False,2025,12,4,Salary Week,Regular Sale
2621,3571,2025-05-06,True,False,2025,5,2,Salary Week,Regular Sale
2622,1272,2025-06-16,True,False,2025,6,2,Salary Week,Regular Sale
2623,1780,2025-02-12,True,True,2025,2,1,Salary Week,Festival Sale
2624,4565,2025-08-01,True,False,2025,8,3,Salary Week,Regular Sale
2625,1499,2025-07-11,True,False,2025,7,3,Salary Week,Regular Sale
2626,2336,2025-07-22,True,False,2025,7,3,Salary Week,Regular Sale
2627,1641,2025-07-08,False,False,2025,7,3,Regular Week,Regular Sale
2628,4355,2025-05-12,False,False,2025,5,2,Regular Week,Regular Sale
2629,2414,2025-07-22,False,True,2025,7,3,Regular Week,Festival Sale
2630,4339,2025-09-20,True,False,2025,9,3,Salary Week,Regular Sale
2631,956,2025-11-16,True,False,2025,11,4,Salary Week,Regular Sale
2632,3560,2025-09-26,True,False,2025,9,3,Salary Week,Regular Sale
2633,759,2025-05-02,True,False,2025,5,2,Salary Week,Regular Sale
2634,3823,2025-03-02,False,False,2025,3,1,Regular Week,Regular Sale
2635,3032,2025-11-07,False,True,2025,11,4,Regular Week,Festival Sale
2636,4363,2025-03-12,True,True,2025,3,1,Salary Week,Festival Sale
2637,4820,2025-06-09,False,False,2025,6,2,Regular Week,Regular Sale
2638,2903,2025-03-31,True,True,2025,3,1,Salary Week,Festival Sale
2639,3850,2025-08-12,True,True,2025,8,3,Salary Week,Festival Sale
2640,4365,2025-12-24,True,False,2025,12,4,Salary Week,Regular Sale
2641,1356,2025-06-26,False,False,2025,6,2,Regular Week,Regular Sale
2642,69,2025-04-09,False,True,2025,4,2,Regular Week,Festival Sale
2643,3441,2025-03-27,False,False,2025,3,1,Regular Week,Regular Sale
2644,1164,2025-01-16,True,False,2025,1,1,Salary Week,Regular Sale
2645,177,2025-09-27,False,True,2025,9,3,Regular Week,Festival Sale
2646,1338,2025-08-23,True,True,2025,8,3,Salary Week,Festival Sale
2647,1793,2025-05-22,True,True,2025,5,2,Salary Week,Festival Sale
2648,2649,2025-11-16,True,True,2025,11,4,Salary Week,Festival Sale
2649,4272,2025-01-16,True,False,2025,1,1,Salary Week,Regular Sale
2650,4554,2025-07-08,False,False,2025,7,3,Regular Week,Regular Sale
2651,833,2025-11-28,False,False,2025,11,4,Regular Week,Regular Sale
2652,1102,2025-01-29,False,True,2025,1,1,Regular Week,Festival Sale
2653,150,2025-04-17,True,True,2025,4,2,Salary Week,Festival Sale
2654,1945,2025-03-13,False,False,2025,3,1,Regular Week,Regular Sale
2655,3743,2025-11-30,False,True,2025,11,4,Regular Week,Festival Sale
2656,1802,2025-01-23,False,True,2025,1,1,Regular Week,Festival Sale
2657,2308,2025-12-07,True,False,2025,12,4,Salary Week,Regular Sale
2658,1074,2025-01-28,False,True,2025,1,1,Regular Week,Festival Sale
2659,1819,2025-06-24,True,False,2025,6,2,Salary Week,Regular Sale
2660,1402,2025-03-05,True,False,2025,3,1,Salary Week,Regular Sale
2661,1175,2025-08-10,True,False,2025,8,3,Salary Week,Regular Sale
2662,4054,2025-01-06,True,True,2025,1,1,Salary Week,Festival Sale
2663,1266,2025-12-30,True,True,2025,12,4,Salary Week,Festival Sale
2664,1651,2025-06-07,False,True,2025,6,2,Regular Week,Festival Sale
2665,4676,2025-06-21,False,True,2025,6,2,Regular Week,Festival Sale
2666,981,2025-01-22,False,True,2025,1,1,Regular Week,Festival Sale
2667,2580,2025-03-03,False,False,2025,3,1,Regular Week,Regular Sale
2668,1632,2025-11-04,False,True,2025,11,4,Regular Week,Festival Sale
2669,3323,2025-12-11,True,False,2025,12,4,Salary Week,Regular Sale
2670,3018,2025-01-11,False,True,2025,1,1,Regular Week,Festival Sale
2671,4847,2025-02-21,True,False,2025,2,1,Salary Week,Regular Sale
2672,2313,2025-07-26,False,True,2025,7,3,Regular Week,Festival Sale
2673,490,2025-12-06,False,False,2025,12,4,Regular Week,Regular Sale
2674,2878,2025-11-18,False,True,2025,11,4,Regular Week,Festival Sale
2675,569,2025-05-26,False,True,2025,5,2,Regular Week,Festival Sale
2676,1514,2025-10-27,False,False,2025,10,4,Regular Week,Regular Sale
2677,4915,2025-02-13,True,False,2025,2,1,Salary Week,Regular Sale
2678,4971,2025-06-08,True,False,2025,6,2,Salary Week,Regular Sale
2679,2499,2025-04-01,False,True,2025,4,2,Regular Week,Festival Sale
2680,4175,2025-12-03,True,False,2025,12,4,Salary Week,Regular Sale
2681,2990,2025-12-10,True,True,2025,12,4,Salary Week,Festival Sale
2682,2761,2025-02-04,False,True,2025,2,1,Regular Week,Festival Sale
2683,2257,2025-01-22,False,True,2025,1,1,Regular Week,Festival Sale
2684,3882,2025-12-25,True,False,2025,12,4,Salary Week,Regular Sale
2685,3452,2025-02-09,True,False,2025,2,1,Salary Week,Regular Sale
2686,2624,2025-06-24,True,True,2025,6,2,Salary Week,Festival Sale
2687,3027,2025-01-12,True,True,2025,1,1,Salary Week,Festival Sale
2688,2298,2025-03-22,True,False,2025,3,1,Salary Week,Regular Sale
2689,1631,2025-04-18,True,True,2025,4,2,Salary Week,Festival Sale
2690,3730,2025-04-12,False,True,2025,4,2,Regular Week,Festival Sale
2691,4889,2025-01-27,False,False,2025,1,1,Regular Week,Regular Sale
2692,1854,2025-12-26,False,True,2025,12,4,Regular Week,Festival Sale
2693,4739,2025-09-14,False,False,2025,9,3,Regular Week,Regular Sale
2694,3482,2025-01-23,False,True,2025,1,1,Regular Week,Festival Sale
2695,1652,2025-03-12,False,False,2025,3,1,Regular Week,Regular Sale
2696,4651,2025-09-25,False,False,2025,9,3,Regular Week,Regular Sale
2697,3974,2025-03-06,False,True,2025,3,1,Regular Week,Festival Sale
2698,1881,2025-12-17,True,False,2025,12,4,Salary Week,Regular Sale
2699,513,2025-07-11,False,False,2025,7,3,Regular Week,Regular Sale
2700,1807,2025-04-08,True,False,2025,4,2,Salary Week,Regular Sale
2701,1101,2025-08-12,True,True,2025,8,3,Salary Week,Festival Sale
2702,301,2025-07-03,True,False,2025,7,3,Salary Week,Regular Sale
2703,562,2025-07-28,False,True,2025,7,3,Regular Week,Festival Sale
2704,3117,2025-03-08,False,True,2025,3,1,Regular Week,Festival Sale
2705,3242,2025-01-22,True,False,2025,1,1,Salary Week,Regular Sale
2706,4387,2025-03-13,False,False,2025,3,1,Regular Week,Regular Sale
2707,3733,2025-02-09,False,False,2025,2,1,Regular Week,Regular Sale
2708,4966,2025-10-15,False,False,2025,10,4,Regular Week,Regular Sale
2709,3972,2025-05-09,True,True,2025,5,2,Salary Week,Festival Sale
2710,2721,2025-09-27,False,True,2025,9,3,Regular Week,Festival Sale
2711,817,2025-11-29,False,True,2025,11,4,Regular Week,Festival Sale
2712,1669,2025-03-13,False,True,2025,3,1,Regular Week,Festival Sale
2713,4289,2025-04-06,False,False,2025,4,2,Regular Week,Regular Sale
2714,3621,2025-07-27,True,False,2025,7,3,Salary Week,Regular Sale
2715,944,2025-07-05,False,True,2025,7,3,Regular Week,Festival Sale
2716,4469,2025-05-07,False,False,2025,5,2,Regular Week,Regular Sale
2717,4622,2025-10-28,False,False,2025,10,4,Regular Week,Regular Sale
2718,2977,2025-10-07,False,True,2025,10,4,Regular Week,Festival Sale
2719,2806,2025-12-07,True,True,2025,12,4,Salary Week,Festival Sale
2720,4916,2025-01-17,True,False,2025,1,1,Salary Week,Regular Sale
2721,2837,2025-01-07,True,False,2025,1,1,Salary Week,Regular Sale
2722,1065,2025-09-21,False,False,2025,9,3,Regular Week,Regular Sale
2723,4680,2025-02-01,False,True,2025,2,1,Regular Week,Festival Sale
2724,3228,2025-05-08,False,False,2025,5,2,Regular Week,Regular Sale
2725,2429,2025-07-21,True,False,2025,7,3,Salary Week,Regular Sale
2726,1732,2025-02-16,False,True,2025,2,1,Regular Week,Festival Sale
2727,1010,2025-01-29,False,True,2025,1,1,Regular Week,Festival Sale
2728,4853,2025-11-23,True,True,2025,11,4,Salary Week,Festival Sale
2729,782,2025-06-18,True,True,2025,6,2,Salary Week,Festival Sale
2730,3769,2026-01-05,True,True,2026,1,1,Salary Week,Festival Sale
2731,2731,2025-03-09,True,True,2025,3,1,Salary Week,Festival Sale
2732,3473,2025-03-18,False,False,2025,3,1,Regular Week,Regular Sale
2733,2305,2025-05-12,False,True,2025,5,2,Regular Week,Festival Sale
2734,3591,2025-05-30,False,True,2025,5,2,Regular Week,Festival Sale
2735,2556,2025-10-13,False,True,2025,10,4,Regular Week,Festival Sale
2736,2680,2025-06-12,False,True,2025,6,2,Regular Week,Festival Sale
2737,3268,2025-11-30,True,True,2025,11,4,Salary Week,Festival Sale
2738,3607,2025-08-10,True,False,2025,8,3,Salary Week,Regular Sale
2739,274,2025-10-29,True,False,2025,10,4,Salary Week,Regular Sale
2740,4541,2025-10-09,False,False,2025,10,4,Regular Week,Regular Sale
2741,4533,2025-10-02,True,True,2025,10,4,Salary Week,Festival Sale
2742,608,2025-10-24,True,True,2025,10,4,Salary Week,Festival Sale
2743,3151,2025-06-09,True,False,2025,6,2,Salary Week,Regular Sale
2744,1464,2025-01-24,False,False,2025,1,1,Regular Week,Regular Sale
2745,2467,2025-12-23,True,False,2025,12,4,Salary Week,Regular Sale
2746,1811,2025-06-13,False,True,2025,6,2,Regular Week,Festival Sale
2747,3167,2025-08-12,True,True,2025,8,3,Salary Week,Festival Sale
2748,1371,2025-11-18,True,True,2025,11,4,Salary Week,Festival Sale
2749,685,2025-05-14,False,True,2025,5,2,Regular Week,Festival Sale
2750,1139,2025-01-09,True,True,2025,1,1,Salary Week,Festival Sale
2751,2374,2025-01-19,False,False,2025,1,1,Regular Week,Regular Sale
2752,372,2025-02-21,False,False,2025,2,1,Regular Week,Regular Sale
2753,4640,2025-09-04,True,False,2025,9,3,Salary Week,Regular Sale
2754,2114,2025-07-23,False,True,2025,7,3,Regular Week,Festival Sale
2755,780,2025-01-13,False,False,2025,1,1,Regular Week,Regular Sale
2756,933,2025-06-04,True,True,2025,6,2,Salary Week,Festival Sale
2757,4353,2025-08-06,False,True,2025,8,3,Regular Week,Festival Sale
2758,2246,2025-07-25,True,False,2025,7,3,Salary Week,Regular Sale
2759,4401,2025-12-13,True,False,2025,12,4,Salary Week,Regular Sale
2760,1767,2025-03-26,False,True,2025,3,1,Regular Week,Festival Sale
2761,2789,2025-09-01,True,False,2025,9,3,Salary Week,Regular Sale
2762,1633,2025-04-03,True,False,2025,4,2,Salary Week,Regular Sale
2763,4745,2025-07-18,True,True,2025,7,3,Salary Week,Festival Sale
2764,1559,2025-03-04,False,False,2025,3,1,Regular Week,Regular Sale
2765,1971,2025-02-05,False,False,2025,2,1,Regular Week,Regular Sale
2766,209,2025-01-06,False,True,2025,1,1,Regular Week,Festival Sale
2767,1347,2025-06-28,False,False,2025,6,2,Regular Week,Regular Sale
2768,1456,2025-03-07,True,False,2025,3,1,Salary Week,Regular Sale
2769,570,2025-04-13,True,True,2025,4,2,Salary Week,Festival Sale
2770,2256,2025-12-06,True,False,2025,12,4,Salary Week,Regular Sale
2771,1050,2025-10-11,False,True,2025,10,4,Regular Week,Festival Sale
2772,4073,2025-11-05,True,True,2025,11,4,Salary Week,Festival Sale
2773,355,2025-07-14,False,False,2025,7,3,Regular Week,Regular Sale
2774,1536,2025-01-13,False,True,2025,1,1,Regular Week,Festival Sale
2775,3908,2025-10-18,True,True,2025,10,4,Salary Week,Festival Sale
2776,3755,2025-06-04,False,True,2025,6,2,Regular Week,Festival Sale
2777,185,2026-01-02,False,False,2026,1,1,Regular Week,Regular Sale
2778,952,2025-03-01,False,False,2025,3,1,Regular Week,Regular Sale
2779,1197,2025-06-14,True,False,2025,6,2,Salary Week,Regular Sale
2780,3987,2025-10-12,True,True,2025,10,4,Salary Week,Festival Sale
2781,3345,2025-06-07,False,True,2025,6,2,Regular Week,Festival Sale
2782,1425,2025-11-11,False,True,2025,11,4,Regular Week,Festival Sale
2783,3855,2025-03-15,False,True,2025,3,1,Regular Week,Festival Sale
2784,1903,2025-04-08,False,False,2025,4,2,Regular Week,Regular Sale
2785,596,2025-08-10,True,False,2025,8,3,Salary Week,Regular Sale
2786,4905,2025-10-29,False,False,2025,10,4,Regular Week,Regular Sale
2787,4547,2025-08-17,True,False,2025,8,3,Salary Week,Regular Sale
2788,486,2025-02-08,False,True,2025,2,1,Regular Week,Festival Sale
2789,2993,2025-02-06,False,True,2025,2,1,Regular Week,Festival Sale
2790,273,2025-03-18,True,False,2025,3,1,Salary Week,Regular Sale
2791,3844,2025-01-09,False,False,2025,1,1,Regular Week,Regular Sale
2792,4557,2025-07-16,False,True,2025,7,3,Regular Week,Festival Sale
2793,3223,2025-03-08,False,False,2025,3,1,Regular Week,Regular Sale
2794,4723,2025-12-25,True,False,2025,12,4,Salary Week,Regular Sale
2795,2953,2025-09-16,False,True,2025,9,3,Regular Week,Festival Sale
2796,45,2025-12-18,True,False,2025,12,4,Salary Week,Regular Sale
2797,1208,2025-12-16,False,True,2025,12,4,Regular Week,Festival Sale
2798,2309,2025-05-15,True,True,2025,5,2,Salary Week,Festival Sale
2799,4057,2025-05-17,False,True,2025,5,2,Regular Week,Festival Sale
2800,178,2025-03-19,True,False,2025,3,1,Salary Week,Regular Sale
2801,985,2025-01-27,True,False,2025,1,1,Salary Week,Regular Sale
2802,1044,2025-04-14,True,False,2025,4,2,Salary Week,Regular Sale
2803,4795,2025-02-10,True,True,2025,2,1,Salary Week,Festival Sale
2804,80,2025-06-27,True,False,2025,6,2,Salary Week,Regular Sale
2805,2264,2025-06-10,True,True,2025,6,2,Salary Week,Festival Sale
2806,3528,2025-11-02,True,False,2025,11,4,Salary Week,Regular Sale
2807,3785,2025-02-11,False,True,2025,2,1,Regular Week,Festival Sale
2808,269,2025-12-31,False,False,2025,12,4,Regular Week,Regular Sale
2809,4245,2025-02-25,True,True,2025,2,1,Salary Week,Festival Sale
2810,4406,2025-05-30,False,False,2025,5,2,Regular Week,Regular Sale
2811,3525,2025-11-01,True,True,2025,11,4,Salary Week,Festival Sale
2812,974,2025-10-14,False,False,2025,10,4,Regular Week,Regular Sale
2813,805,2025-10-31,False,False,2025,10,4,Regular Week,Regular Sale
2814,2586,2025-03-26,False,False,2025,3,1,Regular Week,Regular Sale
2815,3621,2025-03-03,True,True,2025,3,1,Salary Week,Festival Sale
2816,2009,2025-01-06,True,False,2025,1,1,Salary Week,Regular Sale
2817,511,2025-07-29,False,True,2025,7,3,Regular Week,Festival Sale
2818,4240,2025-02-20,True,False,2025,2,1,Salary Week,Regular Sale
2819,306,2025-10-26,False,True,2025,10,4,Regular Week,Festival Sale
2820,817,2025-07-14,False,False,2025,7,3,Regular Week,Regular Sale
2821,3375,2025-10-14,False,False,2025,10,4,Regular Week,Regular Sale
2822,4920,2025-04-26,False,True,2025,4,2,Regular Week,Festival Sale
2823,3348,2025-09-05,True,False,2025,9,3,Salary Week,Regular Sale
2824,4480,2025-08-26,False,True,2025,8,3,Regular Week,Festival Sale
2825,747,2025-12-22,True,False,2025,12,4,Salary Week,Regular Sale
2826,2553,2025-05-04,False,True,2025,5,2,Regular Week,Festival Sale
2827,415,2025-06-28,False,True,2025,6,2,Regular Week,Festival Sale
2828,2004,2025-11-18,True,False,2025,11,4,Salary Week,Regular Sale
2829,1987,2025-11-01,False,False,2025,11,4,Regular Week,Regular Sale
2830,289,2025-02-03,False,False,2025,2,1,Regular Week,Regular Sale
2831,4606,2025-11-24,False,False,2025,11,4,Regular Week,Regular Sale
2832,359,2025-10-24,False,False,2025,10,4,Regular Week,Regular Sale
2833,3182,2025-04-19,True,True,2025,4,2,Salary Week,Festival Sale
2834,4871,2025-08-21,False,True,2025,8,3,Regular Week,Festival Sale
2835,4575,2025-10-08,False,True,2025,10,4,Regular Week,Festival Sale
2836,2118,2025-07-01,False,True,2025,7,3,Regular Week,Festival Sale
2837,2477,2025-01-11,False,True,2025,1,1,Regular Week,Festival Sale
2838,516,2025-09-24,False,False,2025,9,3,Regular Week,Regular Sale
2839,3982,2025-09-27,True,False,2025,9,3,Salary Week,Regular Sale
2840,3166,2025-04-10,False,False,2025,4,2,Regular Week,Regular Sale
2841,1260,2025-09-29,True,True,2025,9,3,Salary Week,Festival Sale
2842,4046,2025-11-14,False,True,2025,11,4,Regular Week,Festival Sale
2843,3456,2025-09-01,False,False,2025,9,3,Regular Week,Regular Sale
2844,1178,2025-10-17,False,True,2025,10,4,Regular Week,Festival Sale
2845,3728,2025-02-10,False,False,2025,2,1,Regular Week,Regular Sale
2846,4745,2025-01-11,False,False,2025,1,1,Regular Week,Regular Sale
2847,2841,2025-11-26,False,True,2025,11,4,Regular Week,Festival Sale
2848,3639,2025-11-28,True,True,2025,11,4,Salary Week,Festival Sale
2849,1920,2025-06-20,False,True,2025,6,2,Regular Week,Festival Sale
2850,920,2025-12-01,True,False,2025,12,4,Salary Week,Regular Sale
2851,858,2025-02-08,False,False,2025,2,1,Regular Week,Regular Sale
2852,2994,2025-05-21,False,True,2025,5,2,Regular Week,Festival Sale
2853,2086,2025-08-11,True,False,2025,8,3,Salary Week,Regular Sale
2854,4153,2025-10-18,False,False,2025,10,4,Regular Week,Regular Sale
2855,3615,2025-02-23,True,True,2025,2,1,Salary Week,Festival Sale
2856,4686,2025-07-09,True,False,2025,7,3,Salary Week,Regular Sale
2857,721,2025-12-10,False,True,2025,12,4,Regular Week,Festival Sale
2858,3013,2025-07-10,False,True,2025,7,3,Regular Week,Festival Sale
2859,875,2025-03-11,True,True,2025,3,1,Salary Week,Festival Sale
2860,2466,2025-12-20,False,False,2025,12,4,Regular Week,Regular Sale
2861,685,2025-08-06,True,False,2025,8,3,Salary Week,Regular Sale
2862,3979,2025-08-28,True,True,2025,8,3,Salary Week,Festival Sale
2863,1173,2025-08-24,False,False,2025,8,3,Regular Week,Regular Sale
2864,2757,2025-10-10,False,False,2025,10,4,Regular Week,Regular Sale
2865,4850,2025-08-10,True,True,2025,8,3,Salary Week,Festival Sale
2866,3305,2025-07-31,False,True,2025,7,3,Regular Week,Festival Sale
2867,3051,2025-04-24,True,True,2025,4,2,Salary Week,Festival Sale
2868,2165,2025-05-19,True,False,2025,5,2,Salary Week,Regular Sale
2869,1801,2025-09-21,False,False,2025,9,3,Regular Week,Regular Sale
2870,635,2025-08-17,False,False,2025,8,3,Regular Week,Regular Sale
2871,4277,2025-05-26,True,False,2025,5,2,Salary Week,Regular Sale
2872,401,2025-03-19,False,True,2025,3,1,Regular Week,Festival Sale
2873,3892,2025-05-04,True,True,2025,5,2,Salary Week,Festival Sale
2874,2781,2025-03-09,True,False,2025,3,1,Salary Week,Regular Sale
2875,163,2025-09-09,True,True,2025,9,3,Salary Week,Festival Sale
2876,4701,2025-01-10,True,True,2025,1,1,Salary Week,Festival Sale
2877,2678,2025-11-28,False,False,2025,11,4,Regular Week,Regular Sale
2878,3545,2025-09-22,True,False,2025,9,3,Salary Week,Regular Sale
2879,158,2025-12-13,False,False,2025,12,4,Regular Week,Regular Sale
2880,4840,2025-12-09,False,False,2025,12,4,Regular Week,Regular Sale
2881,767,2025-04-13,False,True,2025,4,2,Regular Week,Festival Sale
2882,2455,2025-08-22,False,True,2025,8,3,Regular Week,Festival Sale
2883,3364,2025-06-03,False,True,2025,6,2,Regular Week,Festival Sale
2884,439,2026-01-01,True,True,2026,1,1,Salary Week,Festival Sale
2885,819,2025-01-20,False,False,2025,1,1,Regular Week,Regular Sale
2886,2665,2025-09-13,False,False,2025,9,3,Regular Week,Regular Sale
2887,342,2025-05-24,False,True,2025,5,2,Regular Week,Festival Sale
2888,2417,2025-02-10,True,True,2025,2,1,Salary Week,Festival Sale
2889,773,2025-01-08,False,False,2025,1,1,Regular Week,Regular Sale
2890,3508,2025-11-08,True,True,2025,11,4,Salary Week,Festival Sale
2891,3162,2025-07-02,True,True,2025,7,3,Salary Week,Festival Sale
2892,3116,2025-08-08,True,True,2025,8,3,Salary Week,Festival Sale
2893,2774,2025-07-29,True,False,2025,7,3,Salary Week,Regular Sale
2894,643,2025-12-13,False,True,2025,12,4,Regular Week,Festival Sale
2895,4257,2025-04-09,True,True,2025,4,2,Salary Week,Festival Sale
2896,3778,2025-10-28,True,True,2025,10,4,Salary Week,Festival Sale
2897,1276,2025-10-12,True,True,2025,10,4,Salary Week,Festival Sale
2898,846,2025-07-10,True,True,2025,7,3,Salary Week,Festival Sale
2899,671,2025-11-01,False,True,2025,11,4,Regular Week,Festival Sale
2900,2646,2025-12-29,False,False,2025,12,4,Regular Week,Regular Sale
2901,2858,2025-04-29,True,False,2025,4,2,Salary Week,Regular Sale
2902,2625,2025-11-17,True,False,2025,11,4,Salary Week,Regular Sale
2903,2636,2025-08-05,False,False,2025,8,3,Regular Week,Regular Sale
2904,4045,2025-02-09,True,False,2025,2,1,Salary Week,Regular Sale
2905,3604,2025-11-04,True,True,2025,11,4,Salary Week,Festival Sale
2906,804,2025-09-24,False,True,2025,9,3,Regular Week,Festival Sale
2907,1566,2025-08-08,False,False,2025,8,3,Regular Week,Regular Sale
2908,1734,2025-10-24,False,False,2025,10,4,Regular Week,Regular Sale
2909,661,2025-09-24,True,True,2025,9,3,Salary Week,Festival Sale
2910,3447,2025-12-10,True,True,2025,12,4,Salary Week,Festival Sale
2911,3379,2025-11-04,False,True,2025,11,4,Regular Week,Festival Sale
2912,2707,2025-01-28,False,False,2025,1,1,Regular Week,Regular Sale
2913,1016,2025-06-13,True,False,2025,6,2,Salary Week,Regular Sale
2914,355,2025-06-13,False,False,2025,6,2,Regular Week,Regular Sale
2915,3192,2026-01-02,True,False,2026,1,1,Salary Week,Regular Sale
2916,1042,2025-03-07,False,True,2025,3,1,Regular Week,Festival Sale
2917,2829,2025-05-13,True,False,2025,5,2,Salary Week,Regular Sale
2918,2118,2025-04-12,True,True,2025,4,2,Salary Week,Festival Sale
2919,922,2025-05-12,False,False,2025,5,2,Regular Week,Regular Sale
2920,4193,2025-10-31,False,True,2025,10,4,Regular Week,Festival Sale
2921,2624,2025-02-25,False,True,2025,2,1,Regular Week,Festival Sale
2922,4468,2025-12-27,False,True,2025,12,4,Regular Week,Festival Sale
2923,2785,2025-06-15,True,True,2025,6,2,Salary Week,Festival Sale
2924,4774,2025-07-22,True,False,2025,7,3,Salary Week,Regular Sale
2925,2559,2025-02-24,True,False,2025,2,1,Salary Week,Regular Sale
2926,1247,2025-01-07,False,True,2025,1,1,Regular Week,Festival Sale
2927,3784,2025-06-03,True,False,2025,6,2,Salary Week,Regular Sale
2928,4975,2025-12-03,False,True,2025,12,4,Regular Week,Festival Sale
2929,726,2025-06-21,True,False,2025,6,2,Salary Week,Regular Sale
2930,2957,2025-07-30,False,False,2025,7,3,Regular Week,Regular Sale
2931,1278,2025-12-16,False,False,2025,12,4,Regular Week,Regular Sale
2932,2375,2025-03-30,False,True,2025,3,1,Regular Week,Festival Sale
2933,4658,2025-09-14,False,True,2025,9,3,Regular Week,Festival Sale
2934,1653,2025-12-26,True,False,2025,12,4,Salary Week,Regular Sale
2935,4760,2025-08-14,False,True,2025,8,3,Regular Week,Festival Sale
2936,569,2025-12-21,True,True,2025,12,4,Salary Week,Festival Sale
2937,4595,2025-03-17,False,False,2025,3,1,Regular Week,Regular Sale
2938,3006,2025-06-29,False,False,2025,6,2,Regular Week,Regular Sale
2939,950,2025-10-12,True,True,2025,10,4,Salary Week,Festival Sale
2940,801,2025-05-03,False,False,2025,5,2,Regular Week,Regular Sale
2941,4937,2025-03-16,True,True,2025,3,1,Salary Week,Festival Sale
2942,908,2025-03-21,False,False,2025,3,1,Regular Week,Regular Sale
2943,4888,2026-01-05,True,True,2026,1,1,Salary Week,Festival Sale
2944,4721,2025-03-13,True,True,2025,3,1,Salary Week,Festival Sale
2945,2602,2025-10-26,True,False,2025,10,4,Salary Week,Regular Sale
2946,4406,2025-10-27,True,True,2025,10,4,Salary Week,Festival Sale
2947,2706,2025-04-21,True,True,2025,4,2,Salary Week,Festival Sale
2948,3063,2025-05-29,True,True,2025,5,2,Salary Week,Festival Sale
2949,3189,2025-03-17,False,False,2025,3,1,Regular Week,Regular Sale
2950,3203,2025-08-09,True,True,2025,8,3,Salary Week,Festival Sale
2951,250,2025-04-22,False,True,2025,4,2,Regular Week,Festival Sale
2952,3800,2025-12-01,True,False,2025,12,4,Salary Week,Regular Sale
2953,3334,2025-08-02,True,True,2025,8,3,Salary Week,Festival Sale
2954,2178,2025-10-20,False,False,2025,10,4,Regular Week,Regular Sale
2955,2513,2025-02-17,False,True,2025,2,1,Regular Week,Festival Sale
2956,2358,2025-11-18,True,False,2025,11,4,Salary Week,Regular Sale
2957,2598,2025-05-22,False,False,2025,5,2,Regular Week,Regular Sale
2958,2066,2025-12-03,True,True,2025,12,4,Salary Week,Festival Sale
2959,2222,2025-06-06,True,False,2025,6,2,Salary Week,Regular Sale
2960,2560,2025-09-18,True,False,2025,9,3,Salary Week,Regular Sale
2961,2971,2025-10-09,True,True,2025,10,4,Salary Week,Festival Sale
2962,370,2025-10-23,True,True,2025,10,4,Salary Week,Festival Sale
2963,3980,2025-12-05,True,True,2025,12,4,Salary Week,Festival Sale
2964,210,2025-07-22,False,True,2025,7,3,Regular Week,Festival Sale
2965,1137,2025-08-04,True,False,2025,8,3,Salary Week,Regular Sale
2966,2132,2025-01-29,True,False,2025,1,1,Salary Week,Regular Sale
2967,432,2025-06-11,True,False,2025,6,2,Salary Week,Regular Sale
2968,4408,2025-01-16,False,True,2025,1,1,Regular Week,Festival Sale
2969,2593,2025-01-20,True,True,2025,1,1,Salary Week,Festival Sale
2970,3247,2025-08-31,True,False,2025,8,3,Salary Week,Regular Sale
2971,4919,2025-03-14,False,True,2025,3,1,Regular Week,Festival Sale
2972,1729,2025-10-22,False,False,2025,10,4,Regular Week,Regular Sale
2973,4780,2025-11-03,True,True,2025,11,4,Salary Week,Festival Sale
2974,1066,2025-07-18,False,False,2025,7,3,Regular Week,Regular Sale
2975,3350,2025-08-07,False,True,2025,8,3,Regular Week,Festival Sale
2976,2805,2025-05-02,False,False,2025,5,2,Regular Week,Regular Sale
2977,1830,2025-10-09,False,True,2025,10,4,Regular Week,Festival Sale
2978,4742,2025-01-30,True,True,2025,1,1,Salary Week,Festival Sale
2979,3011,2025-10-17,False,False,2025,10,4,Regular Week,Regular Sale
2980,2012,2025-08-29,False,True,2025,8,3,Regular Week,Festival Sale
2981,1374,2025-07-22,True,False,2025,7,3,Salary Week,Regular Sale
2982,3387,2025-08-12,False,True,2025,8,3,Regular Week,Festival Sale
2983,946,2025-03-16,True,False,2025,3,1,Salary Week,Regular Sale
2984,4182,2025-12-11,True,False,2025,12,4,Salary Week,Regular Sale
2985,966,2025-12-15,True,True,2025,12,4,Salary Week,Festival Sale
2986,991,2025-09-24,False,True,2025,9,3,Regular Week,Festival Sale
2987,3736,2025-05-12,True,False,2025,5,2,Salary Week,Regular Sale
2988,3345,2025-11-20,True,True,2025,11,4,Salary Week,Festival Sale
2989,1301,2025-03-29,False,True,2025,3,1,Regular Week,Festival Sale
2990,1945,2025-12-16,False,False,2025,12,4,Regular Week,Regular Sale
2991,2779,2025-07-19,False,True,2025,7,3,Regular Week,Festival Sale
2992,4015,2025-09-08,False,False,2025,9,3,Regular Week,Regular Sale
2993,3095,2025-09-18,False,True,2025,9,3,Regular Week,Festival Sale
2994,3097,2025-08-29,False,False,2025,8,3,Regular Week,Regular Sale
2995,1051,2025-04-25,False,True,2025,4,2,Regular Week,Festival Sale
2996,3818,2025-04-16,True,False,2025,4,2,Salary Week,Regular Sale
2997,1851,2025-11-18,True,True,2025,11,4,Salary Week,Festival Sale
2998,4175,2025-01-18,False,True,2025,1,1,Regular Week,Festival Sale
2999,1110,2025-12-11,False,True,2025,12,4,Regular Week,Festival Sale
3000,2219,2025-09-18,False,False,2025,9,3,Regular Week,Regular Sale
3001,436,2025-11-08,True,False,2025,11,4,Salary Week,Regular Sale
3002,1223,2025-09-08,False,True,2025,9,3,Regular Week,Festival Sale
3003,359,2025-04-15,False,False,2025,4,2,Regular Week,Regular Sale
3004,2926,2025-09-05,True,False,2025,9,3,Salary Week,Regular Sale
3005,27,2025-06-16,True,True,2025,6,2,Salary Week,Festival Sale
3006,1977,2025-12-16,False,True,2025,12,4,Regular Week,Festival Sale
3007,1247,2025-01-08,False,False,2025,1,1,Regular Week,Regular Sale
3008,4716,2025-07-18,True,False,2025,7,3,Salary Week,Regular Sale
3009,4940,2025-11-01,False,True,2025,11,4,Regular Week,Festival Sale
3010,1479,2025-05-23,False,True,2025,5,2,Regular Week,Festival Sale
3011,3311,2025-02-16,False,True,2025,2,1,Regular Week,Festival Sale
3012,704,2025-02-20,False,False,2025,2,1,Regular Week,Regular Sale
3013,1397,2025-04-21,False,False,2025,4,2,Regular Week,Regular Sale
3014,3878,2025-04-09,True,False,2025,4,2,Salary Week,Regular Sale
3015,468,2025-09-19,True,False,2025,9,3,Salary Week,Regular Sale
3016,2077,2025-10-22,False,False,2025,10,4,Regular Week,Regular Sale
3017,4386,2025-07-02,False,False,2025,7,3,Regular Week,Regular Sale
3018,537,2025-11-07,True,False,2025,11,4,Salary Week,Regular Sale
3019,122,2025-01-08,False,False,2025,1,1,Regular Week,Regular Sale
3020,1379,2025-05-19,True,True,2025,5,2,Salary Week,Festival Sale
3021,3749,2025-11-09,True,True,2025,11,4,Salary Week,Festival Sale
3022,4355,2025-03-21,True,True,2025,3,1,Salary Week,Festival Sale
3023,4898,2025-11-18,True,True,2025,11,4,Salary Week,Festival Sale
3024,4592,2025-05-04,True,True,2025,5,2,Salary Week,Festival Sale
3025,116,2025-09-28,True,False,2025,9,3,Salary Week,Regular Sale
3026,1238,2025-09-23,True,False,2025,9,3,Salary Week,Regular Sale
3027,3092,2025-01-06,False,False,2025,1,1,Regular Week,Regular Sale
3028,3554,2025-11-14,False,True,2025,11,4,Regular Week,Festival Sale
3029,4327,2025-04-07,True,False,2025,4,2,Salary Week,Regular Sale
3030,3169,2025-12-09,True,False,2025,12,4,Salary Week,Regular Sale
3031,3831,2025-12-03,False,False,2025,12,4,Regular Week,Regular Sale
3032,994,2025-06-05,True,False,2025,6,2,Salary Week,Regular Sale
3033,4538,2025-11-12,True,True,2025,11,4,Salary Week,Festival Sale
3034,2859,2025-12-08,True,True,2025,12,4,Salary Week,Festival Sale
3035,1011,2025-08-23,True,False,2025,8,3,Salary Week,Regular Sale
3036,4717,2025-03-26,True,False,2025,3,1,Salary Week,Regular Sale
3037,2488,2025-07-14,True,False,2025,7,3,Salary Week,Regular Sale
3038,225,2025-08-25,False,False,2025,8,3,Regular Week,Regular Sale
3039,150,2025-09-19,False,False,2025,9,3,Regular Week,Regular Sale
3040,80,2025-04-14,True,False,2025,4,2,Salary Week,Regular Sale
3041,4121,2025-02-23,False,False,2025,2,1,Regular Week,Regular Sale
3042,3789,2025-03-17,False,False,2025,3,1,Regular Week,Regular Sale
3043,4875,2025-08-06,True,False,2025,8,3,Salary Week,Regular Sale
3044,1680,2025-12-27,True,True,2025,12,4,Salary Week,Festival Sale
3045,373,2025-01-23,True,False,2025,1,1,Salary Week,Regular Sale
3046,1563,2025-06-30,False,False,2025,6,2,Regular Week,Regular Sale
3047,4654,2025-06-24,False,True,2025,6,2,Regular Week,Festival Sale
3048,4264,2025-05-17,True,False,2025,5,2,Salary Week,Regular Sale
3049,3872,2025-10-18,False,False,2025,10,4,Regular Week,Regular Sale
3050,1262,2025-01-11,True,False,2025,1,1,Salary Week,Regular Sale
3051,4074,2025-10-23,False,False,2025,10,4,Regular Week,Regular Sale
3052,2752,2025-11-20,False,False,2025,11,4,Regular Week,Regular Sale
3053,2552,2025-05-14,False,True,2025,5,2,Regular Week,Festival Sale
3054,4926,2025-08-25,True,False,2025,8,3,Salary Week,Regular Sale
3055,4140,2025-01-20,True,True,2025,1,1,Salary Week,Festival Sale
3056,1628,2025-05-11,False,True,2025,5,2,Regular Week,Festival Sale
3057,3039,2025-01-20,True,True,2025,1,1,Salary Week,Festival Sale
3058,361,2025-04-24,False,True,2025,4,2,Regular Week,Festival Sale
3059,4767,2025-08-19,True,True,2025,8,3,Salary Week,Festival Sale
3060,4965,2025-11-01,False,True,2025,11,4,Regular Week,Festival Sale
3061,3380,2025-07-08,True,True,2025,7,3,Salary Week,Festival Sale
3062,2337,2025-11-08,False,True,2025,11,4,Regular Week,Festival Sale
3063,2085,2025-09-08,False,False,2025,9,3,Regular Week,Regular Sale
3064,4447,2025-08-23,False,True,2025,8,3,Regular Week,Festival Sale
3065,2502,2025-03-15,True,True,2025,3,1,Salary Week,Festival Sale
3066,1707,2025-07-11,False,True,2025,7,3,Regular Week,Festival Sale
3067,4754,2025-05-28,True,True,2025,5,2,Salary Week,Festival Sale
3068,3853,2025-01-23,False,True,2025,1,1,Regular Week,Festival Sale
3069,2902,2025-03-12,False,False,2025,3,1,Regular Week,Regular Sale
3070,2391,2025-04-20,True,True,2025,4,2,Salary Week,Festival Sale
3071,318,2025-03-28,True,True,2025,3,1,Salary Week,Festival Sale
3072,4920,2025-07-14,True,True,2025,7,3,Salary Week,Festival Sale
3073,3689,2025-05-08,False,False,2025,5,2,Regular Week,Regular Sale
3074,3960,2025-05-12,False,False,2025,5,2,Regular Week,Regular Sale
3075,2480,2025-11-18,False,True,2025,11,4,Regular Week,Festival Sale
3076,719,2025-04-01,False,False,2025,4,2,Regular Week,Regular Sale
3077,280,2026-01-02,False,False,2026,1,1,Regular Week,Regular Sale
3078,4994,2025-05-03,False,True,2025,5,2,Regular Week,Festival Sale
3079,2387,2025-12-23,False,True,2025,12,4,Regular Week,Festival Sale
3080,4668,2025-08-19,True,False,2025,8,3,Salary Week,Regular Sale
3081,3627,2025-02-11,True,False,2025,2,1,Salary Week,Regular Sale
3082,993,2025-05-29,True,False,2025,5,2,Salary Week,Regular Sale
3083,522,2025-04-07,False,True,2025,4,2,Regular Week,Festival Sale
3084,2829,2025-04-03,True,False,2025,4,2,Salary Week,Regular Sale
3085,1539,2025-09-04,True,True,2025,9,3,Salary Week,Festival Sale
3086,3336,2025-10-26,True,False,2025,10,4,Salary Week,Regular Sale
3087,4354,2025-08-04,True,True,2025,8,3,Salary Week,Festival Sale
3088,1808,2025-08-09,False,False,2025,8,3,Regular Week,Regular Sale
3089,1199,2025-11-12,False,False,2025,11,4,Regular Week,Regular Sale
3090,1396,2025-11-23,False,False,2025,11,4,Regular Week,Regular Sale
3091,3572,2025-05-03,False,True,2025,5,2,Regular Week,Festival Sale
3092,3962,2025-11-02,False,True,2025,11,4,Regular Week,Festival Sale
3093,2418,2025-03-23,False,True,2025,3,1,Regular Week,Festival Sale
3094,2875,2025-01-11,False,False,2025,1,1,Regular Week,Regular Sale
3095,352,2025-04-16,False,True,2025,4,2,Regular Week,Festival Sale
3096,934,2025-08-13,False,True,2025,8,3,Regular Week,Festival Sale
3097,2585,2025-07-25,False,True,2025,7,3,Regular Week,Festival Sale
3098,4170,2025-03-07,False,True,2025,3,1,Regular Week,Festival Sale
3099,2291,2025-12-30,False,True,2025,12,4,Regular Week,Festival Sale
3100,1856,2025-11-20,False,False,2025,11,4,Regular Week,Regular Sale
3101,1740,2025-06-09,False,True,2025,6,2,Regular Week,Festival Sale
3102,1057,2026-01-05,False,False,2026,1,1,Regular Week,Regular Sale
3103,4450,2025-04-18,True,False,2025,4,2,Salary Week,Regular Sale
3104,577,2025-04-26,False,False,2025,4,2,Regular Week,Regular Sale
3105,1342,2025-08-29,True,True,2025,8,3,Salary Week,Festival Sale
3106,2460,2025-07-07,False,True,2025,7,3,Regular Week,Festival Sale
3107,691,2025-05-19,False,True,2025,5,2,Regular Week,Festival Sale
3108,1071,2025-12-18,True,False,2025,12,4,Salary Week,Regular Sale
3109,4528,2025-10-24,False,True,2025,10,4,Regular Week,Festival Sale
3110,4856,2025-06-12,True,False,2025,6,2,Salary Week,Regular Sale
3111,579,2025-09-13,False,True,2025,9,3,Regular Week,Festival Sale
3112,3718,2025-05-20,True,True,2025,5,2,Salary Week,Festival Sale
3113,37,2025-10-02,False,False,2025,10,4,Regular Week,Regular Sale
3114,3477,2025-12-19,False,False,2025,12,4,Regular Week,Regular Sale
3115,4722,2025-06-17,False,True,2025,6,2,Regular Week,Festival Sale
3116,3102,2025-05-09,True,True,2025,5,2,Salary Week,Festival Sale
3117,1948,2025-05-02,False,False,2025,5,2,Regular Week,Regular Sale
3118,4206,2025-06-30,True,False,2025,6,2,Salary Week,Regular Sale
3119,1232,2025-11-02,False,False,2025,11,4,Regular Week,Regular Sale
3120,3766,2025-07-12,True,False,2025,7,3,Salary Week,Regular Sale
3121,2410,2025-06-10,True,True,2025,6,2,Salary Week,Festival Sale
3122,2894,2025-12-30,True,False,2025,12,4,Salary Week,Regular Sale
3123,2498,2025-08-30,False,False,2025,8,3,Regular Week,Regular Sale
3124,2476,2025-02-25,False,True,2025,2,1,Regular Week,Festival Sale
3125,3904,2025-08-25,True,False,2025,8,3,Salary Week,Regular Sale
3126,3068,2025-11-01,False,False,2025,11,4,Regular Week,Regular Sale
3127,1516,2025-06-26,False,False,2025,6,2,Regular Week,Regular Sale
3128,4009,2025-01-18,True,True,2025,1,1,Salary Week,Festival Sale
3129,1288,2025-04-01,False,True,2025,4,2,Regular Week,Festival Sale
3130,4674,2025-08-20,True,True,2025,8,3,Salary Week,Festival Sale
3131,3013,2025-09-15,True,False,2025,9,3,Salary Week,Regular Sale
3132,3511,2025-02-03,True,True,2025,2,1,Salary Week,Festival Sale
3133,683,2025-03-23,False,False,2025,3,1,Regular Week,Regular Sale
3134,2299,2025-11-09,True,False,2025,11,4,Salary Week,Regular Sale
3135,248,2025-07-17,False,False,2025,7,3,Regular Week,Regular Sale
3136,1637,2025-12-30,False,False,2025,12,4,Regular Week,Regular Sale
3137,2200,2025-08-14,True,True,2025,8,3,Salary Week,Festival Sale
3138,3348,2025-04-01,True,False,2025,4,2,Salary Week,Regular Sale
3139,1058,2025-04-06,True,False,2025,4,2,Salary Week,Regular Sale
3140,2981,2025-05-03,True,False,2025,5,2,Salary Week,Regular Sale
3141,1436,2025-06-09,False,True,2025,6,2,Regular Week,Festival Sale
3142,900,2025-05-22,True,True,2025,5,2,Salary Week,Festival Sale
3143,1809,2025-11-02,True,False,2025,11,4,Salary Week,Regular Sale
3144,4296,2025-12-22,False,True,2025,12,4,Regular Week,Festival Sale
3145,4884,2025-04-19,False,False,2025,4,2,Regular Week,Regular Sale
3146,3822,2025-06-09,True,False,2025,6,2,Salary Week,Regular Sale
3147,4477,2025-04-03,True,True,2025,4,2,Salary Week,Festival Sale
3148,3691,2025-07-11,False,False,2025,7,3,Regular Week,Regular Sale
3149,1243,2025-06-28,False,False,2025,6,2,Regular Week,Regular Sale
3150,654,2025-04-18,True,True,2025,4,2,Salary Week,Festival Sale
3151,2674,2025-08-17,False,False,2025,8,3,Regular Week,Regular Sale
3152,3228,2025-05-09,True,True,2025,5,2,Salary Week,Festival Sale
3153,1832,2025-03-18,False,True,2025,3,1,Regular Week,Festival Sale
3154,3605,2025-04-15,True,False,2025,4,2,Salary Week,Regular Sale
3155,1367,2025-04-21,True,False,2025,4,2,Salary Week,Regular Sale
3156,257,2025-03-18,False,False,2025,3,1,Regular Week,Regular Sale
3157,988,2025-05-31,False,False,2025,5,2,Regular Week,Regular Sale
3158,1311,2025-05-08,True,True,2025,5,2,Salary Week,Festival Sale
3159,4571,2025-03-24,False,False,2025,3,1,Regular Week,Regular Sale
3160,2948,2025-12-27,False,False,2025,12,4,Regular Week,Regular Sale
3161,296,2025-03-18,False,True,2025,3,1,Regular Week,Festival Sale
3162,1905,2025-01-22,False,True,2025,1,1,Regular Week,Festival Sale
3163,1777,2025-08-21,False,False,2025,8,3,Regular Week,Regular Sale
3164,1677,2025-12-05,True,False,2025,12,4,Salary Week,Regular Sale
3165,1886,2025-11-02,True,False,2025,11,4,Salary Week,Regular Sale
3166,2152,2025-06-29,False,True,2025,6,2,Regular Week,Festival Sale
3167,4228,2025-12-29,False,False,2025,12,4,Regular Week,Regular Sale
3168,2387,2025-12-10,True,True,2025,12,4,Salary Week,Festival Sale
3169,1662,2025-09-18,True,False,2025,9,3,Salary Week,Regular Sale
3170,3615,2025-05-22,True,False,2025,5,2,Salary Week,Regular Sale
3171,2759,2025-09-13,True,False,2025,9,3,Salary Week,Regular Sale
3172,673,2026-01-05,False,True,2026,1,1,Regular Week,Festival Sale
3173,641,2025-08-23,True,False,2025,8,3,Salary Week,Regular Sale
3174,1425,2025-08-29,False,True,2025,8,3,Regular Week,Festival Sale
3175,1890,2025-08-22,False,True,2025,8,3,Regular Week,Festival Sale
3176,4580,2025-06-30,True,False,2025,6,2,Salary Week,Regular Sale
3177,3900,2025-10-19,False,True,2025,10,4,Regular Week,Festival Sale
3178,163,2025-02-20,False,False,2025,2,1,Regular Week,Regular Sale
3179,1936,2025-04-14,True,False,2025,4,2,Salary Week,Regular Sale
3180,335,2025-03-10,False,False,2025,3,1,Regular Week,Regular Sale
3181,637,2025-10-22,False,True,2025,10,4,Regular Week,Festival Sale
3182,2636,2025-03-31,False,False,2025,3,1,Regular Week,Regular Sale
3183,2250,2025-02-23,False,True,2025,2,1,Regular Week,Festival Sale
3184,2168,2025-03-08,True,False,2025,3,1,Salary Week,Regular Sale
3185,2179,2025-03-26,False,True,2025,3,1,Regular Week,Festival Sale
3186,1688,2025-12-22,False,False,2025,12,4,Regular Week,Regular Sale
3187,4137,2025-11-24,False,True,2025,11,4,Regular Week,Festival Sale
3188,4748,2025-05-26,True,False,2025,5,2,Salary Week,Regular Sale
3189,3266,2025-02-03,True,True,2025,2,1,Salary Week,Festival Sale
3190,1433,2025-06-09,False,False,2025,6,2,Regular Week,Regular Sale
3191,1445,2025-06-27,True,False,2025,6,2,Salary Week,Regular Sale
3192,918,2025-10-22,True,False,2025,10,4,Salary Week,Regular Sale
3193,938,2025-08-29,True,False,2025,8,3,Salary Week,Regular Sale
3194,2114,2025-11-03,True,False,2025,11,4,Salary Week,Regular Sale
3195,2152,2025-03-01,True,False,2025,3,1,Salary Week,Regular Sale
3196,4461,2025-11-08,False,True,2025,11,4,Regular Week,Festival Sale
3197,3815,2025-02-04,True,True,2025,2,1,Salary Week,Festival Sale
3198,4985,2025-12-28,False,False,2025,12,4,Regular Week,Regular Sale
3199,4124,2025-11-29,False,True,2025,11,4,Regular Week,Festival Sale
3200,4018,2025-11-10,False,False,2025,11,4,Regular Week,Regular Sale
3201,1548,2025-05-08,False,False,2025,5,2,Regular Week,Regular Sale
3202,3477,2025-08-08,True,True,2025,8,3,Salary Week,Festival Sale
3203,2701,2025-01-26,True,False,2025,1,1,Salary Week,Regular Sale
3204,4477,2025-06-06,False,False,2025,6,2,Regular Week,Regular Sale
3205,229,2025-08-17,False,True,2025,8,3,Regular Week,Festival Sale
3206,1637,2025-03-07,False,False,2025,3,1,Regular Week,Regular Sale
3207,4512,2025-06-21,False,False,2025,6,2,Regular Week,Regular Sale
3208,3173,2025-01-13,True,True,2025,1,1,Salary Week,Festival Sale
3209,1461,2025-10-28,True,False,2025,10,4,Salary Week,Regular Sale
3210,1654,2025-06-17,False,False,2025,6,2,Regular Week,Regular Sale
3211,3723,2025-11-06,True,True,2025,11,4,Salary Week,Festival Sale
3212,4815,2025-10-26,False,True,2025,10,4,Regular Week,Festival Sale
3213,617,2025-07-06,True,False,2025,7,3,Salary Week,Regular Sale
3214,2239,2025-03-24,True,False,2025,3,1,Salary Week,Regular Sale
3215,725,2025-07-06,True,True,2025,7,3,Salary Week,Festival Sale
3216,3617,2025-10-23,True,False,2025,10,4,Salary Week,Regular Sale
3217,2682,2025-04-28,True,False,2025,4,2,Salary Week,Regular Sale
3218,1914,2025-10-30,True,True,2025,10,4,Salary Week,Festival Sale
3219,702,2025-07-30,False,True,2025,7,3,Regular Week,Festival Sale
3220,4755,2025-08-11,False,False,2025,8,3,Regular Week,Regular Sale
3221,4402,2025-04-03,True,False,2025,4,2,Salary Week,Regular Sale
3222,4768,2025-10-05,True,False,2025,10,4,Salary Week,Regular Sale
3223,1875,2025-04-06,True,False,2025,4,2,Salary Week,Regular Sale
3224,3762,2025-03-15,False,True,2025,3,1,Regular Week,Festival Sale
3225,376,2025-11-11,False,False,2025,11,4,Regular Week,Regular Sale
3226,3787,2025-06-23,False,True,2025,6,2,Regular Week,Festival Sale
3227,3945,2025-11-01,True,False,2025,11,4,Salary Week,Regular Sale
3228,3844,2025-09-29,True,False,2025,9,3,Salary Week,Regular Sale
3229,2433,2025-05-12,True,True,2025,5,2,Salary Week,Festival Sale
3230,2827,2025-11-13,False,True,2025,11,4,Regular Week,Festival Sale
3231,2986,2025-01-21,False,True,2025,1,1,Regular Week,Festival Sale
3232,3691,2025-03-04,False,False,2025,3,1,Regular Week,Regular Sale
3233,1344,2025-09-10,False,True,2025,9,3,Regular Week,Festival Sale
3234,1758,2025-08-24,True,True,2025,8,3,Salary Week,Festival Sale
3235,1337,2025-11-06,True,False,2025,11,4,Salary Week,Regular Sale
3236,1991,2025-05-21,False,True,2025,5,2,Regular Week,Festival Sale
3237,4181,2025-04-18,True,False,2025,4,2,Salary Week,Regular Sale
3238,1421,2025-08-27,True,False,2025,8,3,Salary Week,Regular Sale
3239,252,2025-09-18,False,False,2025,9,3,Regular Week,Regular Sale
3240,2029,2026-01-01,False,True,2026,1,1,Regular Week,Festival Sale
3241,1752,2025-08-17,False,True,2025,8,3,Regular Week,Festival Sale
3242,3467,2025-04-01,False,True,2025,4,2,Regular Week,Festival Sale
3243,2705,2025-03-28,False,True,2025,3,1,Regular Week,Festival Sale
3244,2827,2025-08-18,True,True,2025,8,3,Salary Week,Festival Sale
3245,1834,2025-04-29,True,True,2025,4,2,Salary Week,Festival Sale
3246,3039,2025-10-10,True,True,2025,10,4,Salary Week,Festival Sale
3247,2678,2025-06-16,False,True,2025,6,2,Regular Week,Festival Sale
3248,1730,2025-09-23,False,False,2025,9,3,Regular Week,Regular Sale
3249,2827,2025-10-02,True,True,2025,10,4,Salary Week,Festival Sale
3250,3282,2025-07-27,False,False,2025,7,3,Regular Week,Regular Sale
3251,4887,2025-05-12,False,False,2025,5,2,Regular Week,Regular Sale
3252,1969,2025-12-24,False,True,2025,12,4,Regular Week,Festival Sale
3253,1399,2025-02-21,False,False,2025,2,1,Regular Week,Regular Sale
3254,4863,2025-05-03,True,False,2025,5,2,Salary Week,Regular Sale
3255,1949,2025-07-30,False,True,2025,7,3,Regular Week,Festival Sale
3256,4080,2025-09-29,True,False,2025,9,3,Salary Week,Regular Sale
3257,416,2025-11-08,True,True,2025,11,4,Salary Week,Festival Sale
3258,4225,2025-10-12,False,True,2025,10,4,Regular Week,Festival Sale
3259,3808,2025-03-02,True,False,2025,3,1,Salary Week,Regular Sale
3260,1763,2025-02-22,True,True,2025,2,1,Salary Week,Festival Sale
3261,68,2025-02-06,False,True,2025,2,1,Regular Week,Festival Sale
3262,1958,2025-03-26,False,True,2025,3,1,Regular Week,Festival Sale
3263,91,2025-12-02,False,False,2025,12,4,Regular Week,Regular Sale
3264,2472,2025-05-22,False,False,2025,5,2,Regular Week,Regular Sale
3265,3924,2025-08-30,True,False,2025,8,3,Salary Week,Regular Sale
3266,2237,2025-02-27,False,True,2025,2,1,Regular Week,Festival Sale
3267,4757,2025-01-24,True,True,2025,1,1,Salary Week,Festival Sale
3268,1684,2025-11-18,False,False,2025,11,4,Regular Week,Regular Sale
3269,2373,2025-09-19,False,False,2025,9,3,Regular Week,Regular Sale
3270,1392,2025-08-22,False,True,2025,8,3,Regular Week,Festival Sale
3271,4220,2025-08-05,True,True,2025,8,3,Salary Week,Festival Sale
3272,2927,2025-12-23,True,True,2025,12,4,Salary Week,Festival Sale
3273,1676,2025-08-09,False,True,2025,8,3,Regular Week,Festival Sale
3274,2224,2025-01-18,True,True,2025,1,1,Salary Week,Festival Sale
3275,292,2025-04-14,True,False,2025,4,2,Salary Week,Regular Sale
3276,4925,2025-02-25,False,False,2025,2,1,Regular Week,Regular Sale
3277,559,2025-02-13,True,True,2025,2,1,Salary Week,Festival Sale
3278,2756,2025-12-12,False,True,2025,12,4,Regular Week,Festival Sale
3279,3343,2025-01-06,True,True,2025,1,1,Salary Week,Festival Sale
3280,3053,2025-02-07,True,True,2025,2,1,Salary Week,Festival Sale
3281,2401,2025-02-05,True,True,2025,2,1,Salary Week,Festival Sale
3282,1583,2025-06-29,True,True,2025,6,2,Salary Week,Festival Sale
3283,4708,2025-04-23,False,True,2025,4,2,Regular Week,Festival Sale
3284,3364,2025-04-07,True,False,2025,4,2,Salary Week,Regular Sale
3285,145,2025-01-26,True,False,2025,1,1,Salary Week,Regular Sale
3286,2570,2025-10-06,True,False,2025,10,4,Salary Week,Regular Sale
3287,3397,2025-10-02,False,False,2025,10,4,Regular Week,Regular Sale
3288,1500,2025-11-29,False,True,2025,11,4,Regular Week,Festival Sale
3289,2958,2025-06-08,False,True,2025,6,2,Regular Week,Festival Sale
3290,2010,2025-07-11,False,False,2025,7,3,Regular Week,Regular Sale
3291,2317,2025-01-13,True,False,2025,1,1,Salary Week,Regular Sale
3292,4785,2025-11-26,False,False,2025,11,4,Regular Week,Regular Sale
3293,2652,2025-09-04,False,True,2025,9,3,Regular Week,Festival Sale
3294,2447,2025-03-13,True,False,2025,3,1,Salary Week,Regular Sale
3295,1445,2025-08-19,True,True,2025,8,3,Salary Week,Festival Sale
3296,952,2025-10-29,False,True,2025,10,4,Regular Week,Festival Sale
3297,837,2025-04-13,True,True,2025,4,2,Salary Week,Festival Sale
3298,876,2025-06-12,False,True,2025,6,2,Regular Week,Festival Sale
3299,532,2025-10-04,False,True,2025,10,4,Regular Week,Festival Sale
3300,945,2025-06-26,False,True,2025,6,2,Regular Week,Festival Sale
3301,888,2025-12-01,True,True,2025,12,4,Salary Week,Festival Sale
3302,1922,2025-07-21,False,True,2025,7,3,Regular Week,Festival Sale
3303,1346,2025-10-20,False,False,2025,10,4,Regular Week,Regular Sale
3304,860,2025-11-08,False,True,2025,11,4,Regular Week,Festival Sale
3305,771,2025-01-20,True,False,2025,1,1,Salary Week,Regular Sale
3306,705,2025-11-24,True,False,2025,11,4,Salary Week,Regular Sale
3307,2623,2025-12-28,False,False,2025,12,4,Regular Week,Regular Sale
3308,4486,2025-07-29,False,True,2025,7,3,Regular Week,Festival Sale
3309,2448,2025-08-06,True,True,2025,8,3,Salary Week,Festival Sale
3310,3287,2025-04-05,True,False,2025,4,2,Salary Week,Regular Sale
3311,20,2025-01-22,True,False,2025,1,1,Salary Week,Regular Sale
3312,1387,2025-12-11,False,True,2025,12,4,Regular Week,Festival Sale
3313,2816,2025-03-12,False,True,2025,3,1,Regular Week,Festival Sale
3314,1496,2025-08-13,False,False,2025,8,3,Regular Week,Regular Sale
3315,4054,2025-09-12,True,True,2025,9,3,Salary Week,Festival Sale
3316,2644,2025-06-28,True,False,2025,6,2,Salary Week,Regular Sale
3317,170,2025-05-16,True,False,2025,5,2,Salary Week,Regular Sale
3318,2525,2025-11-28,False,False,2025,11,4,Regular Week,Regular Sale
3319,1961,2025-02-11,False,False,2025,2,1,Regular Week,Regular Sale
3320,203,2025-09-23,False,False,2025,9,3,Regular Week,Regular Sale
3321,753,2025-12-26,True,False,2025,12,4,Salary Week,Regular Sale
3322,4907,2025-08-21,True,False,2025,8,3,Salary Week,Regular Sale
3323,4283,2025-06-15,False,False,2025,6,2,Regular Week,Regular Sale
3324,2062,2025-05-11,False,True,2025,5,2,Regular Week,Festival Sale
3325,1742,2025-04-24,False,False,2025,4,2,Regular Week,Regular Sale
3326,3966,2025-07-20,True,False,2025,7,3,Salary Week,Regular Sale
3327,795,2025-02-27,False,True,2025,2,1,Regular Week,Festival Sale
3328,1242,2025-03-19,False,True,2025,3,1,Regular Week,Festival Sale
3329,4555,2025-01-26,False,True,2025,1,1,Regular Week,Festival Sale
3330,4346,2025-05-31,True,False,2025,5,2,Salary Week,Regular Sale
3331,1813,2025-10-10,True,True,2025,10,4,Salary Week,Festival Sale
3332,1234,2025-07-27,False,True,2025,7,3,Regular Week,Festival Sale
3333,2879,2025-05-12,False,True,2025,5,2,Regular Week,Festival Sale
3334,592,2025-01-16,False,False,2025,1,1,Regular Week,Regular Sale
3335,2074,2025-03-29,True,False,2025,3,1,Salary Week,Regular Sale
3336,3984,2025-01-08,False,False,2025,1,1,Regular Week,Regular Sale
3337,3547,2025-07-25,False,False,2025,7,3,Regular Week,Regular Sale
3338,2690,2025-03-21,True,True,2025,3,1,Salary Week,Festival Sale
3339,4151,2025-03-18,False,True,2025,3,1,Regular Week,Festival Sale
3340,3869,2025-07-31,True,False,2025,7,3,Salary Week,Regular Sale
3341,3314,2025-01-12,True,False,2025,1,1,Salary Week,Regular Sale
3342,4659,2025-12-01,False,False,2025,12,4,Regular Week,Regular Sale
3343,2969,2025-04-26,False,False,2025,4,2,Regular Week,Regular Sale
3344,696,2025-02-03,True,True,2025,2,1,Salary Week,Festival Sale
3345,2093,2025-11-01,False,True,2025,11,4,Regular Week,Festival Sale
3346,3498,2025-05-31,True,False,2025,5,2,Salary Week,Regular Sale
3347,153,2025-04-22,False,False,2025,4,2,Regular Week,Regular Sale
3348,243,2025-12-25,False,True,2025,12,4,Regular Week,Festival Sale
3349,865,2025-01-18,True,False,2025,1,1,Salary Week,Regular Sale
3350,408,2025-02-15,False,True,2025,2,1,Regular Week,Festival Sale
3351,2723,2025-09-13,True,False,2025,9,3,Salary Week,Regular Sale
3352,880,2025-12-31,True,False,2025,12,4,Salary Week,Regular Sale
3353,469,2025-10-17,True,False,2025,10,4,Salary Week,Regular Sale
3354,3059,2025-10-24,True,False,2025,10,4,Salary Week,Regular Sale
3355,1750,2025-06-29,False,True,2025,6,2,Regular Week,Festival Sale
3356,4072,2025-08-02,True,False,2025,8,3,Salary Week,Regular Sale
3357,4337,2025-07-17,True,False,2025,7,3,Salary Week,Regular Sale
3358,4982,2025-08-18,False,True,2025,8,3,Regular Week,Festival Sale
3359,4140,2025-01-17,False,False,2025,1,1,Regular Week,Regular Sale
3360,1238,2025-07-18,True,True,2025,7,3,Salary Week,Festival Sale
3361,3271,2025-03-27,True,False,2025,3,1,Salary Week,Regular Sale
3362,4010,2025-03-21,False,False,2025,3,1,Regular Week,Regular Sale
3363,853,2025-01-10,False,False,2025,1,1,Regular Week,Regular Sale
3364,524,2025-01-11,False,False,2025,1,1,Regular Week,Regular Sale
3365,1088,2025-08-22,True,True,2025,8,3,Salary Week,Festival Sale
3366,1895,2025-07-28,True,False,2025,7,3,Salary Week,Regular Sale
3367,569,2025-11-26,False,False,2025,11,4,Regular Week,Regular Sale
3368,914,2025-08-12,True,True,2025,8,3,Salary Week,Festival Sale
3369,2450,2025-02-03,True,True,2025,2,1,Salary Week,Festival Sale
3370,1131,2025-10-19,False,False,2025,10,4,Regular Week,Regular Sale
3371,3310,2025-08-16,False,False,2025,8,3,Regular Week,Regular Sale
3372,647,2025-10-26,False,True,2025,10,4,Regular Week,Festival Sale
3373,3032,2025-08-19,False,True,2025,8,3,Regular Week,Festival Sale
3374,2524,2025-07-19,False,True,2025,7,3,Regular Week,Festival Sale
3375,1454,2025-10-15,True,False,2025,10,4,Salary Week,Regular Sale
3376,3847,2025-03-15,True,True,2025,3,1,Salary Week,Festival Sale
3377,1860,2025-06-28,False,True,2025,6,2,Regular Week,Festival Sale
3378,4981,2025-05-12,True,True,2025,5,2,Salary Week,Festival Sale
3379,2147,2025-02-07,True,True,2025,2,1,Salary Week,Festival Sale
3380,1953,2025-02-08,False,True,2025,2,1,Regular Week,Festival Sale
3381,2464,2025-07-05,True,False,2025,7,3,Salary Week,Regular Sale
3382,4143,2025-01-21,True,True,2025,1,1,Salary Week,Festival Sale
3383,1502,2025-12-12,False,True,2025,12,4,Regular Week,Festival Sale
3384,567,2025-03-13,False,True,2025,3,1,Regular Week,Festival Sale
3385,1171,2026-01-04,True,False,2026,1,1,Salary Week,Regular Sale
3386,2252,2025-09-01,False,False,2025,9,3,Regular Week,Regular Sale
3387,1979,2025-06-29,False,True,2025,6,2,Regular Week,Festival Sale
3388,2339,2025-06-18,False,True,2025,6,2,Regular Week,Festival Sale
3389,1095,2025-08-12,True,False,2025,8,3,Salary Week,Regular Sale
3390,3216,2025-12-13,True,False,2025,12,4,Salary Week,Regular Sale
3391,540,2025-08-11,False,False,2025,8,3,Regular Week,Regular Sale
3392,1073,2025-05-15,True,False,2025,5,2,Salary Week,Regular Sale
3393,4239,2025-04-17,False,True,2025,4,2,Regular Week,Festival Sale
3394,2199,2025-03-30,True,True,2025,3,1,Salary Week,Festival Sale
3395,3506,2025-09-11,True,True,2025,9,3,Salary Week,Festival Sale
3396,4742,2025-11-09,True,True,2025,11,4,Salary Week,Festival Sale
3397,1021,2025-05-15,False,True,2025,5,2,Regular Week,Festival Sale
3398,525,2025-01-06,True,False,2025,1,1,Salary Week,Regular Sale
3399,1633,2025-07-21,True,False,2025,7,3,Salary Week,Regular Sale
3400,2525,2025-10-01,False,True,2025,10,4,Regular Week,Festival Sale
3401,1294,2025-02-07,True,False,2025,2,1,Salary Week,Regular Sale
3402,2742,2025-09-10,False,False,2025,9,3,Regular Week,Regular Sale
3403,52,2025-10-06,False,False,2025,10,4,Regular Week,Regular Sale
3404,1582,2025-11-28,False,False,2025,11,4,Regular Week,Regular Sale
3405,4529,2025-04-25,True,True,2025,4,2,Salary Week,Festival Sale
3406,2759,2025-10-06,True,True,2025,10,4,Salary Week,Festival Sale
3407,2122,2025-04-21,False,True,2025,4,2,Regular Week,Festival Sale
3408,3623,2025-11-22,True,True,2025,11,4,Salary Week,Festival Sale
3409,157,2025-07-24,True,True,2025,7,3,Salary Week,Festival Sale
3410,1120,2025-02-06,False,False,2025,2,1,Regular Week,Regular Sale
3411,2258,2025-07-20,False,True,2025,7,3,Regular Week,Festival Sale
3412,2391,2025-12-02,True,True,2025,12,4,Salary Week,Festival Sale
3413,4033,2025-12-30,True,False,2025,12,4,Salary Week,Regular Sale
3414,3313,2025-07-01,True,False,2025,7,3,Salary Week,Regular Sale
3415,3050,2025-12-27,False,True,2025,12,4,Regular Week,Festival Sale
3416,4717,2025-07-25,False,True,2025,7,3,Regular Week,Festival Sale
3417,4366,2025-01-31,False,False,2025,1,1,Regular Week,Regular Sale
3418,1368,2025-04-23,False,False,2025,4,2,Regular Week,Regular Sale
3419,1500,2025-08-15,True,False,2025,8,3,Salary Week,Regular Sale
3420,670,2025-11-02,True,True,2025,11,4,Salary Week,Festival Sale
3421,3907,2025-02-19,True,True,2025,2,1,Salary Week,Festival Sale
3422,4526,2025-04-17,False,False,2025,4,2,Regular Week,Regular Sale
3423,3915,2025-12-11,False,False,2025,12,4,Regular Week,Regular Sale
3424,2179,2025-04-23,False,False,2025,4,2,Regular Week,Regular Sale
3425,1755,2025-03-25,True,False,2025,3,1,Salary Week,Regular Sale
3426,385,2025-06-28,True,True,2025,6,2,Salary Week,Festival Sale
3427,1732,2025-05-04,False,False,2025,5,2,Regular Week,Regular Sale
3428,4329,2025-09-07,True,False,2025,9,3,Salary Week,Regular Sale
3429,808,2025-09-03,False,True,2025,9,3,Regular Week,Festival Sale
3430,2821,2025-06-02,False,True,2025,6,2,Regular Week,Festival Sale
3431,1327,2025-04-11,False,True,2025,4,2,Regular Week,Festival Sale
3432,1759,2025-04-07,False,False,2025,4,2,Regular Week,Regular Sale
3433,2154,2025-11-26,True,True,2025,11,4,Salary Week,Festival Sale
3434,1213,2025-07-11,False,False,2025,7,3,Regular Week,Regular Sale
3435,2245,2026-01-02,True,False,2026,1,1,Salary Week,Regular Sale
3436,1277,2025-08-23,False,False,2025,8,3,Regular Week,Regular Sale
3437,715,2025-05-31,True,True,2025,5,2,Salary Week,Festival Sale
3438,2508,2025-09-12,False,True,2025,9,3,Regular Week,Festival Sale
3439,4904,2025-11-16,True,True,2025,11,4,Salary Week,Festival Sale
3440,2321,2025-05-25,True,False,2025,5,2,Salary Week,Regular Sale
3441,3292,2025-07-27,True,False,2025,7,3,Salary Week,Regular Sale
3442,1945,2025-11-05,False,True,2025,11,4,Regular Week,Festival Sale
3443,2682,2025-11-30,False,True,2025,11,4,Regular Week,Festival Sale
3444,1098,2025-10-21,True,False,2025,10,4,Salary Week,Regular Sale
3445,3413,2025-07-31,True,True,2025,7,3,Salary Week,Festival Sale
3446,3909,2025-05-04,False,True,2025,5,2,Regular Week,Festival Sale
3447,4762,2025-11-08,False,False,2025,11,4,Regular Week,Regular Sale
3448,4716,2025-12-03,False,False,2025,12,4,Regular Week,Regular Sale
3449,260,2025-10-13,False,False,2025,10,4,Regular Week,Regular Sale
3450,2476,2025-05-27,True,True,2025,5,2,Salary Week,Festival Sale
3451,3330,2025-10-02,True,True,2025,10,4,Salary Week,Festival Sale
3452,2085,2025-02-20,True,False,2025,2,1,Salary Week,Regular Sale
3453,802,2025-01-23,True,False,2025,1,1,Salary Week,Regular Sale
3454,4671,2025-01-22,False,True,2025,1,1,Regular Week,Festival Sale
3455,2316,2025-01-16,True,True,2025,1,1,Salary Week,Festival Sale
3456,909,2025-05-18,False,True,2025,5,2,Regular Week,Festival Sale
3457,4259,2025-02-01,True,True,2025,2,1,Salary Week,Festival Sale
3458,1294,2025-07-01,False,True,2025,7,3,Regular Week,Festival Sale
3459,3232,2025-12-29,True,False,2025,12,4,Salary Week,Regular Sale
3460,1957,2025-06-14,False,True,2025,6,2,Regular Week,Festival Sale
3461,3983,2025-11-12,False,False,2025,11,4,Regular Week,Regular Sale
3462,4107,2025-08-09,True,True,2025,8,3,Salary Week,Festival Sale
3463,3486,2025-07-22,True,True,2025,7,3,Salary Week,Festival Sale
3464,721,2025-08-12,True,True,2025,8,3,Salary Week,Festival Sale
3465,1439,2025-05-18,True,False,2025,5,2,Salary Week,Regular Sale
3466,3014,2025-01-29,True,False,2025,1,1,Salary Week,Regular Sale
3467,3650,2025-10-13,True,False,2025,10,4,Salary Week,Regular Sale
3468,3607,2025-11-07,False,True,2025,11,4,Regular Week,Festival Sale
3469,1612,2025-10-28,True,False,2025,10,4,Salary Week,Regular Sale
3470,810,2025-01-15,False,True,2025,1,1,Regular Week,Festival Sale
3471,2737,2025-11-14,False,False,2025,11,4,Regular Week,Regular Sale
3472,1901,2025-09-27,True,False,2025,9,3,Salary Week,Regular Sale
3473,2700,2025-09-02,False,True,2025,9,3,Regular Week,Festival Sale
3474,2217,2025-10-15,False,False,2025,10,4,Regular Week,Regular Sale
3475,3762,2025-05-14,False,False,2025,5,2,Regular Week,Regular Sale
3476,773,2025-11-11,True,False,2025,11,4,Salary Week,Regular Sale
3477,2724,2025-12-01,False,True,2025,12,4,Regular Week,Festival Sale
3478,723,2025-07-15,True,True,2025,7,3,Salary Week,Festival Sale
3479,386,2025-02-15,True,False,2025,2,1,Salary Week,Regular Sale
3480,156,2025-09-15,False,True,2025,9,3,Regular Week,Festival Sale
3481,629,2026-01-05,True,False,2026,1,1,Salary Week,Regular Sale
3482,1454,2025-08-17,True,True,2025,8,3,Salary Week,Festival Sale
3483,4006,2025-03-30,False,False,2025,3,1,Regular Week,Regular Sale
3484,832,2025-01-10,True,True,2025,1,1,Salary Week,Festival Sale
3485,1420,2025-12-10,True,True,2025,12,4,Salary Week,Festival Sale
3486,2185,2025-11-02,False,False,2025,11,4,Regular Week,Regular Sale
3487,2000,2025-04-06,False,True,2025,4,2,Regular Week,Festival Sale
3488,2734,2025-08-15,True,True,2025,8,3,Salary Week,Festival Sale
3489,1889,2025-06-09,False,False,2025,6,2,Regular Week,Regular Sale
3490,736,2025-03-30,True,True,2025,3,1,Salary Week,Festival Sale
3491,2236,2025-11-21,False,False,2025,11,4,Regular Week,Regular Sale
3492,1605,2025-07-19,True,False,2025,7,3,Salary Week,Regular Sale
3493,4105,2025-12-14,False,True,2025,12,4,Regular Week,Festival Sale
3494,595,2025-12-07,False,False,2025,12,4,Regular Week,Regular Sale
3495,1309,2025-08-10,True,False,2025,8,3,Salary Week,Regular Sale
3496,2255,2025-05-02,False,False,2025,5,2,Regular Week,Regular Sale
3497,4193,2025-08-02,False,False,2025,8,3,Regular Week,Regular Sale
3498,1631,2025-05-11,True,False,2025,5,2,Salary Week,Regular Sale
3499,4936,2025-07-05,True,True,2025,7,3,Salary Week,Festival Sale
3500,3806,2025-10-10,False,True,2025,10,4,Regular Week,Festival Sale
3501,4877,2025-10-31,False,False,2025,10,4,Regular Week,Regular Sale
3502,4174,2025-06-21,True,True,2025,6,2,Salary Week,Festival Sale
3503,4576,2025-06-07,True,False,2025,6,2,Salary Week,Regular Sale
3504,4308,2025-12-27,True,True,2025,12,4,Salary Week,Festival Sale
3505,2651,2025-11-20,True,True,2025,11,4,Salary Week,Festival Sale
3506,2021,2025-08-29,True,False,2025,8,3,Salary Week,Regular Sale
3507,4608,2025-02-04,True,True,2025,2,1,Salary Week,Festival Sale
3508,71,2025-03-30,False,True,2025,3,1,Regular Week,Festival Sale
3509,580,2025-05-03,False,False,2025,5,2,Regular Week,Regular Sale
3510,521,2025-11-22,True,False,2025,11,4,Salary Week,Regular Sale
3511,4062,2025-04-29,True,True,2025,4,2,Salary Week,Festival Sale
3512,3349,2025-10-02,False,True,2025,10,4,Regular Week,Festival Sale
3513,4646,2025-06-12,False,False,2025,6,2,Regular Week,Regular Sale
3514,4176,2025-05-21,False,True,2025,5,2,Regular Week,Festival Sale
3515,3830,2025-07-15,True,True,2025,7,3,Salary Week,Festival Sale
3516,2235,2025-05-16,False,True,2025,5,2,Regular Week,Festival Sale
3517,3000,2025-09-09,False,True,2025,9,3,Regular Week,Festival Sale
3518,2825,2025-01-06,True,True,2025,1,1,Salary Week,Festival Sale
3519,3814,2025-08-30,False,False,2025,8,3,Regular Week,Regular Sale
3520,2902,2026-01-01,False,False,2026,1,1,Regular Week,Regular Sale
3521,2890,2025-10-23,False,True,2025,10,4,Regular Week,Festival Sale
3522,574,2025-05-19,False,False,2025,5,2,Regular Week,Regular Sale
3523,679,2025-03-11,False,False,2025,3,1,Regular Week,Regular Sale
3524,1866,2025-05-05,False,True,2025,5,2,Regular Week,Festival Sale
3525,314,2025-07-17,True,False,2025,7,3,Salary Week,Regular Sale
3526,734,2025-03-18,True,True,2025,3,1,Salary Week,Festival Sale
3527,4940,2025-12-17,True,False,2025,12,4,Salary Week,Regular Sale
3528,2087,2025-02-12,True,False,2025,2,1,Salary Week,Regular Sale
3529,3437,2025-11-11,False,True,2025,11,4,Regular Week,Festival Sale
3530,4644,2025-05-07,False,True,2025,5,2,Regular Week,Festival Sale
3531,810,2025-05-01,False,False,2025,5,2,Regular Week,Regular Sale
3532,1924,2025-04-29,True,True,2025,4,2,Salary Week,Festival Sale
3533,3763,2025-05-24,True,False,2025,5,2,Salary Week,Regular Sale
3534,3412,2025-07-26,True,True,2025,7,3,Salary Week,Festival Sale
3535,3631,2025-01-29,False,True,2025,1,1,Regular Week,Festival Sale
3536,779,2025-09-30,True,True,2025,9,3,Salary Week,Festival Sale
3537,3093,2025-10-17,False,False,2025,10,4,Regular Week,Regular Sale
3538,3864,2025-11-11,False,True,2025,11,4,Regular Week,Festival Sale
3539,4397,2025-07-29,False,True,2025,7,3,Regular Week,Festival Sale
3540,3692,2025-05-24,True,True,2025,5,2,Salary Week,Festival Sale
3541,433,2025-10-26,True,True,2025,10,4,Salary Week,Festival Sale
3542,4107,2025-01-11,True,True,2025,1,1,Salary Week,Festival Sale
3543,1782,2025-01-15,False,True,2025,1,1,Regular Week,Festival Sale
3544,4623,2025-04-30,True,True,2025,4,2,Salary Week,Festival Sale
3545,2858,2025-11-21,False,False,2025,11,4,Regular Week,Regular Sale
3546,4125,2025-07-20,False,True,2025,7,3,Regular Week,Festival Sale
3547,4058,2025-06-04,False,False,2025,6,2,Regular Week,Regular Sale
3548,4969,2025-06-14,False,True,2025,6,2,Regular Week,Festival Sale
3549,319,2025-07-08,False,False,2025,7,3,Regular Week,Regular Sale
3550,4289,2025-08-04,False,True,2025,8,3,Regular Week,Festival Sale
3551,3804,2025-07-24,False,True,2025,7,3,Regular Week,Festival Sale
3552,2487,2025-04-07,True,False,2025,4,2,Salary Week,Regular Sale
3553,1144,2025-08-22,False,False,2025,8,3,Regular Week,Regular Sale
3554,4482,2025-10-16,True,False,2025,10,4,Salary Week,Regular Sale
3555,4662,2025-08-08,True,False,2025,8,3,Salary Week,Regular Sale
3556,585,2025-06-09,True,False,2025,6,2,Salary Week,Regular Sale
3557,4084,2025-02-06,True,True,2025,2,1,Salary Week,Festival Sale
3558,4925,2025-10-05,False,True,2025,10,4,Regular Week,Festival Sale
3559,4228,2025-06-06,True,True,2025,6,2,Salary Week,Festival Sale
3560,3903,2025-11-10,True,True,2025,11,4,Salary Week,Festival Sale
3561,540,2025-07-19,True,True,2025,7,3,Salary Week,Festival Sale
3562,4678,2025-05-14,True,False,2025,5,2,Salary Week,Regular Sale
3563,3790,2025-07-03,False,True,2025,7,3,Regular Week,Festival Sale
3564,356,2025-09-24,True,False,2025,9,3,Salary Week,Regular Sale
3565,4493,2025-02-02,True,False,2025,2,1,Salary Week,Regular Sale
3566,3842,2025-03-24,False,False,2025,3,1,Regular Week,Regular Sale
3567,1489,2025-05-18,False,True,2025,5,2,Regular Week,Festival Sale
3568,3605,2025-01-28,False,True,2025,1,1,Regular Week,Festival Sale
3569,1770,2025-12-11,False,True,2025,12,4,Regular Week,Festival Sale
3570,3613,2025-05-15,True,False,2025,5,2,Salary Week,Regular Sale
3571,4902,2026-01-06,True,False,2026,1,1,Salary Week,Regular Sale
3572,4802,2025-05-26,True,True,2025,5,2,Salary Week,Festival Sale
3573,2731,2025-02-05,True,True,2025,2,1,Salary Week,Festival Sale
3574,4253,2025-10-09,True,False,2025,10,4,Salary Week,Regular Sale
3575,2456,2025-02-19,True,False,2025,2,1,Salary Week,Regular Sale
3576,3804,2025-05-11,False,False,2025,5,2,Regular Week,Regular Sale
3577,4018,2025-01-28,True,True,2025,1,1,Salary Week,Festival Sale
3578,4863,2025-03-25,False,False,2025,3,1,Regular Week,Regular Sale
3579,4769,2025-08-01,False,True,2025,8,3,Regular Week,Festival Sale
3580,4781,2025-03-24,False,False,2025,3,1,Regular Week,Regular Sale
3581,1376,2025-07-29,True,False,2025,7,3,Salary Week,Regular Sale
3582,1866,2025-04-17,True,True,2025,4,2,Salary Week,Festival Sale
3583,1999,2025-07-22,False,False,2025,7,3,Regular Week,Regular Sale
3584,3819,2025-04-09,False,True,2025,4,2,Regular Week,Festival Sale
3585,4212,2025-02-18,True,False,2025,2,1,Salary Week,Regular Sale
3586,1165,2025-09-10,False,True,2025,9,3,Regular Week,Festival Sale
3587,1384,2025-04-03,True,True,2025,4,2,Salary Week,Festival Sale
3588,4978,2025-11-16,False,False,2025,11,4,Regular Week,Regular Sale
3589,3325,2025-09-13,False,True,2025,9,3,Regular Week,Festival Sale
3590,3702,2025-05-03,False,False,2025,5,2,Regular Week,Regular Sale
3591,4726,2025-09-22,False,False,2025,9,3,Regular Week,Regular Sale
3592,4869,2025-08-05,False,True,2025,8,3,Regular Week,Festival Sale
3593,2212,2025-10-04,False,True,2025,10,4,Regular Week,Festival Sale
3594,3357,2025-11-30,True,False,2025,11,4,Salary Week,Regular Sale
3595,4419,2025-08-07,True,True,2025,8,3,Salary Week,Festival Sale
3596,2302,2025-06-30,False,True,2025,6,2,Regular Week,Festival Sale
3597,4260,2025-09-14,False,False,2025,9,3,Regular Week,Regular Sale
3598,2938,2025-09-17,False,True,2025,9,3,Regular Week,Festival Sale
3599,4477,2025-11-17,False,False,2025,11,4,Regular Week,Regular Sale
3600,785,2025-02-09,False,True,2025,2,1,Regular Week,Festival Sale
3601,1792,2025-12-22,True,False,2025,12,4,Salary Week,Regular Sale
3602,3875,2025-07-01,True,True,2025,7,3,Salary Week,Festival Sale
3603,437,2025-08-14,False,False,2025,8,3,Regular Week,Regular Sale
3604,3928,2025-01-07,True,True,2025,1,1,Salary Week,Festival Sale
3605,4473,2025-11-26,True,True,2025,11,4,Salary Week,Festival Sale
3606,786,2025-11-23,True,False,2025,11,4,Salary Week,Regular Sale
3607,3158,2025-03-14,True,True,2025,3,1,Salary Week,Festival Sale
3608,2702,2025-05-21,True,False,2025,5,2,Salary Week,Regular Sale
3609,4402,2025-10-02,True,False,2025,10,4,Salary Week,Regular Sale
3610,2675,2025-08-05,False,True,2025,8,3,Regular Week,Festival Sale
3611,1967,2025-05-06,True,True,2025,5,2,Salary Week,Festival Sale
3612,2794,2025-09-16,False,False,2025,9,3,Regular Week,Regular Sale
3613,1119,2025-11-26,True,False,2025,11,4,Salary Week,Regular Sale
3614,4627,2025-03-17,True,False,2025,3,1,Salary Week,Regular Sale
3615,1626,2025-08-22,True,True,2025,8,3,Salary Week,Festival Sale
3616,3266,2025-01-11,False,False,2025,1,1,Regular Week,Regular Sale
3617,1256,2025-09-01,False,False,2025,9,3,Regular Week,Regular Sale
3618,2124,2025-10-06,True,True,2025,10,4,Salary Week,Festival Sale
3619,3638,2025-09-06,False,True,2025,9,3,Regular Week,Festival Sale
3620,3708,2025-08-22,False,False,2025,8,3,Regular Week,Regular Sale
3621,347,2025-08-06,True,True,2025,8,3,Salary Week,Festival Sale
3622,2577,2025-09-25,True,False,2025,9,3,Salary Week,Regular Sale
3623,2238,2025-10-04,True,False,2025,10,4,Salary Week,Regular Sale
3624,2842,2025-12-22,True,False,2025,12,4,Salary Week,Regular Sale
3625,404,2025-07-22,True,True,2025,7,3,Salary Week,Festival Sale
3626,1906,2025-04-19,False,True,2025,4,2,Regular Week,Festival Sale
3627,4657,2025-03-27,False,False,2025,3,1,Regular Week,Regular Sale
3628,3539,2025-06-05,False,False,2025,6,2,Regular Week,Regular Sale
3629,1567,2025-09-24,True,True,2025,9,3,Salary Week,Festival Sale
3630,4168,2025-05-04,False,False,2025,5,2,Regular Week,Regular Sale
3631,4184,2025-03-21,False,False,2025,3,1,Regular Week,Regular Sale
3632,1297,2025-11-10,True,False,2025,11,4,Salary Week,Regular Sale
3633,2988,2025-12-01,True,True,2025,12,4,Salary Week,Festival Sale
3634,2204,2025-01-21,False,False,2025,1,1,Regular Week,Regular Sale
3635,1666,2025-03-20,True,True,2025,3,1,Salary Week,Festival Sale
3636,394,2025-05-01,False,True,2025,5,2,Regular Week,Festival Sale
3637,2557,2025-04-08,False,True,2025,4,2,Regular Week,Festival Sale
3638,3178,2025-10-27,False,True,2025,10,4,Regular Week,Festival Sale
3639,1002,2025-05-10,True,True,2025,5,2,Salary Week,Festival Sale
3640,2802,2025-10-28,False,True,2025,10,4,Regular Week,Festival Sale
3641,4335,2025-11-29,True,True,2025,11,4,Salary Week,Festival Sale
3642,1363,2025-08-22,True,False,2025,8,3,Salary Week,Regular Sale
3643,1129,2025-07-31,False,False,2025,7,3,Regular Week,Regular Sale
3644,1983,2025-11-15,True,False,2025,11,4,Salary Week,Regular Sale
3645,752,2025-07-17,False,True,2025,7,3,Regular Week,Festival Sale
3646,4776,2025-08-15,False,False,2025,8,3,Regular Week,Regular Sale
3647,2575,2025-12-31,True,False,2025,12,4,Salary Week,Regular Sale
3648,2429,2025-08-24,True,False,2025,8,3,Salary Week,Regular Sale
3649,1175,2025-08-22,False,False,2025,8,3,Regular Week,Regular Sale
3650,206,2025-02-20,True,True,2025,2,1,Salary Week,Festival Sale
3651,893,2025-06-02,True,False,2025,6,2,Salary Week,Regular Sale
3652,2468,2025-03-26,True,False,2025,3,1,Salary Week,Regular Sale
3653,4224,2025-04-29,True,False,2025,4,2,Salary Week,Regular Sale
3654,1486,2025-03-17,True,True,2025,3,1,Salary Week,Festival Sale
3655,1152,2025-09-22,True,False,2025,9,3,Salary Week,Regular Sale
3656,4737,2025-06-27,True,True,2025,6,2,Salary Week,Festival Sale
3657,2839,2025-03-06,False,False,2025,3,1,Regular Week,Regular Sale
3658,766,2025-06-18,False,True,2025,6,2,Regular Week,Festival Sale
3659,1489,2025-11-26,False,False,2025,11,4,Regular Week,Regular Sale
3660,3210,2025-02-03,True,False,2025,2,1,Salary Week,Regular Sale
3661,1569,2025-07-20,True,False,2025,7,3,Salary Week,Regular Sale
3662,4861,2025-07-14,False,False,2025,7,3,Regular Week,Regular Sale
3663,2040,2025-01-31,True,False,2025,1,1,Salary Week,Regular Sale
3664,463,2025-02-25,True,True,2025,2,1,Salary Week,Festival Sale
3665,229,2025-05-14,False,True,2025,5,2,Regular Week,Festival Sale
3666,4482,2025-08-21,True,True,2025,8,3,Salary Week,Festival Sale
3667,3163,2025-01-28,True,True,2025,1,1,Salary Week,Festival Sale
3668,2951,2025-02-06,False,True,2025,2,1,Regular Week,Festival Sale
3669,1416,2025-03-11,True,False,2025,3,1,Salary Week,Regular Sale
3670,823,2025-02-15,False,False,2025,2,1,Regular Week,Regular Sale
3671,4031,2025-04-11,True,True,2025,4,2,Salary Week,Festival Sale
3672,850,2025-10-12,True,False,2025,10,4,Salary Week,Regular Sale
3673,4434,2025-05-06,True,True,2025,5,2,Salary Week,Festival Sale
3674,4025,2025-09-09,False,True,2025,9,3,Regular Week,Festival Sale
3675,765,2025-06-21,True,False,2025,6,2,Salary Week,Regular Sale
3676,2676,2025-10-24,True,True,2025,10,4,Salary Week,Festival Sale
3677,1282,2025-07-27,True,False,2025,7,3,Salary Week,Regular Sale
3678,1779,2025-07-30,True,True,2025,7,3,Salary Week,Festival Sale
3679,2072,2025-02-20,True,True,2025,2,1,Salary Week,Festival Sale
3680,659,2025-10-19,False,True,2025,10,4,Regular Week,Festival Sale
3681,238,2025-12-10,True,False,2025,12,4,Salary Week,Regular Sale
3682,2130,2025-05-02,False,True,2025,5,2,Regular Week,Festival Sale
3683,4401,2025-12-25,False,True,2025,12,4,Regular Week,Festival Sale
3684,4805,2025-04-27,True,False,2025,4,2,Salary Week,Regular Sale
3685,1654,2025-01-12,False,False,2025,1,1,Regular Week,Regular Sale
3686,2061,2025-07-28,True,True,2025,7,3,Salary Week,Festival Sale
3687,2536,2025-07-10,True,True,2025,7,3,Salary Week,Festival Sale
3688,4793,2025-10-17,False,False,2025,10,4,Regular Week,Regular Sale
3689,4306,2026-01-04,False,True,2026,1,1,Regular Week,Festival Sale
3690,463,2025-06-18,True,False,2025,6,2,Salary Week,Regular Sale
3691,4477,2025-03-07,True,True,2025,3,1,Salary Week,Festival Sale
3692,2542,2025-03-13,True,False,2025,3,1,Salary Week,Regular Sale
3693,4780,2025-01-10,False,True,2025,1,1,Regular Week,Festival Sale
3694,4339,2025-01-10,True,True,2025,1,1,Salary Week,Festival Sale
3695,719,2025-06-15,False,True,2025,6,2,Regular Week,Festival Sale
3696,1564,2025-05-24,True,True,2025,5,2,Salary Week,Festival Sale
3697,2722,2025-01-13,True,True,2025,1,1,Salary Week,Festival Sale
3698,1424,2025-06-14,False,False,2025,6,2,Regular Week,Regular Sale
3699,1824,2025-09-22,False,False,2025,9,3,Regular Week,Regular Sale
3700,4146,2025-01-09,False,True,2025,1,1,Regular Week,Festival Sale
3701,72,2025-10-05,False,True,2025,10,4,Regular Week,Festival Sale
3702,1602,2025-05-04,False,False,2025,5,2,Regular Week,Regular Sale
3703,4304,2025-10-28,False,False,2025,10,4,Regular Week,Regular Sale
3704,4279,2025-05-22,False,False,2025,5,2,Regular Week,Regular Sale
3705,2987,2025-09-19,False,False,2025,9,3,Regular Week,Regular Sale
3706,1188,2025-03-23,False,False,2025,3,1,Regular Week,Regular Sale
3707,3103,2025-10-24,False,True,2025,10,4,Regular Week,Festival Sale
3708,1457,2025-09-21,False,False,2025,9,3,Regular Week,Regular Sale
3709,52,2025-03-03,False,False,2025,3,1,Regular Week,Regular Sale
3710,4079,2025-03-28,False,True,2025,3,1,Regular Week,Festival Sale
3711,1521,2025-11-24,False,False,2025,11,4,Regular Week,Regular Sale
3712,2553,2025-04-17,True,False,2025,4,2,Salary Week,Regular Sale
3713,4557,2025-01-17,False,False,2025,1,1,Regular Week,Regular Sale
3714,1698,2025-01-10,False,True,2025,1,1,Regular Week,Festival Sale
3715,4657,2025-06-01,True,False,2025,6,2,Salary Week,Regular Sale
3716,2668,2025-01-25,True,False,2025,1,1,Salary Week,Regular Sale
3717,4351,2025-11-10,False,True,2025,11,4,Regular Week,Festival Sale
3718,2325,2025-02-04,False,False,2025,2,1,Regular Week,Regular Sale
3719,2931,2025-01-28,True,True,2025,1,1,Salary Week,Festival Sale
3720,3776,2026-01-04,False,False,2026,1,1,Regular Week,Regular Sale
3721,564,2025-12-28,False,False,2025,12,4,Regular Week,Regular Sale
3722,3389,2025-04-08,True,True,2025,4,2,Salary Week,Festival Sale
3723,1119,2025-05-25,False,False,2025,5,2,Regular Week,Regular Sale
3724,2537,2025-08-23,True,False,2025,8,3,Salary Week,Regular Sale
3725,76,2025-04-30,False,True,2025,4,2,Regular Week,Festival Sale
3726,1634,2025-12-26,True,False,2025,12,4,Salary Week,Regular Sale
3727,1900,2025-11-26,False,True,2025,11,4,Regular Week,Festival Sale
3728,1468,2025-09-10,True,False,2025,9,3,Salary Week,Regular Sale
3729,1692,2025-02-11,False,True,2025,2,1,Regular Week,Festival Sale
3730,1667,2025-09-26,False,False,2025,9,3,Regular Week,Regular Sale
3731,2607,2025-09-21,False,True,2025,9,3,Regular Week,Festival Sale
3732,2765,2025-06-30,True,False,2025,6,2,Salary Week,Regular Sale
3733,3692,2025-08-25,False,True,2025,8,3,Regular Week,Festival Sale
3734,1303,2025-04-28,True,False,2025,4,2,Salary Week,Regular Sale
3735,3121,2025-02-08,True,True,2025,2,1,Salary Week,Festival Sale
3736,286,2025-03-07,False,False,2025,3,1,Regular Week,Regular Sale
3737,3679,2025-05-12,True,True,2025,5,2,Salary Week,Festival Sale
3738,3326,2025-07-11,False,True,2025,7,3,Regular Week,Festival Sale
3739,224,2025-12-07,True,False,2025,12,4,Salary Week,Regular Sale
3740,4694,2025-07-02,False,True,2025,7,3,Regular Week,Festival Sale
3741,3945,2025-09-10,False,False,2025,9,3,Regular Week,Regular Sale
3742,3330,2025-12-30,True,False,2025,12,4,Salary Week,Regular Sale
3743,1388,2025-11-11,False,False,2025,11,4,Regular Week,Regular Sale
3744,2965,2025-02-21,False,True,2025,2,1,Regular Week,Festival Sale
3745,862,2025-09-22,False,False,2025,9,3,Regular Week,Regular Sale
3746,4608,2025-10-28,False,False,2025,10,4,Regular Week,Regular Sale
3747,3862,2025-08-18,True,False,2025,8,3,Salary Week,Regular Sale
3748,2285,2025-09-20,True,True,2025,9,3,Salary Week,Festival Sale
3749,3507,2025-09-01,False,True,2025,9,3,Regular Week,Festival Sale
3750,2282,2025-09-25,False,False,2025,9,3,Regular Week,Regular Sale
3751,3916,2025-08-10,True,True,2025,8,3,Salary Week,Festival Sale
3752,306,2025-11-16,True,False,2025,11,4,Salary Week,Regular Sale
3753,393,2025-02-08,False,True,2025,2,1,Regular Week,Festival Sale
3754,3367,2025-01-20,False,False,2025,1,1,Regular Week,Regular Sale
3755,1136,2025-10-13,False,True,2025,10,4,Regular Week,Festival Sale
3756,2501,2025-03-25,False,False,2025,3,1,Regular Week,Regular Sale
3757,310,2025-11-20,True,False,2025,11,4,Salary Week,Regular Sale
3758,4182,2025-08-10,False,True,2025,8,3,Regular Week,Festival Sale
3759,1207,2025-08-13,False,True,2025,8,3,Regular Week,Festival Sale
3760,2655,2025-07-30,True,False,2025,7,3,Salary Week,Regular Sale
3761,2834,2025-08-13,True,False,2025,8,3,Salary Week,Regular Sale
3762,652,2025-12-08,True,True,2025,12,4,Salary Week,Festival Sale
3763,4838,2025-02-06,False,True,2025,2,1,Regular Week,Festival Sale
3764,3542,2025-11-22,False,True,2025,11,4,Regular Week,Festival Sale
3765,2987,2025-09-08,True,True,2025,9,3,Salary Week,Festival Sale
3766,3650,2025-02-14,False,True,2025,2,1,Regular Week,Festival Sale
3767,365,2025-12-12,False,False,2025,12,4,Regular Week,Regular Sale
3768,2558,2025-07-15,False,True,2025,7,3,Regular Week,Festival Sale
3769,4208,2025-10-31,True,False,2025,10,4,Salary Week,Regular Sale
3770,3502,2025-02-20,True,True,2025,2,1,Salary Week,Festival Sale
3771,172,2025-01-23,True,False,2025,1,1,Salary Week,Regular Sale
3772,1656,2025-03-09,False,False,2025,3,1,Regular Week,Regular Sale
3773,4097,2025-01-06,False,True,2025,1,1,Regular Week,Festival Sale
3774,660,2025-01-23,False,True,2025,1,1,Regular Week,Festival Sale
3775,637,2025-06-19,False,True,2025,6,2,Regular Week,Festival Sale
3776,3295,2025-12-23,True,True,2025,12,4,Salary Week,Festival Sale
3777,129,2025-02-13,True,False,2025,2,1,Salary Week,Regular Sale
3778,1374,2025-09-16,False,False,2025,9,3,Regular Week,Regular Sale
3779,1839,2025-07-20,True,False,2025,7,3,Salary Week,Regular Sale
3780,2130,2025-05-23,True,False,2025,5,2,Salary Week,Regular Sale
3781,1661,2025-09-17,False,True,2025,9,3,Regular Week,Festival Sale
3782,2973,2025-07-14,False,True,2025,7,3,Regular Week,Festival Sale
3783,4196,2025-10-29,False,True,2025,10,4,Regular Week,Festival Sale
3784,595,2025-01-11,True,True,2025,1,1,Salary Week,Festival Sale
3785,2426,2025-05-20,False,False,2025,5,2,Regular Week,Regular Sale
3786,4751,2025-08-20,False,False,2025,8,3,Regular Week,Regular Sale
3787,617,2025-07-25,True,True,2025,7,3,Salary Week,Festival Sale
3788,416,2025-04-08,False,False,2025,4,2,Regular Week,Regular Sale
3789,3275,2025-03-01,False,False,2025,3,1,Regular Week,Regular Sale
3790,120,2026-01-06,False,False,2026,1,1,Regular Week,Regular Sale
3791,945,2025-03-25,False,False,2025,3,1,Regular Week,Regular Sale
3792,2279,2025-05-24,True,False,2025,5,2,Salary Week,Regular Sale
3793,3590,2025-01-06,False,False,2025,1,1,Regular Week,Regular Sale
3794,952,2025-12-10,False,False,2025,12,4,Regular Week,Regular Sale
3795,890,2025-12-12,False,False,2025,12,4,Regular Week,Regular Sale
3796,2858,2025-03-28,True,False,2025,3,1,Salary Week,Regular Sale
3797,2826,2025-11-07,False,True,2025,11,4,Regular Week,Festival Sale
3798,1953,2025-12-14,True,True,2025,12,4,Salary Week,Festival Sale
3799,976,2025-04-16,True,False,2025,4,2,Salary Week,Regular Sale
3800,537,2025-08-11,False,True,2025,8,3,Regular Week,Festival Sale
3801,2299,2025-07-26,True,False,2025,7,3,Salary Week,Regular Sale
3802,1650,2025-10-07,False,False,2025,10,4,Regular Week,Regular Sale
3803,3969,2025-06-06,True,False,2025,6,2,Salary Week,Regular Sale
3804,3557,2025-10-31,True,False,2025,10,4,Salary Week,Regular Sale
3805,158,2025-12-24,False,True,2025,12,4,Regular Week,Festival Sale
3806,2016,2025-11-13,False,False,2025,11,4,Regular Week,Regular Sale
3807,4884,2025-08-25,True,True,2025,8,3,Salary Week,Festival Sale
3808,638,2025-07-15,True,True,2025,7,3,Salary Week,Festival Sale
3809,1686,2025-03-07,False,True,2025,3,1,Regular Week,Festival Sale
3810,402,2025-02-13,True,False,2025,2,1,Salary Week,Regular Sale
3811,1399,2025-03-26,False,False,2025,3,1,Regular Week,Regular Sale
3812,383,2025-08-19,True,True,2025,8,3,Salary Week,Festival Sale
3813,3451,2025-05-29,False,False,2025,5,2,Regular Week,Regular Sale
3814,4352,2025-03-11,False,False,2025,3,1,Regular Week,Regular Sale
3815,2598,2025-01-15,False,True,2025,1,1,Regular Week,Festival Sale
3816,4834,2025-03-31,False,False,2025,3,1,Regular Week,Regular Sale
3817,1650,2025-01-09,True,False,2025,1,1,Salary Week,Regular Sale
3818,3177,2025-12-12,True,True,2025,12,4,Salary Week,Festival Sale
3819,3777,2025-12-16,True,False,2025,12,4,Salary Week,Regular Sale
3820,3078,2025-08-06,False,True,2025,8,3,Regular Week,Festival Sale
3821,1751,2025-10-31,False,True,2025,10,4,Regular Week,Festival Sale
3822,4640,2025-06-02,True,False,2025,6,2,Salary Week,Regular Sale
3823,4164,2025-01-27,False,True,2025,1,1,Regular Week,Festival Sale
3824,2228,2025-06-05,False,True,2025,6,2,Regular Week,Festival Sale
3825,1038,2026-01-06,True,True,2026,1,1,Salary Week,Festival Sale
3826,4962,2025-02-17,True,True,2025,2,1,Salary Week,Festival Sale
3827,4126,2025-10-23,True,False,2025,10,4,Salary Week,Regular Sale
3828,2735,2025-04-07,False,True,2025,4,2,Regular Week,Festival Sale
3829,4767,2025-10-20,False,False,2025,10,4,Regular Week,Regular Sale
3830,4928,2025-05-11,True,False,2025,5,2,Salary Week,Regular Sale
3831,2444,2025-05-25,False,False,2025,5,2,Regular Week,Regular Sale
3832,3455,2025-11-19,False,True,2025,11,4,Regular Week,Festival Sale
3833,4965,2026-01-03,True,True,2026,1,1,Salary Week,Festival Sale
3834,1703,2025-04-02,False,True,2025,4,2,Regular Week,Festival Sale
3835,1117,2025-09-21,False,True,2025,9,3,Regular Week,Festival Sale
3836,1124,2025-08-19,True,True,2025,8,3,Salary Week,Festival Sale
3837,2143,2025-08-25,True,False,2025,8,3,Salary Week,Regular Sale
3838,1278,2025-06-08,True,False,2025,6,2,Salary Week,Regular Sale
3839,4658,2025-04-17,True,False,2025,4,2,Salary Week,Regular Sale
3840,1914,2025-06-08,True,False,2025,6,2,Salary Week,Regular Sale
3841,4488,2025-01-31,False,False,2025,1,1,Regular Week,Regular Sale
3842,3389,2025-11-15,False,True,2025,11,4,Regular Week,Festival Sale
3843,4610,2025-08-23,True,True,2025,8,3,Salary Week,Festival Sale
3844,3685,2025-02-22,False,False,2025,2,1,Regular Week,Regular Sale
3845,4443,2025-12-14,False,False,2025,12,4,Regular Week,Regular Sale
3846,1285,2025-04-06,True,True,2025,4,2,Salary Week,Festival Sale
3847,66,2025-05-04,True,False,2025,5,2,Salary Week,Regular Sale
3848,261,2025-04-01,False,False,2025,4,2,Regular Week,Regular Sale
3849,1551,2026-01-06,True,True,2026,1,1,Salary Week,Festival Sale
3850,4819,2025-09-21,False,False,2025,9,3,Regular Week,Regular Sale
3851,2334,2025-10-31,True,True,2025,10,4,Salary Week,Festival Sale
3852,4935,2025-07-26,False,True,2025,7,3,Regular Week,Festival Sale
3853,4162,2025-12-06,False,False,2025,12,4,Regular Week,Regular Sale
3854,4970,2025-09-02,True,False,2025,9,3,Salary Week,Regular Sale
3855,3606,2025-12-21,False,False,2025,12,4,Regular Week,Regular Sale
3856,2876,2025-08-04,False,True,2025,8,3,Regular Week,Festival Sale
3857,2409,2025-04-01,True,True,2025,4,2,Salary Week,Festival Sale
3858,4730,2025-08-04,True,True,2025,8,3,Salary Week,Festival Sale
3859,22,2025-04-03,False,True,2025,4,2,Regular Week,Festival Sale
3860,4958,2025-04-08,False,False,2025,4,2,Regular Week,Regular Sale
3861,2459,2025-10-17,False,False,2025,10,4,Regular Week,Regular Sale
3862,4196,2025-03-23,False,True,2025,3,1,Regular Week,Festival Sale
3863,1,2025-06-27,False,True,2025,6,2,Regular Week,Festival Sale
3864,42,2025-02-14,True,True,2025,2,1,Salary Week,Festival Sale
3865,2826,2025-12-15,True,True,2025,12,4,Salary Week,Festival Sale
3866,2761,2025-09-28,False,True,2025,9,3,Regular Week,Festival Sale
3867,2581,2025-11-12,False,True,2025,11,4,Regular Week,Festival Sale
3868,4558,2026-01-05,True,False,2026,1,1,Salary Week,Regular Sale
3869,1269,2025-12-14,True,True,2025,12,4,Salary Week,Festival Sale
3870,396,2025-01-25,False,False,2025,1,1,Regular Week,Regular Sale
3871,1324,2025-11-18,False,True,2025,11,4,Regular Week,Festival Sale
3872,2170,2025-05-08,False,True,2025,5,2,Regular Week,Festival Sale
3873,1022,2026-01-02,True,True,2026,1,1,Salary Week,Festival Sale
3874,3464,2025-04-12,True,False,2025,4,2,Salary Week,Regular Sale
3875,933,2025-09-29,False,True,2025,9,3,Regular Week,Festival Sale
3876,3516,2025-02-21,False,False,2025,2,1,Regular Week,Regular Sale
3877,3996,2025-01-15,False,False,2025,1,1,Regular Week,Regular Sale
3878,4559,2025-05-16,False,True,2025,5,2,Regular Week,Festival Sale
3879,365,2025-12-28,True,True,2025,12,4,Salary Week,Festival Sale
3880,3884,2025-01-29,False,True,2025,1,1,Regular Week,Festival Sale
3881,199,2026-01-06,True,False,2026,1,1,Salary Week,Regular Sale
3882,258,2025-01-22,True,True,2025,1,1,Salary Week,Festival Sale
3883,2617,2025-03-11,False,True,2025,3,1,Regular Week,Festival Sale
3884,731,2025-07-02,False,True,2025,7,3,Regular Week,Festival Sale
3885,1017,2025-10-02,True,True,2025,10,4,Salary Week,Festival Sale
3886,572,2025-01-22,False,False,2025,1,1,Regular Week,Regular Sale
3887,2212,2025-03-12,True,False,2025,3,1,Salary Week,Regular Sale
3888,3633,2025-08-02,True,False,2025,8,3,Salary Week,Regular Sale
3889,3808,2025-03-02,False,True,2025,3,1,Regular Week,Festival Sale
3890,4084,2025-06-13,False,True,2025,6,2,Regular Week,Festival Sale
3891,2126,2025-04-18,False,False,2025,4,2,Regular Week,Regular Sale
3892,2556,2025-04-27,True,True,2025,4,2,Salary Week,Festival Sale
3893,2900,2025-12-10,False,True,2025,12,4,Regular Week,Festival Sale
3894,1552,2025-11-27,True,False,2025,11,4,Salary Week,Regular Sale
3895,883,2025-03-13,False,False,2025,3,1,Regular Week,Regular Sale
3896,240,2025-10-30,False,True,2025,10,4,Regular Week,Festival Sale
3897,3286,2025-02-24,True,True,2025,2,1,Salary Week,Festival Sale
3898,505,2025-06-28,False,True,2025,6,2,Regular Week,Festival Sale
3899,3046,2025-06-30,True,True,2025,6,2,Salary Week,Festival Sale
3900,1196,2025-12-15,True,False,2025,12,4,Salary Week,Regular Sale
3901,910,2025-04-25,False,True,2025,4,2,Regular Week,Festival Sale
3902,1248,2025-08-08,True,True,2025,8,3,Salary Week,Festival Sale
3903,1106,2025-02-11,True,False,2025,2,1,Salary Week,Regular Sale
3904,3395,2025-02-20,False,True,2025,2,1,Regular Week,Festival Sale
3905,3292,2025-06-02,False,True,2025,6,2,Regular Week,Festival Sale
3906,1377,2025-02-05,False,False,2025,2,1,Regular Week,Regular Sale
3907,4191,2025-10-12,True,True,2025,10,4,Salary Week,Festival Sale
3908,1350,2025-06-09,True,True,2025,6,2,Salary Week,Festival Sale
3909,1174,2025-10-24,True,True,2025,10,4,Salary Week,Festival Sale
3910,2883,2025-12-20,False,False,2025,12,4,Regular Week,Regular Sale
3911,1781,2025-01-12,True,True,2025,1,1,Salary Week,Festival Sale
3912,2552,2025-04-20,False,True,2025,4,2,Regular Week,Festival Sale
3913,4423,2025-05-15,True,False,2025,5,2,Salary Week,Regular Sale
3914,3191,2025-08-22,False,True,2025,8,3,Regular Week,Festival Sale
3915,1528,2025-12-11,False,True,2025,12,4,Regular Week,Festival Sale
3916,3696,2025-09-26,True,False,2025,9,3,Salary Week,Regular Sale
3917,767,2025-05-04,False,False,2025,5,2,Regular Week,Regular Sale
3918,2200,2025-11-30,False,False,2025,11,4,Regular Week,Regular Sale
3919,3231,2025-06-20,True,False,2025,6,2,Salary Week,Regular Sale
3920,2027,2025-01-08,True,True,2025,1,1,Salary Week,Festival Sale
3921,1050,2025-11-15,True,False,2025,11,4,Salary Week,Regular Sale
3922,2559,2025-05-04,True,True,2025,5,2,Salary Week,Festival Sale
3923,4885,2025-09-30,False,False,2025,9,3,Regular Week,Regular Sale
3924,1092,2025-02-15,False,False,2025,2,1,Regular Week,Regular Sale
3925,1824,2025-06-30,True,True,2025,6,2,Salary Week,Festival Sale
3926,1600,2025-04-22,True,False,2025,4,2,Salary Week,Regular Sale
3927,4053,2025-08-12,True,False,2025,8,3,Salary Week,Regular Sale
3928,1510,2025-02-07,False,True,2025,2,1,Regular Week,Festival Sale
3929,2690,2025-12-28,False,True,2025,12,4,Regular Week,Festival Sale
3930,3599,2025-01-25,True,False,2025,1,1,Salary Week,Regular Sale
3931,4873,2025-02-09,False,True,2025,2,1,Regular Week,Festival Sale
3932,2730,2025-09-10,True,False,2025,9,3,Salary Week,Regular Sale
3933,4786,2025-08-26,True,True,2025,8,3,Salary Week,Festival Sale
3934,3560,2025-11-30,False,False,2025,11,4,Regular Week,Regular Sale
3935,4129,2025-08-27,True,False,2025,8,3,Salary Week,Regular Sale
3936,595,2025-09-04,True,True,2025,9,3,Salary Week,Festival Sale
3937,1415,2025-01-20,False,True,2025,1,1,Regular Week,Festival Sale
3938,698,2025-05-12,False,True,2025,5,2,Regular Week,Festival Sale
3939,3954,2025-03-20,True,False,2025,3,1,Salary Week,Regular Sale
3940,3805,2025-08-25,False,True,2025,8,3,Regular Week,Festival Sale
3941,968,2025-02-03,False,False,2025,2,1,Regular Week,Regular Sale
3942,2713,2025-03-12,True,False,2025,3,1,Salary Week,Regular Sale
3943,1059,2025-09-03,True,False,2025,9,3,Salary Week,Regular Sale
3944,3469,2025-09-19,False,False,2025,9,3,Regular Week,Regular Sale
3945,1609,2025-12-29,True,False,2025,12,4,Salary Week,Regular Sale
3946,116,2025-04-23,True,False,2025,4,2,Salary Week,Regular Sale
3947,661,2025-10-13,True,False,2025,10,4,Salary Week,Regular Sale
3948,2330,2025-05-22,False,False,2025,5,2,Regular Week,Regular Sale
3949,1059,2025-12-28,True,False,2025,12,4,Salary Week,Regular Sale
3950,3863,2025-11-28,True,False,2025,11,4,Salary Week,Regular Sale
3951,180,2025-04-27,True,False,2025,4,2,Salary Week,Regular Sale
3952,1719,2025-12-11,True,True,2025,12,4,Salary Week,Festival Sale
3953,3854,2025-05-17,True,False,2025,5,2,Salary Week,Regular Sale
3954,2131,2025-11-13,True,True,2025,11,4,Salary Week,Festival Sale
3955,4128,2025-09-20,False,False,2025,9,3,Regular Week,Regular Sale
3956,4124,2025-02-08,True,True,2025,2,1,Salary Week,Festival Sale
3957,4555,2025-11-13,True,False,2025,11,4,Salary Week,Regular Sale
3958,4268,2025-09-03,True,False,2025,9,3,Salary Week,Regular Sale
3959,1940,2025-04-29,False,True,2025,4,2,Regular Week,Festival Sale
3960,2904,2025-06-16,True,False,2025,6,2,Salary Week,Regular Sale
3961,3673,2025-05-22,False,False,2025,5,2,Regular Week,Regular Sale
3962,2945,2025-01-25,True,False,2025,1,1,Salary Week,Regular Sale
3963,1173,2025-01-15,False,False,2025,1,1,Regular Week,Regular Sale
3964,2761,2025-12-03,False,True,2025,12,4,Regular Week,Festival Sale
3965,1099,2025-11-25,True,False,2025,11,4,Salary Week,Regular Sale
3966,956,2025-04-04,False,True,2025,4,2,Regular Week,Festival Sale
3967,136,2025-10-25,True,True,2025,10,4,Salary Week,Festival Sale
3968,2225,2025-07-14,True,True,2025,7,3,Salary Week,Festival Sale
3969,4055,2025-12-05,False,True,2025,12,4,Regular Week,Festival Sale
3970,266,2025-05-26,False,False,2025,5,2,Regular Week,Regular Sale
3971,2395,2025-12-18,True,True,2025,12,4,Salary Week,Festival Sale
3972,2702,2025-10-10,False,True,2025,10,4,Regular Week,Festival Sale
3973,3010,2025-07-30,False,True,2025,7,3,Regular Week,Festival Sale
3974,529,2025-08-04,True,False,2025,8,3,Salary Week,Regular Sale
3975,3793,2025-11-13,True,True,2025,11,4,Salary Week,Festival Sale
3976,4846,2025-10-29,False,True,2025,10,4,Regular Week,Festival Sale
3977,2839,2025-09-17,True,False,2025,9,3,Salary Week,Regular Sale
3978,4153,2025-06-14,False,True,2025,6,2,Regular Week,Festival Sale
3979,2006,2025-02-13,False,True,2025,2,1,Regular Week,Festival Sale
3980,1642,2025-01-13,False,False,2025,1,1,Regular Week,Regular Sale
3981,4566,2025-12-14,True,False,2025,12,4,Salary Week,Regular Sale
3982,1047,2025-02-13,True,True,2025,2,1,Salary Week,Festival Sale
3983,4269,2025-04-25,False,False,2025,4,2,Regular Week,Regular Sale
3984,1953,2025-11-26,True,False,2025,11,4,Salary Week,Regular Sale
3985,4423,2025-03-12,False,False,2025,3,1,Regular Week,Regular Sale
3986,3255,2025-10-29,True,True,2025,10,4,Salary Week,Festival Sale
3987,2945,2025-04-26,True,True,2025,4,2,Salary Week,Festival Sale
3988,3035,2025-04-24,True,True,2025,4,2,Salary Week,Festival Sale
3989,919,2025-01-19,True,True,2025,1,1,Salary Week,Festival Sale
3990,4159,2025-06-10,False,False,2025,6,2,Regular Week,Regular Sale
3991,4436,2025-04-07,True,False,2025,4,2,Salary Week,Regular Sale
3992,440,2025-09-20,False,True,2025,9,3,Regular Week,Festival Sale
3993,1950,2025-09-09,True,True,2025,9,3,Salary Week,Festival Sale
3994,3164,2025-04-28,False,True,2025,4,2,Regular Week,Festival Sale
3995,2888,2025-04-01,True,False,2025,4,2,Salary Week,Regular Sale
3996,835,2025-09-30,False,True,2025,9,3,Regular Week,Festival Sale
3997,3846,2025-01-27,True,False,2025,1,1,Salary Week,Regular Sale
3998,4365,2026-01-05,False,False,2026,1,1,Regular Week,Regular Sale
3999,4709,2025-09-16,False,False,2025,9,3,Regular Week,Regular Sale
4000,4908,2025-02-07,True,False,2025,2,1,Salary Week,Regular Sale
4001,4322,2025-12-06,False,True,2025,12,4,Regular Week,Festival Sale
4002,4413,2025-05-16,True,True,2025,5,2,Salary Week,Festival Sale
4003,2637,2025-09-27,False,False,2025,9,3,Regular Week,Regular Sale
4004,1485,2025-03-13,False,True,2025,3,1,Regular Week,Festival Sale
4005,3520,2025-11-29,False,False,2025,11,4,Regular Week,Regular Sale
4006,3303,2025-01-08,False,True,2025,1,1,Regular Week,Festival Sale
4007,3396,2025-10-04,True,False,2025,10,4,Salary Week,Regular Sale
4008,294,2025-11-28,False,True,2025,11,4,Regular Week,Festival Sale
4009,4862,2025-12-25,True,False,2025,12,4,Salary Week,Regular Sale
4010,3576,2025-12-16,True,True,2025,12,4,Salary Week,Festival Sale
4011,1283,2025-07-10,False,True,2025,7,3,Regular Week,Festival Sale
4012,3557,2025-03-29,True,False,2025,3,1,Salary Week,Regular Sale
4013,796,2025-06-10,False,False,2025,6,2,Regular Week,Regular Sale
4014,1114,2025-03-11,False,True,2025,3,1,Regular Week,Festival Sale
4015,4225,2025-01-19,False,True,2025,1,1,Regular Week,Festival Sale
4016,432,2025-06-17,False,False,2025,6,2,Regular Week,Regular Sale
4017,2914,2025-10-15,True,True,2025,10,4,Salary Week,Festival Sale
4018,21,2025-08-21,False,True,2025,8,3,Regular Week,Festival Sale
4019,499,2025-09-01,False,False,2025,9,3,Regular Week,Regular Sale
4020,3284,2025-03-21,True,False,2025,3,1,Salary Week,Regular Sale
4021,3771,2025-04-07,True,False,2025,4,2,Salary Week,Regular Sale
4022,2192,2025-04-29,False,False,2025,4,2,Regular Week,Regular Sale
4023,1380,2025-07-23,True,False,2025,7,3,Salary Week,Regular Sale
4024,2866,2025-08-18,True,False,2025,8,3,Salary Week,Regular Sale
4025,48,2025-11-19,False,False,2025,11,4,Regular Week,Regular Sale
4026,1599,2025-05-26,True,True,2025,5,2,Salary Week,Festival Sale
4027,4169,2025-01-28,False,False,2025,1,1,Regular Week,Regular Sale
4028,1325,2025-07-22,False,True,2025,7,3,Regular Week,Festival Sale
4029,2287,2025-09-13,False,False,2025,9,3,Regular Week,Regular Sale
4030,1885,2025-07-22,False,False,2025,7,3,Regular Week,Regular Sale
4031,4457,2025-08-18,False,False,2025,8,3,Regular Week,Regular Sale
4032,2249,2025-11-06,True,True,2025,11,4,Salary Week,Festival Sale
4033,3845,2025-11-28,False,False,2025,11,4,Regular Week,Regular Sale
4034,2646,2025-02-12,True,True,2025,2,1,Salary Week,Festival Sale
4035,4566,2025-06-27,False,False,2025,6,2,Regular Week,Regular Sale
4036,171,2025-06-06,True,True,2025,6,2,Salary Week,Festival Sale
4037,4371,2025-05-18,True,True,2025,5,2,Salary Week,Festival Sale
4038,60,2025-08-23,True,True,2025,8,3,Salary Week,Festival Sale
4039,21,2025-10-01,False,False,2025,10,4,Regular Week,Regular Sale
4040,3306,2025-01-21,True,False,2025,1,1,Salary Week,Regular Sale
4041,4760,2025-08-27,True,True,2025,8,3,Salary Week,Festival Sale
4042,3290,2025-07-06,False,True,2025,7,3,Regular Week,Festival Sale
4043,4351,2025-01-07,True,True,2025,1,1,Salary Week,Festival Sale
4044,3077,2025-01-21,False,True,2025,1,1,Regular Week,Festival Sale
4045,4266,2025-08-03,False,True,2025,8,3,Regular Week,Festival Sale
4046,2786,2025-09-28,False,False,2025,9,3,Regular Week,Regular Sale
4047,754,2025-12-18,True,False,2025,12,4,Salary Week,Regular Sale
4048,3063,2025-08-24,True,False,2025,8,3,Salary Week,Regular Sale
4049,2294,2025-05-31,False,False,2025,5,2,Regular Week,Regular Sale
4050,4246,2025-08-27,False,True,2025,8,3,Regular Week,Festival Sale
4051,3215,2026-01-04,False,False,2026,1,1,Regular Week,Regular Sale
4052,671,2025-03-31,False,True,2025,3,1,Regular Week,Festival Sale
4053,2263,2025-01-17,True,False,2025,1,1,Salary Week,Regular Sale
4054,4364,2025-04-30,True,True,2025,4,2,Salary Week,Festival Sale
4055,3809,2025-10-14,True,True,2025,10,4,Salary Week,Festival Sale
4056,3148,2025-11-07,True,False,2025,11,4,Salary Week,Regular Sale
4057,1247,2025-03-19,False,False,2025,3,1,Regular Week,Regular Sale
4058,2807,2025-03-11,True,False,2025,3,1,Salary Week,Regular Sale
4059,3927,2025-05-19,False,False,2025,5,2,Regular Week,Regular Sale
4060,4670,2025-10-25,True,False,2025,10,4,Salary Week,Regular Sale
4061,2713,2025-01-11,False,False,2025,1,1,Regular Week,Regular Sale
4062,4384,2025-08-27,False,False,2025,8,3,Regular Week,Regular Sale
4063,1014,2025-12-09,False,True,2025,12,4,Regular Week,Festival Sale
4064,4004,2025-06-11,False,True,2025,6,2,Regular Week,Festival Sale
4065,4380,2025-11-11,False,False,2025,11,4,Regular Week,Regular Sale
4066,3721,2025-01-10,True,True,2025,1,1,Salary Week,Festival Sale
4067,4224,2025-09-24,True,False,2025,9,3,Salary Week,Regular Sale
4068,2582,2025-06-18,True,True,2025,6,2,Salary Week,Festival Sale
4069,3391,2025-07-23,True,True,2025,7,3,Salary Week,Festival Sale
4070,2949,2025-03-22,False,False,2025,3,1,Regular Week,Regular Sale
4071,4006,2025-02-25,True,False,2025,2,1,Salary Week,Regular Sale
4072,656,2025-07-10,True,True,2025,7,3,Salary Week,Festival Sale
4073,3545,2025-11-02,True,True,2025,11,4,Salary Week,Festival Sale
4074,4538,2025-03-28,True,False,2025,3,1,Salary Week,Regular Sale
4075,1948,2025-07-25,True,False,2025,7,3,Salary Week,Regular Sale
4076,4444,2025-09-03,True,True,2025,9,3,Salary Week,Festival Sale
4077,1474,2025-10-20,False,False,2025,10,4,Regular Week,Regular Sale
4078,2441,2025-03-11,True,False,2025,3,1,Salary Week,Regular Sale
4079,3972,2025-01-18,False,True,2025,1,1,Regular Week,Festival Sale
4080,1556,2025-01-06,True,False,2025,1,1,Salary Week,Regular Sale
4081,1975,2025-03-22,False,True,2025,3,1,Regular Week,Festival Sale
4082,250,2025-07-23,True,False,2025,7,3,Salary Week,Regular Sale
4083,1396,2025-03-11,True,True,2025,3,1,Salary Week,Festival Sale
4084,92,2025-09-20,False,False,2025,9,3,Regular Week,Regular Sale
4085,365,2025-01-24,True,False,2025,1,1,Salary Week,Regular Sale
4086,1803,2025-05-11,True,False,2025,5,2,Salary Week,Regular Sale
4087,850,2025-04-18,False,True,2025,4,2,Regular Week,Festival Sale
4088,1336,2025-06-24,True,False,2025,6,2,Salary Week,Regular Sale
4089,1855,2025-04-19,True,False,2025,4,2,Salary Week,Regular Sale
4090,1905,2025-12-07,False,True,2025,12,4,Regular Week,Festival Sale
4091,3969,2025-04-03,True,True,2025,4,2,Salary Week,Festival Sale
4092,3434,2025-09-11,False,False,2025,9,3,Regular Week,Regular Sale
4093,2277,2025-10-11,True,True,2025,10,4,Salary Week,Festival Sale
4094,1068,2025-05-04,True,True,2025,5,2,Salary Week,Festival Sale
4095,228,2025-07-01,False,False,2025,7,3,Regular Week,Regular Sale
4096,811,2025-09-08,False,True,2025,9,3,Regular Week,Festival Sale
4097,764,2025-05-14,False,True,2025,5,2,Regular Week,Festival Sale
4098,4210,2025-05-24,False,True,2025,5,2,Regular Week,Festival Sale
4099,325,2025-09-30,True,False,2025,9,3,Salary Week,Regular Sale
4100,4414,2025-02-16,False,True,2025,2,1,Regular Week,Festival Sale
4101,4216,2025-07-06,False,True,2025,7,3,Regular Week,Festival Sale
4102,2712,2025-01-17,False,False,2025,1,1,Regular Week,Regular Sale
4103,4778,2025-04-16,True,False,2025,4,2,Salary Week,Regular Sale
4104,1619,2025-01-26,False,False,2025,1,1,Regular Week,Regular Sale
4105,3554,2025-05-26,False,True,2025,5,2,Regular Week,Festival Sale
4106,4802,2025-03-02,True,True,2025,3,1,Salary Week,Festival Sale
4107,716,2025-02-09,True,False,2025,2,1,Salary Week,Regular Sale
4108,260,2025-08-25,False,False,2025,8,3,Regular Week,Regular Sale
4109,1342,2025-04-14,True,False,2025,4,2,Salary Week,Regular Sale
4110,52,2025-04-30,True,True,2025,4,2,Salary Week,Festival Sale
4111,4648,2025-05-21,True,True,2025,5,2,Salary Week,Festival Sale
4112,3006,2026-01-03,False,False,2026,1,1,Regular Week,Regular Sale
4113,4612,2025-11-22,True,True,2025,11,4,Salary Week,Festival Sale
4114,4207,2025-03-20,True,True,2025,3,1,Salary Week,Festival Sale
4115,972,2025-08-12,False,False,2025,8,3,Regular Week,Regular Sale
4116,1530,2025-05-14,False,True,2025,5,2,Regular Week,Festival Sale
4117,3932,2025-07-10,False,True,2025,7,3,Regular Week,Festival Sale
4118,2231,2025-12-23,False,False,2025,12,4,Regular Week,Regular Sale
4119,1191,2025-01-22,True,False,2025,1,1,Salary Week,Regular Sale
4120,4852,2025-06-29,True,True,2025,6,2,Salary Week,Festival Sale
4121,2585,2025-09-21,True,False,2025,9,3,Salary Week,Regular Sale
4122,3677,2025-08-02,True,False,2025,8,3,Salary Week,Regular Sale
4123,4710,2025-02-19,False,True,2025,2,1,Regular Week,Festival Sale
4124,727,2025-03-23,False,False,2025,3,1,Regular Week,Regular Sale
4125,1400,2025-10-12,True,True,2025,10,4,Salary Week,Festival Sale
4126,2789,2025-09-17,False,False,2025,9,3,Regular Week,Regular Sale
4127,2127,2025-04-13,False,False,2025,4,2,Regular Week,Regular Sale
4128,3296,2025-10-21,False,True,2025,10,4,Regular Week,Festival Sale
4129,3621,2025-04-08,False,False,2025,4,2,Regular Week,Regular Sale
4130,2347,2025-12-11,False,True,2025,12,4,Regular Week,Festival Sale
4131,3041,2025-08-12,True,True,2025,8,3,Salary Week,Festival Sale
4132,172,2025-08-02,True,True,2025,8,3,Salary Week,Festival Sale
4133,2934,2025-08-23,True,True,2025,8,3,Salary Week,Festival Sale
4134,1888,2025-09-10,False,False,2025,9,3,Regular Week,Regular Sale
4135,1739,2025-11-23,True,False,2025,11,4,Salary Week,Regular Sale
4136,263,2025-02-02,False,False,2025,2,1,Regular Week,Regular Sale
4137,2417,2025-10-01,False,True,2025,10,4,Regular Week,Festival Sale
4138,4482,2025-12-29,False,True,2025,12,4,Regular Week,Festival Sale
4139,611,2025-11-19,True,False,2025,11,4,Salary Week,Regular Sale
4140,344,2025-10-15,False,False,2025,10,4,Regular Week,Regular Sale
4141,4315,2025-06-06,True,False,2025,6,2,Salary Week,Regular Sale
4142,70,2025-03-20,True,True,2025,3,1,Salary Week,Festival Sale
4143,3741,2025-12-03,False,True,2025,12,4,Regular Week,Festival Sale
4144,2938,2025-06-17,False,True,2025,6,2,Regular Week,Festival Sale
4145,2908,2025-04-01,True,True,2025,4,2,Salary Week,Festival Sale
4146,2253,2025-10-21,False,True,2025,10,4,Regular Week,Festival Sale
4147,3997,2025-10-23,True,True,2025,10,4,Salary Week,Festival Sale
4148,4457,2025-03-07,True,True,2025,3,1,Salary Week,Festival Sale
4149,2034,2025-10-04,True,True,2025,10,4,Salary Week,Festival Sale
4150,4726,2025-03-13,True,False,2025,3,1,Salary Week,Regular Sale
4151,4028,2025-06-04,True,True,2025,6,2,Salary Week,Festival Sale
4152,2861,2025-02-02,True,False,2025,2,1,Salary Week,Regular Sale
4153,319,2025-11-23,True,False,2025,11,4,Salary Week,Regular Sale
4154,3026,2025-11-26,False,True,2025,11,4,Regular Week,Festival Sale
4155,1515,2025-06-12,False,True,2025,6,2,Regular Week,Festival Sale
4156,1428,2025-09-09,True,False,2025,9,3,Salary Week,Regular Sale
4157,3715,2025-10-25,True,False,2025,10,4,Salary Week,Regular Sale
4158,2717,2025-01-19,True,False,2025,1,1,Salary Week,Regular Sale
4159,3737,2025-05-27,False,False,2025,5,2,Regular Week,Regular Sale
4160,483,2025-04-17,False,False,2025,4,2,Regular Week,Regular Sale
4161,2573,2025-02-20,True,False,2025,2,1,Salary Week,Regular Sale
4162,4373,2025-08-14,False,True,2025,8,3,Regular Week,Festival Sale
4163,2623,2025-01-06,False,False,2025,1,1,Regular Week,Regular Sale
4164,748,2025-12-07,True,False,2025,12,4,Salary Week,Regular Sale
4165,3357,2025-04-04,False,True,2025,4,2,Regular Week,Festival Sale
4166,1562,2025-10-25,False,True,2025,10,4,Regular Week,Festival Sale
4167,2852,2025-01-07,False,False,2025,1,1,Regular Week,Regular Sale
4168,3961,2025-11-18,False,False,2025,11,4,Regular Week,Regular Sale
4169,2095,2025-10-06,False,False,2025,10,4,Regular Week,Regular Sale
4170,4266,2025-08-23,True,True,2025,8,3,Salary Week,Festival Sale
4171,121,2025-08-10,True,True,2025,8,3,Salary Week,Festival Sale
4172,2960,2025-06-19,True,True,2025,6,2,Salary Week,Festival Sale
4173,2516,2025-07-01,True,False,2025,7,3,Salary Week,Regular Sale
4174,2952,2025-08-02,False,False,2025,8,3,Regular Week,Regular Sale
4175,779,2025-11-19,True,False,2025,11,4,Salary Week,Regular Sale
4176,1376,2025-01-15,False,False,2025,1,1,Regular Week,Regular Sale
4177,1666,2025-01-06,True,True,2025,1,1,Salary Week,Festival Sale
4178,587,2025-12-07,True,True,2025,12,4,Salary Week,Festival Sale
4179,2008,2025-07-04,False,True,2025,7,3,Regular Week,Festival Sale
4180,3455,2025-06-18,True,False,2025,6,2,Salary Week,Regular Sale
4181,2549,2025-07-08,True,True,2025,7,3,Salary Week,Festival Sale
4182,3745,2025-10-13,True,False,2025,10,4,Salary Week,Regular Sale
4183,679,2025-04-21,True,False,2025,4,2,Salary Week,Regular Sale
4184,2867,2026-01-02,False,True,2026,1,1,Regular Week,Festival Sale
4185,745,2025-07-16,True,True,2025,7,3,Salary Week,Festival Sale
4186,2653,2025-01-12,False,True,2025,1,1,Regular Week,Festival Sale
4187,131,2025-12-31,True,True,2025,12,4,Salary Week,Festival Sale
4188,3397,2025-05-09,False,True,2025,5,2,Regular Week,Festival Sale
4189,1423,2025-03-23,True,False,2025,3,1,Salary Week,Regular Sale
4190,4765,2025-02-10,False,False,2025,2,1,Regular Week,Regular Sale
4191,4563,2026-01-02,True,True,2026,1,1,Salary Week,Festival Sale
4192,352,2025-03-23,False,True,2025,3,1,Regular Week,Festival Sale
4193,3643,2025-02-27,False,True,2025,2,1,Regular Week,Festival Sale
4194,1711,2025-09-28,False,False,2025,9,3,Regular Week,Regular Sale
4195,2350,2025-02-01,False,False,2025,2,1,Regular Week,Regular Sale
4196,3487,2025-01-11,True,False,2025,1,1,Salary Week,Regular Sale
4197,4659,2025-01-11,False,True,2025,1,1,Regular Week,Festival Sale
4198,2649,2025-05-21,True,True,2025,5,2,Salary Week,Festival Sale
4199,3968,2025-08-20,False,True,2025,8,3,Regular Week,Festival Sale
4200,4090,2025-01-29,True,False,2025,1,1,Salary Week,Regular Sale
4201,1236,2025-11-05,False,False,2025,11,4,Regular Week,Regular Sale
4202,1341,2026-01-01,False,False,2026,1,1,Regular Week,Regular Sale
4203,4758,2025-08-11,False,False,2025,8,3,Regular Week,Regular Sale
4204,2409,2025-05-15,False,False,2025,5,2,Regular Week,Regular Sale
4205,4167,2025-09-11,True,False,2025,9,3,Salary Week,Regular Sale
4206,3689,2025-02-28,True,False,2025,2,1,Salary Week,Regular Sale
4207,1984,2025-12-17,False,False,2025,12,4,Regular Week,Regular Sale
4208,1523,2025-05-23,False,True,2025,5,2,Regular Week,Festival Sale
4209,1392,2025-01-10,False,True,2025,1,1,Regular Week,Festival Sale
4210,2048,2026-01-03,True,False,2026,1,1,Salary Week,Regular Sale
4211,3023,2025-02-07,True,False,2025,2,1,Salary Week,Regular Sale
4212,3315,2025-12-21,False,True,2025,12,4,Regular Week,Festival Sale
4213,2937,2025-08-09,False,False,2025,8,3,Regular Week,Regular Sale
4214,2564,2025-09-30,True,True,2025,9,3,Salary Week,Festival Sale
4215,162,2025-12-09,False,True,2025,12,4,Regular Week,Festival Sale
4216,4373,2025-03-31,False,False,2025,3,1,Regular Week,Regular Sale
4217,1213,2025-10-08,False,False,2025,10,4,Regular Week,Regular Sale
4218,3184,2025-07-28,True,False,2025,7,3,Salary Week,Regular Sale
4219,4116,2025-11-20,False,True,2025,11,4,Regular Week,Festival Sale
4220,3289,2025-08-10,False,False,2025,8,3,Regular Week,Regular Sale
4221,3537,2025-05-22,True,False,2025,5,2,Salary Week,Regular Sale
4222,3155,2025-10-03,True,False,2025,10,4,Salary Week,Regular Sale
4223,4679,2025-03-27,False,True,2025,3,1,Regular Week,Festival Sale
4224,2260,2025-10-24,True,True,2025,10,4,Salary Week,Festival Sale
4225,1314,2025-07-31,True,False,2025,7,3,Salary Week,Regular Sale
4226,4842,2025-07-24,True,False,2025,7,3,Salary Week,Regular Sale
4227,202,2025-03-14,False,False,2025,3,1,Regular Week,Regular Sale
4228,4597,2025-08-02,False,True,2025,8,3,Regular Week,Festival Sale
4229,2979,2025-05-01,False,False,2025,5,2,Regular Week,Regular Sale
4230,2454,2025-07-02,True,True,2025,7,3,Salary Week,Festival Sale
4231,2986,2025-01-29,False,False,2025,1,1,Regular Week,Regular Sale
4232,3911,2025-12-30,True,False,2025,12,4,Salary Week,Regular Sale
4233,719,2025-09-25,True,True,2025,9,3,Salary Week,Festival Sale
4234,3789,2025-02-22,True,True,2025,2,1,Salary Week,Festival Sale
4235,3080,2025-02-21,False,True,2025,2,1,Regular Week,Festival Sale
4236,4712,2025-04-09,False,False,2025,4,2,Regular Week,Regular Sale
4237,4901,2025-04-17,True,False,2025,4,2,Salary Week,Regular Sale
4238,571,2025-09-26,True,True,2025,9,3,Salary Week,Festival Sale
4239,1417,2025-11-18,False,False,2025,11,4,Regular Week,Regular Sale
4240,4573,2025-07-21,False,True,2025,7,3,Regular Week,Festival Sale
4241,3853,2025-11-21,False,False,2025,11,4,Regular Week,Regular Sale
4242,1315,2025-01-24,False,True,2025,1,1,Regular Week,Festival Sale
4243,393,2025-11-04,False,True,2025,11,4,Regular Week,Festival Sale
4244,1873,2025-12-30,True,True,2025,12,4,Salary Week,Festival Sale
4245,957,2025-11-25,False,True,2025,11,4,Regular Week,Festival Sale
4246,2575,2025-06-27,True,False,2025,6,2,Salary Week,Regular Sale
4247,3120,2025-07-10,True,True,2025,7,3,Salary Week,Festival Sale
4248,359,2025-04-08,False,False,2025,4,2,Regular Week,Regular Sale
4249,2199,2025-12-07,False,False,2025,12,4,Regular Week,Regular Sale
4250,4882,2025-12-05,True,False,2025,12,4,Salary Week,Regular Sale
4251,1840,2025-04-04,False,True,2025,4,2,Regular Week,Festival Sale
4252,1773,2025-12-22,True,False,2025,12,4,Salary Week,Regular Sale
4253,20,2025-07-04,False,False,2025,7,3,Regular Week,Regular Sale
4254,4121,2025-10-15,True,False,2025,10,4,Salary Week,Regular Sale
4255,547,2025-11-17,False,False,2025,11,4,Regular Week,Regular Sale
4256,1800,2025-07-23,True,False,2025,7,3,Salary Week,Regular Sale
4257,1985,2025-08-27,False,False,2025,8,3,Regular Week,Regular Sale
4258,3128,2025-02-03,False,False,2025,2,1,Regular Week,Regular Sale
4259,2675,2025-07-16,False,False,2025,7,3,Regular Week,Regular Sale
4260,1175,2025-11-23,True,True,2025,11,4,Salary Week,Festival Sale
4261,167,2025-03-07,True,False,2025,3,1,Salary Week,Regular Sale
4262,4382,2025-07-15,False,False,2025,7,3,Regular Week,Regular Sale
4263,1557,2025-06-26,True,False,2025,6,2,Salary Week,Regular Sale
4264,1223,2025-08-25,True,True,2025,8,3,Salary Week,Festival Sale
4265,2628,2025-12-07,False,True,2025,12,4,Regular Week,Festival Sale
4266,4179,2025-07-07,True,True,2025,7,3,Salary Week,Festival Sale
4267,1383,2025-04-12,False,True,2025,4,2,Regular Week,Festival Sale
4268,2805,2025-11-09,True,False,2025,11,4,Salary Week,Regular Sale
4269,2851,2025-10-14,False,False,2025,10,4,Regular Week,Regular Sale
4270,703,2025-08-05,True,False,2025,8,3,Salary Week,Regular Sale
4271,3720,2025-01-29,True,True,2025,1,1,Salary Week,Festival Sale
4272,2374,2025-04-29,True,True,2025,4,2,Salary Week,Festival Sale
4273,1852,2025-06-30,True,False,2025,6,2,Salary Week,Regular Sale
4274,3230,2025-04-13,True,False,2025,4,2,Salary Week,Regular Sale
4275,4992,2025-01-31,True,True,2025,1,1,Salary Week,Festival Sale
4276,3008,2025-08-27,False,True,2025,8,3,Regular Week,Festival Sale
4277,2572,2025-10-08,False,False,2025,10,4,Regular Week,Regular Sale
4278,4026,2025-05-07,True,False,2025,5,2,Salary Week,Regular Sale
4279,4589,2025-01-26,True,True,2025,1,1,Salary Week,Festival Sale
4280,2402,2025-11-22,False,False,2025,11,4,Regular Week,Regular Sale
4281,1571,2025-10-03,False,False,2025,10,4,Regular Week,Regular Sale
4282,4544,2025-10-05,False,True,2025,10,4,Regular Week,Festival Sale
4283,1362,2025-07-08,True,False,2025,7,3,Salary Week,Regular Sale
4284,456,2025-12-23,True,False,2025,12,4,Salary Week,Regular Sale
4285,2977,2025-04-27,False,True,2025,4,2,Regular Week,Festival Sale
4286,4970,2025-12-12,False,False,2025,12,4,Regular Week,Regular Sale
4287,905,2025-09-11,False,False,2025,9,3,Regular Week,Regular Sale
4288,4829,2025-09-17,True,True,2025,9,3,Salary Week,Festival Sale
4289,1406,2025-09-19,False,True,2025,9,3,Regular Week,Festival Sale
4290,3147,2025-07-28,False,True,2025,7,3,Regular Week,Festival Sale
4291,1802,2025-06-06,False,False,2025,6,2,Regular Week,Regular Sale
4292,3338,2025-11-25,False,True,2025,11,4,Regular Week,Festival Sale
4293,2593,2025-11-08,True,True,2025,11,4,Salary Week,Festival Sale
4294,4165,2025-04-07,False,True,2025,4,2,Regular Week,Festival Sale
4295,192,2025-08-12,False,True,2025,8,3,Regular Week,Festival Sale
4296,4682,2025-10-04,False,False,2025,10,4,Regular Week,Regular Sale
4297,2086,2025-12-23,False,True,2025,12,4,Regular Week,Festival Sale
4298,3291,2025-09-11,True,False,2025,9,3,Salary Week,Regular Sale
4299,783,2025-03-21,False,True,2025,3,1,Regular Week,Festival Sale
4300,219,2025-11-28,True,True,2025,11,4,Salary Week,Festival Sale
4301,3825,2025-03-13,True,True,2025,3,1,Salary Week,Festival Sale
4302,254,2025-04-01,True,True,2025,4,2,Salary Week,Festival Sale
4303,4320,2025-05-15,False,True,2025,5,2,Regular Week,Festival Sale
4304,4141,2025-03-17,False,True,2025,3,1,Regular Week,Festival Sale
4305,4325,2025-08-15,True,False,2025,8,3,Salary Week,Regular Sale
4306,240,2025-05-16,False,False,2025,5,2,Regular Week,Regular Sale
4307,4400,2025-06-02,True,True,2025,6,2,Salary Week,Festival Sale
4308,3252,2025-05-23,True,False,2025,5,2,Salary Week,Regular Sale
4309,1165,2025-11-27,True,True,2025,11,4,Salary Week,Festival Sale
4310,4970,2025-12-19,False,True,2025,12,4,Regular Week,Festival Sale
4311,168,2025-01-30,True,True,2025,1,1,Salary Week,Festival Sale
4312,2059,2025-02-13,False,True,2025,2,1,Regular Week,Festival Sale
4313,4536,2026-01-06,True,False,2026,1,1,Salary Week,Regular Sale
4314,3593,2025-06-20,False,False,2025,6,2,Regular Week,Regular Sale
4315,574,2025-01-17,False,False,2025,1,1,Regular Week,Regular Sale
4316,4627,2025-05-13,True,False,2025,5,2,Salary Week,Regular Sale
4317,1643,2025-02-22,False,False,2025,2,1,Regular Week,Regular Sale
4318,870,2025-10-23,False,False,2025,10,4,Regular Week,Regular Sale
4319,1702,2025-06-28,False,False,2025,6,2,Regular Week,Regular Sale
4320,1816,2025-02-27,True,True,2025,2,1,Salary Week,Festival Sale
4321,1982,2025-10-16,False,True,2025,10,4,Regular Week,Festival Sale
4322,203,2025-10-22,True,False,2025,10,4,Salary Week,Regular Sale
4323,2859,2025-06-25,True,True,2025,6,2,Salary Week,Festival Sale
4324,4293,2025-12-23,True,True,2025,12,4,Salary Week,Festival Sale
4325,3202,2025-11-19,True,True,2025,11,4,Salary Week,Festival Sale
4326,4230,2025-10-23,True,True,2025,10,4,Salary Week,Festival Sale
4327,4288,2025-05-30,True,False,2025,5,2,Salary Week,Regular Sale
4328,1669,2025-12-29,False,False,2025,12,4,Regular Week,Regular Sale
4329,4500,2025-02-21,False,False,2025,2,1,Regular Week,Regular Sale
4330,4498,2025-08-19,False,True,2025,8,3,Regular Week,Festival Sale
4331,2937,2025-02-21,True,True,2025,2,1,Salary Week,Festival Sale
4332,4856,2025-04-23,False,False,2025,4,2,Regular Week,Regular Sale
4333,764,2025-09-20,True,False,2025,9,3,Salary Week,Regular Sale
4334,1105,2025-11-19,False,True,2025,11,4,Regular Week,Festival Sale
4335,1671,2025-03-29,False,False,2025,3,1,Regular Week,Regular Sale
4336,3670,2025-06-26,False,True,2025,6,2,Regular Week,Festival Sale
4337,3273,2025-03-12,False,True,2025,3,1,Regular Week,Festival Sale
4338,3711,2025-09-16,True,False,2025,9,3,Salary Week,Regular Sale
4339,1488,2025-02-08,False,False,2025,2,1,Regular Week,Regular Sale
4340,1149,2025-10-01,True,False,2025,10,4,Salary Week,Regular Sale
4341,3568,2025-03-13,False,True,2025,3,1,Regular Week,Festival Sale
4342,4071,2025-12-17,False,False,2025,12,4,Regular Week,Regular Sale
4343,2135,2025-11-28,True,False,2025,11,4,Salary Week,Regular Sale
4344,3315,2025-04-04,False,True,2025,4,2,Regular Week,Festival Sale
4345,3504,2025-08-26,True,True,2025,8,3,Salary Week,Festival Sale
4346,2441,2025-05-10,True,False,2025,5,2,Salary Week,Regular Sale
4347,3619,2025-08-26,False,False,2025,8,3,Regular Week,Regular Sale
4348,825,2025-06-30,True,False,2025,6,2,Salary Week,Regular Sale
4349,4673,2025-02-10,False,True,2025,2,1,Regular Week,Festival Sale
4350,4619,2025-03-20,False,False,2025,3,1,Regular Week,Regular Sale
4351,3038,2025-10-06,False,False,2025,10,4,Regular Week,Regular Sale
4352,494,2025-04-20,True,True,2025,4,2,Salary Week,Festival Sale
4353,542,2025-04-13,False,False,2025,4,2,Regular Week,Regular Sale
4354,3112,2025-02-06,False,True,2025,2,1,Regular Week,Festival Sale
4355,4732,2025-12-09,False,False,2025,12,4,Regular Week,Regular Sale
4356,3777,2025-10-15,False,True,2025,10,4,Regular Week,Festival Sale
4357,1071,2025-08-05,True,True,2025,8,3,Salary Week,Festival Sale
4358,535,2025-08-30,False,True,2025,8,3,Regular Week,Festival Sale
4359,4480,2025-02-22,True,True,2025,2,1,Salary Week,Festival Sale
4360,1407,2025-06-13,False,True,2025,6,2,Regular Week,Festival Sale
4361,1287,2025-05-30,False,False,2025,5,2,Regular Week,Regular Sale
4362,2235,2025-08-05,False,True,2025,8,3,Regular Week,Festival Sale
4363,776,2025-02-20,True,False,2025,2,1,Salary Week,Regular Sale
4364,3077,2025-08-24,True,False,2025,8,3,Salary Week,Regular Sale
4365,2336,2025-09-17,True,False,2025,9,3,Salary Week,Regular Sale
4366,1212,2025-04-23,False,False,2025,4,2,Regular Week,Regular Sale
4367,261,2025-02-26,True,True,2025,2,1,Salary Week,Festival Sale
4368,4046,2025-01-30,True,False,2025,1,1,Salary Week,Regular Sale
4369,3239,2025-06-09,False,False,2025,6,2,Regular Week,Regular Sale
4370,1498,2025-08-20,True,False,2025,8,3,Salary Week,Regular Sale
4371,3993,2025-11-30,True,True,2025,11,4,Salary Week,Festival Sale
4372,4999,2025-08-12,False,False,2025,8,3,Regular Week,Regular Sale
4373,364,2025-12-23,True,True,2025,12,4,Salary Week,Festival Sale
4374,2404,2025-07-29,True,False,2025,7,3,Salary Week,Regular Sale
4375,2863,2025-12-29,False,False,2025,12,4,Regular Week,Regular Sale
4376,1557,2025-07-18,False,True,2025,7,3,Regular Week,Festival Sale
4377,99,2025-07-06,True,False,2025,7,3,Salary Week,Regular Sale
4378,4867,2025-09-03,True,True,2025,9,3,Salary Week,Festival Sale
4379,1348,2025-06-16,True,False,2025,6,2,Salary Week,Regular Sale
4380,3194,2025-03-04,False,False,2025,3,1,Regular Week,Regular Sale
4381,947,2025-05-02,False,True,2025,5,2,Regular Week,Festival Sale
4382,380,2025-05-28,True,True,2025,5,2,Salary Week,Festival Sale
4383,1348,2025-12-05,False,False,2025,12,4,Regular Week,Regular Sale
4384,1592,2025-06-10,True,True,2025,6,2,Salary Week,Festival Sale
4385,4224,2025-06-03,False,True,2025,6,2,Regular Week,Festival Sale
4386,3875,2025-07-22,True,True,2025,7,3,Salary Week,Festival Sale
4387,1428,2025-01-21,False,False,2025,1,1,Regular Week,Regular Sale
4388,1172,2025-02-15,True,False,2025,2,1,Salary Week,Regular Sale
4389,3458,2025-05-22,False,False,2025,5,2,Regular Week,Regular Sale
4390,1553,2025-02-25,True,False,2025,2,1,Salary Week,Regular Sale
4391,3529,2025-03-29,False,True,2025,3,1,Regular Week,Festival Sale
4392,572,2025-06-16,True,True,2025,6,2,Salary Week,Festival Sale
4393,4241,2025-11-03,True,False,2025,11,4,Salary Week,Regular Sale
4394,4650,2025-09-08,False,False,2025,9,3,Regular Week,Regular Sale
4395,1217,2025-01-10,False,True,2025,1,1,Regular Week,Festival Sale
4396,1996,2025-06-26,True,True,2025,6,2,Salary Week,Festival Sale
4397,207,2025-07-19,True,True,2025,7,3,Salary Week,Festival Sale
4398,930,2025-04-15,False,False,2025,4,2,Regular Week,Regular Sale
4399,3252,2025-12-14,False,True,2025,12,4,Regular Week,Festival Sale
4400,3168,2025-08-09,True,False,2025,8,3,Salary Week,Regular Sale
4401,4807,2025-05-07,True,False,2025,5,2,Salary Week,Regular Sale
4402,3430,2025-12-12,True,False,2025,12,4,Salary Week,Regular Sale
4403,906,2025-10-30,False,True,2025,10,4,Regular Week,Festival Sale
4404,47,2025-09-12,True,True,2025,9,3,Salary Week,Festival Sale
4405,4167,2025-12-22,False,True,2025,12,4,Regular Week,Festival Sale
4406,307,2025-04-19,False,False,2025,4,2,Regular Week,Regular Sale
4407,3120,2025-02-27,False,False,2025,2,1,Regular Week,Regular Sale
4408,1352,2025-08-05,False,False,2025,8,3,Regular Week,Regular Sale
4409,1406,2025-04-17,True,True,2025,4,2,Salary Week,Festival Sale
4410,1011,2025-05-16,False,False,2025,5,2,Regular Week,Regular Sale
4411,3879,2025-01-11,True,True,2025,1,1,Salary Week,Festival Sale
4412,1055,2025-07-14,True,True,2025,7,3,Salary Week,Festival Sale
4413,1862,2025-04-03,True,False,2025,4,2,Salary Week,Regular Sale
4414,4118,2025-03-10,False,False,2025,3,1,Regular Week,Regular Sale
4415,41,2025-02-14,True,True,2025,2,1,Salary Week,Festival Sale
4416,24,2025-02-20,True,True,2025,2,1,Salary Week,Festival Sale
4417,403,2025-09-02,True,False,2025,9,3,Salary Week,Regular Sale
4418,3008,2026-01-03,False,True,2026,1,1,Regular Week,Festival Sale
4419,2606,2025-08-20,True,True,2025,8,3,Salary Week,Festival Sale
4420,2788,2025-11-01,False,True,2025,11,4,Regular Week,Festival Sale
4421,464,2025-10-03,False,False,2025,10,4,Regular Week,Regular Sale
4422,2860,2025-08-09,False,True,2025,8,3,Regular Week,Festival Sale
4423,2698,2025-05-13,False,True,2025,5,2,Regular Week,Festival Sale
4424,1739,2025-12-12,False,True,2025,12,4,Regular Week,Festival Sale
4425,2232,2025-09-30,True,True,2025,9,3,Salary Week,Festival Sale
4426,2761,2025-02-15,True,True,2025,2,1,Salary Week,Festival Sale
4427,1496,2025-07-11,False,False,2025,7,3,Regular Week,Regular Sale
4428,3388,2025-10-05,True,True,2025,10,4,Salary Week,Festival Sale
4429,1702,2025-01-31,False,False,2025,1,1,Regular Week,Regular Sale
4430,953,2025-07-17,True,True,2025,7,3,Salary Week,Festival Sale
4431,4309,2025-09-24,True,True,2025,9,3,Salary Week,Festival Sale
4432,497,2025-10-23,True,False,2025,10,4,Salary Week,Regular Sale
4433,221,2025-07-05,True,True,2025,7,3,Salary Week,Festival Sale
4434,1043,2025-11-27,False,False,2025,11,4,Regular Week,Regular Sale
4435,2276,2025-03-17,True,True,2025,3,1,Salary Week,Festival Sale
4436,667,2025-06-08,False,True,2025,6,2,Regular Week,Festival Sale
4437,1116,2025-04-02,True,False,2025,4,2,Salary Week,Regular Sale
4438,4834,2025-02-11,True,False,2025,2,1,Salary Week,Regular Sale
4439,1354,2025-03-12,True,True,2025,3,1,Salary Week,Festival Sale
4440,2538,2025-06-23,False,True,2025,6,2,Regular Week,Festival Sale
4441,4933,2025-01-26,True,True,2025,1,1,Salary Week,Festival Sale
4442,4676,2025-05-13,False,False,2025,5,2,Regular Week,Regular Sale
4443,708,2025-05-12,False,False,2025,5,2,Regular Week,Regular Sale
4444,1567,2025-05-18,False,False,2025,5,2,Regular Week,Regular Sale
4445,2146,2025-10-31,True,True,2025,10,4,Salary Week,Festival Sale
4446,4186,2025-07-06,True,True,2025,7,3,Salary Week,Festival Sale
4447,2858,2025-06-19,True,False,2025,6,2,Salary Week,Regular Sale
4448,3487,2025-03-05,True,False,2025,3,1,Salary Week,Regular Sale
4449,4922,2025-08-01,True,False,2025,8,3,Salary Week,Regular Sale
4450,1385,2025-11-20,True,True,2025,11,4,Salary Week,Festival Sale
4451,809,2025-10-02,False,True,2025,10,4,Regular Week,Festival Sale
4452,908,2025-04-30,True,True,2025,4,2,Salary Week,Festival Sale
4453,4797,2025-04-27,True,False,2025,4,2,Salary Week,Regular Sale
4454,2031,2025-10-05,True,False,2025,10,4,Salary Week,Regular Sale
4455,3384,2025-09-25,True,False,2025,9,3,Salary Week,Regular Sale
4456,4092,2025-06-15,False,True,2025,6,2,Regular Week,Festival Sale
4457,1191,2025-10-16,False,True,2025,10,4,Regular Week,Festival Sale
4458,3562,2025-08-14,False,True,2025,8,3,Regular Week,Festival Sale
4459,40,2025-02-07,True,True,2025,2,1,Salary Week,Festival Sale
4460,1545,2025-10-01,False,True,2025,10,4,Regular Week,Festival Sale
4461,2898,2025-11-30,True,True,2025,11,4,Salary Week,Festival Sale
4462,2806,2025-02-20,False,True,2025,2,1,Regular Week,Festival Sale
4463,949,2025-07-14,True,False,2025,7,3,Salary Week,Regular Sale
4464,2599,2025-04-05,False,False,2025,4,2,Regular Week,Regular Sale
4465,1578,2025-07-14,False,False,2025,7,3,Regular Week,Regular Sale
4466,999,2025-12-30,True,True,2025,12,4,Salary Week,Festival Sale
4467,2569,2026-01-02,False,True,2026,1,1,Regular Week,Festival Sale
4468,2980,2025-10-22,True,True,2025,10,4,Salary Week,Festival Sale
4469,466,2025-08-27,True,False,2025,8,3,Salary Week,Regular Sale
4470,4540,2025-08-16,False,True,2025,8,3,Regular Week,Festival Sale
4471,2773,2025-06-29,True,True,2025,6,2,Salary Week,Festival Sale
4472,2408,2025-03-14,False,False,2025,3,1,Regular Week,Regular Sale
4473,4899,2025-03-10,True,True,2025,3,1,Salary Week,Festival Sale
4474,2681,2025-08-23,False,False,2025,8,3,Regular Week,Regular Sale
4475,3525,2025-08-10,True,True,2025,8,3,Salary Week,Festival Sale
4476,1073,2025-09-16,False,False,2025,9,3,Regular Week,Regular Sale
4477,3403,2025-12-23,True,False,2025,12,4,Salary Week,Regular Sale
4478,2468,2025-02-01,False,False,2025,2,1,Regular Week,Regular Sale
4479,249,2025-10-07,False,False,2025,10,4,Regular Week,Regular Sale
4480,2559,2025-02-28,True,False,2025,2,1,Salary Week,Regular Sale
4481,2302,2025-05-15,True,False,2025,5,2,Salary Week,Regular Sale
4482,3428,2025-06-30,False,False,2025,6,2,Regular Week,Regular Sale
4483,2675,2025-02-27,True,False,2025,2,1,Salary Week,Regular Sale
4484,1374,2025-02-10,False,False,2025,2,1,Regular Week,Regular Sale
4485,974,2025-08-14,False,False,2025,8,3,Regular Week,Regular Sale
4486,3392,2025-08-16,True,True,2025,8,3,Salary Week,Festival Sale
4487,4605,2025-03-31,True,True,2025,3,1,Salary Week,Festival Sale
4488,1343,2025-05-15,False,True,2025,5,2,Regular Week,Festival Sale
4489,639,2025-02-13,False,True,2025,2,1,Regular Week,Festival Sale
4490,2487,2025-07-23,True,False,2025,7,3,Salary Week,Regular Sale
4491,4609,2025-08-03,False,False,2025,8,3,Regular Week,Regular Sale
4492,3960,2025-11-08,True,True,2025,11,4,Salary Week,Festival Sale
4493,1933,2025-02-10,True,True,2025,2,1,Salary Week,Festival Sale
4494,1779,2025-05-12,True,True,2025,5,2,Salary Week,Festival Sale
4495,4487,2025-01-20,False,False,2025,1,1,Regular Week,Regular Sale
4496,2905,2025-10-30,True,True,2025,10,4,Salary Week,Festival Sale
4497,1370,2025-11-13,False,False,2025,11,4,Regular Week,Regular Sale
4498,1462,2025-02-19,False,False,2025,2,1,Regular Week,Regular Sale
4499,1493,2025-02-28,False,True,2025,2,1,Regular Week,Festival Sale
4500,469,2025-05-02,False,False,2025,5,2,Regular Week,Regular Sale
4501,1988,2025-09-17,True,True,2025,9,3,Salary Week,Festival Sale
4502,4581,2025-10-21,False,True,2025,10,4,Regular Week,Festival Sale
4503,440,2025-11-22,True,False,2025,11,4,Salary Week,Regular Sale
4504,3303,2025-09-10,True,True,2025,9,3,Salary Week,Festival Sale
4505,1567,2025-08-10,True,False,2025,8,3,Salary Week,Regular Sale
4506,3165,2025-03-23,True,True,2025,3,1,Salary Week,Festival Sale
4507,386,2025-06-05,False,False,2025,6,2,Regular Week,Regular Sale
4508,3586,2026-01-05,True,True,2026,1,1,Salary Week,Festival Sale
4509,263,2025-11-05,False,False,2025,11,4,Regular Week,Regular Sale
4510,3203,2025-10-01,True,False,2025,10,4,Salary Week,Regular Sale
4511,3769,2025-02-08,True,False,2025,2,1,Salary Week,Regular Sale
4512,1454,2025-10-23,True,True,2025,10,4,Salary Week,Festival Sale
4513,478,2025-05-08,False,True,2025,5,2,Regular Week,Festival Sale
4514,4828,2025-10-23,False,False,2025,10,4,Regular Week,Regular Sale
4515,330,2025-12-13,False,False,2025,12,4,Regular Week,Regular Sale
4516,240,2025-02-12,False,False,2025,2,1,Regular Week,Regular Sale
4517,1126,2025-04-03,False,True,2025,4,2,Regular Week,Festival Sale
4518,1961,2025-03-28,True,False,2025,3,1,Salary Week,Regular Sale
4519,1566,2025-01-30,False,True,2025,1,1,Regular Week,Festival Sale
4520,4954,2025-09-05,True,True,2025,9,3,Salary Week,Festival Sale
4521,2867,2025-05-15,False,True,2025,5,2,Regular Week,Festival Sale
4522,1259,2025-11-03,True,True,2025,11,4,Salary Week,Festival Sale
4523,1527,2025-10-22,True,False,2025,10,4,Salary Week,Regular Sale
4524,455,2025-10-05,True,True,2025,10,4,Salary Week,Festival Sale
4525,539,2025-03-31,True,False,2025,3,1,Salary Week,Regular Sale
4526,2465,2025-12-08,True,True,2025,12,4,Salary Week,Festival Sale
4527,2531,2025-05-05,True,False,2025,5,2,Salary Week,Regular Sale
4528,3041,2025-05-16,False,True,2025,5,2,Regular Week,Festival Sale
4529,1266,2025-11-14,True,False,2025,11,4,Salary Week,Regular Sale
4530,2684,2025-05-14,True,True,2025,5,2,Salary Week,Festival Sale
4531,463,2025-01-21,True,True,2025,1,1,Salary Week,Festival Sale
4532,1777,2025-04-24,False,False,2025,4,2,Regular Week,Regular Sale
4533,1800,2025-01-31,False,False,2025,1,1,Regular Week,Regular Sale
4534,935,2025-10-16,True,True,2025,10,4,Salary Week,Festival Sale
4535,949,2025-02-22,True,False,2025,2,1,Salary Week,Regular Sale
4536,785,2025-03-17,True,False,2025,3,1,Salary Week,Regular Sale
4537,4301,2025-04-25,False,False,2025,4,2,Regular Week,Regular Sale
4538,748,2025-07-07,True,True,2025,7,3,Salary Week,Festival Sale
4539,853,2025-03-23,True,True,2025,3,1,Salary Week,Festival Sale
4540,1566,2025-04-04,True,True,2025,4,2,Salary Week,Festival Sale
4541,266,2025-01-12,False,False,2025,1,1,Regular Week,Regular Sale
4542,776,2025-12-20,True,False,2025,12,4,Salary Week,Regular Sale
4543,4255,2025-12-06,True,True,2025,12,4,Salary Week,Festival Sale
4544,4261,2025-05-21,False,True,2025,5,2,Regular Week,Festival Sale
4545,14,2025-07-14,False,False,2025,7,3,Regular Week,Regular Sale
4546,4937,2025-08-22,True,False,2025,8,3,Salary Week,Regular Sale
4547,247,2025-11-19,True,True,2025,11,4,Salary Week,Festival Sale
4548,1364,2025-11-03,False,False,2025,11,4,Regular Week,Regular Sale
4549,2143,2025-03-21,True,False,2025,3,1,Salary Week,Regular Sale
4550,4449,2025-11-05,True,False,2025,11,4,Salary Week,Regular Sale
4551,4769,2025-02-25,True,False,2025,2,1,Salary Week,Regular Sale
4552,3711,2025-08-23,False,False,2025,8,3,Regular Week,Regular Sale
4553,4571,2025-01-06,True,True,2025,1,1,Salary Week,Festival Sale
4554,189,2025-07-06,True,True,2025,7,3,Salary Week,Festival Sale
4555,3761,2025-08-30,False,True,2025,8,3,Regular Week,Festival Sale
4556,4171,2025-05-09,True,False,2025,5,2,Salary Week,Regular Sale
4557,2819,2025-02-07,False,True,2025,2,1,Regular Week,Festival Sale
4558,3950,2025-03-18,True,False,2025,3,1,Salary Week,Regular Sale
4559,312,2025-10-22,False,False,2025,10,4,Regular Week,Regular Sale
4560,3922,2025-02-24,True,False,2025,2,1,Salary Week,Regular Sale
4561,1235,2025-01-27,True,True,2025,1,1,Salary Week,Festival Sale
4562,1542,2025-06-22,True,False,2025,6,2,Salary Week,Regular Sale
4563,1946,2025-02-06,False,False,2025,2,1,Regular Week,Regular Sale
4564,1762,2025-03-24,False,False,2025,3,1,Regular Week,Regular Sale
4565,2429,2025-12-14,True,False,2025,12,4,Salary Week,Regular Sale
4566,3069,2025-03-28,False,True,2025,3,1,Regular Week,Festival Sale
4567,3082,2025-10-21,False,False,2025,10,4,Regular Week,Regular Sale
4568,3557,2025-11-16,True,True,2025,11,4,Salary Week,Festival Sale
4569,4416,2025-02-26,True,True,2025,2,1,Salary Week,Festival Sale
4570,4261,2025-04-17,True,True,2025,4,2,Salary Week,Festival Sale
4571,1129,2025-01-12,False,False,2025,1,1,Regular Week,Regular Sale
4572,4095,2025-07-14,False,False,2025,7,3,Regular Week,Regular Sale
4573,3636,2025-04-15,True,True,2025,4,2,Salary Week,Festival Sale
4574,4729,2025-07-20,False,False,2025,7,3,Regular Week,Regular Sale
4575,4135,2025-08-10,True,True,2025,8,3,Salary Week,Festival Sale
4576,3538,2025-03-24,False,False,2025,3,1,Regular Week,Regular Sale
4577,2855,2025-07-27,True,False,2025,7,3,Salary Week,Regular Sale
4578,659,2025-08-30,False,False,2025,8,3,Regular Week,Regular Sale
4579,92,2025-02-28,True,True,2025,2,1,Salary Week,Festival Sale
4580,2784,2025-10-30,True,False,2025,10,4,Salary Week,Regular Sale
4581,2272,2025-10-13,True,True,2025,10,4,Salary Week,Festival Sale
4582,982,2025-05-29,False,False,2025,5,2,Regular Week,Regular Sale
4583,3238,2025-12-13,False,True,2025,12,4,Regular Week,Festival Sale
4584,4159,2025-04-17,False,False,2025,4,2,Regular Week,Regular Sale
4585,903,2025-05-03,False,True,2025,5,2,Regular Week,Festival Sale
4586,4612,2026-01-01,False,False,2026,1,1,Regular Week,Regular Sale
4587,1099,2025-01-07,False,True,2025,1,1,Regular Week,Festival Sale
4588,3717,2025-09-18,False,True,2025,9,3,Regular Week,Festival Sale
4589,998,2025-03-09,True,False,2025,3,1,Salary Week,Regular Sale
4590,2091,2025-11-04,False,True,2025,11,4,Regular Week,Festival Sale
4591,3742,2025-08-15,False,False,2025,8,3,Regular Week,Regular Sale
4592,4453,2025-07-17,False,True,2025,7,3,Regular Week,Festival Sale
4593,4441,2025-01-29,False,False,2025,1,1,Regular Week,Regular Sale
4594,1870,2025-03-14,False,False,2025,3,1,Regular Week,Regular Sale
4595,1515,2025-10-12,True,True,2025,10,4,Salary Week,Festival Sale
4596,1870,2025-09-13,True,False,2025,9,3,Salary Week,Regular Sale
4597,1394,2025-05-06,False,False,2025,5,2,Regular Week,Regular Sale
4598,3989,2025-06-04,False,False,2025,6,2,Regular Week,Regular Sale
4599,814,2025-01-30,False,True,2025,1,1,Regular Week,Festival Sale
4600,3753,2025-11-24,True,False,2025,11,4,Salary Week,Regular Sale
4601,98,2025-10-08,False,False,2025,10,4,Regular Week,Regular Sale
4602,4578,2025-07-16,False,True,2025,7,3,Regular Week,Festival Sale
4603,835,2025-09-10,True,True,2025,9,3,Salary Week,Festival Sale
4604,3811,2025-07-19,False,True,2025,7,3,Regular Week,Festival Sale
4605,3153,2025-06-12,False,False,2025,6,2,Regular Week,Regular Sale
4606,3594,2025-03-13,False,False,2025,3,1,Regular Week,Regular Sale
4607,4746,2025-02-09,True,False,2025,2,1,Salary Week,Regular Sale
4608,709,2025-03-10,False,True,2025,3,1,Regular Week,Festival Sale
4609,4500,2025-03-05,False,False,2025,3,1,Regular Week,Regular Sale
4610,2390,2025-09-08,True,True,2025,9,3,Salary Week,Festival Sale
4611,173,2025-10-12,False,True,2025,10,4,Regular Week,Festival Sale
4612,2538,2025-08-31,True,False,2025,8,3,Salary Week,Regular Sale
4613,1528,2025-06-30,False,False,2025,6,2,Regular Week,Regular Sale
4614,183,2025-04-10,True,True,2025,4,2,Salary Week,Festival Sale
4615,4327,2025-01-06,False,True,2025,1,1,Regular Week,Festival Sale
4616,4798,2025-09-23,True,False,2025,9,3,Salary Week,Regular Sale
4617,4644,2025-09-13,False,True,2025,9,3,Regular Week,Festival Sale
4618,3112,2025-07-03,False,False,2025,7,3,Regular Week,Regular Sale
4619,1658,2025-10-01,False,False,2025,10,4,Regular Week,Regular Sale
4620,2864,2025-10-04,False,False,2025,10,4,Regular Week,Regular Sale
4621,1818,2025-10-15,True,False,2025,10,4,Salary Week,Regular Sale
4622,2162,2025-10-22,False,False,2025,10,4,Regular Week,Regular Sale
4623,1521,2025-01-15,False,True,2025,1,1,Regular Week,Festival Sale
4624,2852,2025-07-07,True,True,2025,7,3,Salary Week,Festival Sale
4625,3784,2025-11-08,False,True,2025,11,4,Regular Week,Festival Sale
4626,1516,2025-12-27,False,True,2025,12,4,Regular Week,Festival Sale
4627,1977,2025-04-28,True,True,2025,4,2,Salary Week,Festival Sale
4628,2348,2025-08-22,True,True,2025,8,3,Salary Week,Festival Sale
4629,1159,2025-04-27,True,True,2025,4,2,Salary Week,Festival Sale
4630,528,2025-08-15,False,True,2025,8,3,Regular Week,Festival Sale
4631,3486,2025-08-06,True,False,2025,8,3,Salary Week,Regular Sale
4632,527,2025-01-28,False,True,2025,1,1,Regular Week,Festival Sale
4633,2925,2025-08-11,True,False,2025,8,3,Salary Week,Regular Sale
4634,61,2025-03-30,False,False,2025,3,1,Regular Week,Regular Sale
4635,4860,2025-08-04,False,False,2025,8,3,Regular Week,Regular Sale
4636,894,2025-03-05,True,True,2025,3,1,Salary Week,Festival Sale
4637,357,2025-11-23,False,False,2025,11,4,Regular Week,Regular Sale
4638,4925,2025-09-14,False,True,2025,9,3,Regular Week,Festival Sale
4639,3083,2025-12-26,True,False,2025,12,4,Salary Week,Regular Sale
4640,3025,2025-06-26,False,False,2025,6,2,Regular Week,Regular Sale
4641,1638,2025-05-29,True,True,2025,5,2,Salary Week,Festival Sale
4642,2520,2025-05-06,True,False,2025,5,2,Salary Week,Regular Sale
4643,666,2025-10-15,True,True,2025,10,4,Salary Week,Festival Sale
4644,2344,2025-04-09,True,True,2025,4,2,Salary Week,Festival Sale
4645,3645,2025-11-18,False,True,2025,11,4,Regular Week,Festival Sale
4646,1759,2026-01-03,False,False,2026,1,1,Regular Week,Regular Sale
4647,3091,2025-03-20,True,False,2025,3,1,Salary Week,Regular Sale
4648,2327,2025-04-30,False,False,2025,4,2,Regular Week,Regular Sale
4649,1102,2025-03-24,True,True,2025,3,1,Salary Week,Festival Sale
4650,4994,2025-09-26,True,False,2025,9,3,Salary Week,Regular Sale
4651,4451,2025-05-17,True,False,2025,5,2,Salary Week,Regular Sale
4652,437,2025-12-24,False,True,2025,12,4,Regular Week,Festival Sale
4653,2976,2025-10-25,True,True,2025,10,4,Salary Week,Festival Sale
4654,180,2025-09-09,True,True,2025,9,3,Salary Week,Festival Sale
4655,3166,2025-06-03,False,False,2025,6,2,Regular Week,Regular Sale
4656,3013,2025-02-22,False,False,2025,2,1,Regular Week,Regular Sale
4657,969,2025-03-09,True,False,2025,3,1,Salary Week,Regular Sale
4658,2976,2025-06-29,False,True,2025,6,2,Regular Week,Festival Sale
4659,4356,2025-07-30,True,False,2025,7,3,Salary Week,Regular Sale
4660,3013,2025-05-17,False,False,2025,5,2,Regular Week,Regular Sale
4661,3213,2025-10-06,True,False,2025,10,4,Salary Week,Regular Sale
4662,2726,2025-12-08,True,True,2025,12,4,Salary Week,Festival Sale
4663,811,2025-06-17,True,False,2025,6,2,Salary Week,Regular Sale
4664,285,2025-01-10,False,False,2025,1,1,Regular Week,Regular Sale
4665,4320,2025-02-06,False,False,2025,2,1,Regular Week,Regular Sale
4666,1677,2025-07-24,True,True,2025,7,3,Salary Week,Festival Sale
4667,4806,2025-11-25,True,True,2025,11,4,Salary Week,Festival Sale
4668,3760,2025-10-20,True,False,2025,10,4,Salary Week,Regular Sale
4669,373,2025-03-19,False,True,2025,3,1,Regular Week,Festival Sale
4670,1762,2025-04-08,True,True,2025,4,2,Salary Week,Festival Sale
4671,713,2025-02-20,False,True,2025,2,1,Regular Week,Festival Sale
4672,922,2025-06-07,False,False,2025,6,2,Regular Week,Regular Sale
4673,2856,2025-10-06,False,False,2025,10,4,Regular Week,Regular Sale
4674,2612,2025-10-09,True,False,2025,10,4,Salary Week,Regular Sale
4675,3897,2025-05-06,True,True,2025,5,2,Salary Week,Festival Sale
4676,818,2025-12-26,False,True,2025,12,4,Regular Week,Festival Sale
4677,3626,2025-05-30,True,False,2025,5,2,Salary Week,Regular Sale
4678,749,2025-02-10,False,True,2025,2,1,Regular Week,Festival Sale
4679,1303,2025-12-03,False,False,2025,12,4,Regular Week,Regular Sale
4680,2213,2025-03-07,False,True,2025,3,1,Regular Week,Festival Sale
4681,2065,2025-07-19,False,True,2025,7,3,Regular Week,Festival Sale
4682,3443,2025-08-30,False,False,2025,8,3,Regular Week,Regular Sale
4683,1904,2025-05-05,True,True,2025,5,2,Salary Week,Festival Sale
4684,4525,2025-10-02,False,False,2025,10,4,Regular Week,Regular Sale
4685,1930,2025-07-26,True,True,2025,7,3,Salary Week,Festival Sale
4686,638,2026-01-02,True,True,2026,1,1,Salary Week,Festival Sale
4687,2624,2025-01-06,True,True,2025,1,1,Salary Week,Festival Sale
4688,3228,2025-08-31,False,False,2025,8,3,Regular Week,Regular Sale
4689,2351,2025-05-31,False,False,2025,5,2,Regular Week,Regular Sale
4690,154,2025-06-05,True,False,2025,6,2,Salary Week,Regular Sale
4691,3199,2025-05-29,True,False,2025,5,2,Salary Week,Regular Sale
4692,3100,2025-05-29,True,False,2025,5,2,Salary Week,Regular Sale
4693,2362,2025-01-07,True,True,2025,1,1,Salary Week,Festival Sale
4694,3161,2025-12-02,False,False,2025,12,4,Regular Week,Regular Sale
4695,776,2025-02-11,False,True,2025,2,1,Regular Week,Festival Sale
4696,3728,2025-04-02,False,False,2025,4,2,Regular Week,Regular Sale
4697,750,2025-01-21,True,False,2025,1,1,Salary Week,Regular Sale
4698,2061,2025-04-04,True,True,2025,4,2,Salary Week,Festival Sale
4699,2682,2025-03-31,False,False,2025,3,1,Regular Week,Regular Sale
4700,691,2025-07-21,True,False,2025,7,3,Salary Week,Regular Sale
4701,1682,2025-03-24,True,False,2025,3,1,Salary Week,Regular Sale
4702,2692,2025-05-29,True,False,2025,5,2,Salary Week,Regular Sale
4703,292,2025-05-20,False,True,2025,5,2,Regular Week,Festival Sale
4704,840,2025-03-21,False,True,2025,3,1,Regular Week,Festival Sale
4705,2054,2025-03-30,True,False,2025,3,1,Salary Week,Regular Sale
4706,626,2025-09-23,True,False,2025,9,3,Salary Week,Regular Sale
4707,647,2025-02-09,False,True,2025,2,1,Regular Week,Festival Sale
4708,613,2025-11-24,True,False,2025,11,4,Salary Week,Regular Sale
4709,2529,2025-09-16,False,False,2025,9,3,Regular Week,Regular Sale
4710,993,2025-12-17,True,True,2025,12,4,Salary Week,Festival Sale
4711,2760,2025-03-17,False,False,2025,3,1,Regular Week,Regular Sale
4712,1073,2025-12-26,True,True,2025,12,4,Salary Week,Festival Sale
4713,3627,2025-02-11,False,False,2025,2,1,Regular Week,Regular Sale
4714,4445,2025-11-19,True,False,2025,11,4,Salary Week,Regular Sale
4715,1085,2025-04-04,True,False,2025,4,2,Salary Week,Regular Sale
4716,4577,2025-09-25,False,True,2025,9,3,Regular Week,Festival Sale
4717,3379,2025-06-15,True,True,2025,6,2,Salary Week,Festival Sale
4718,1841,2025-03-18,False,False,2025,3,1,Regular Week,Regular Sale
4719,2049,2025-08-27,False,False,2025,8,3,Regular Week,Regular Sale
4720,1034,2025-10-10,False,False,2025,10,4,Regular Week,Regular Sale
4721,3227,2026-01-01,False,False,2026,1,1,Regular Week,Regular Sale
4722,2204,2025-01-20,True,False,2025,1,1,Salary Week,Regular Sale
4723,3822,2025-06-28,True,False,2025,6,2,Salary Week,Regular Sale
4724,1219,2025-07-08,False,True,2025,7,3,Regular Week,Festival Sale
4725,3145,2025-07-13,True,True,2025,7,3,Salary Week,Festival Sale
4726,2833,2025-06-22,False,False,2025,6,2,Regular Week,Regular Sale
4727,4438,2025-08-26,True,True,2025,8,3,Salary Week,Festival Sale
4728,84,2025-02-18,True,True,2025,2,1,Salary Week,Festival Sale
4729,4027,2025-04-03,False,True,2025,4,2,Regular Week,Festival Sale
4730,4774,2025-10-18,False,False,2025,10,4,Regular Week,Regular Sale
4731,586,2025-12-29,True,True,2025,12,4,Salary Week,Festival Sale
4732,2854,2025-10-24,False,True,2025,10,4,Regular Week,Festival Sale
4733,3690,2025-05-12,False,True,2025,5,2,Regular Week,Festival Sale
4734,3198,2025-02-28,True,False,2025,2,1,Salary Week,Regular Sale
4735,3473,2025-01-25,True,False,2025,1,1,Salary Week,Regular Sale
4736,1353,2025-11-25,True,False,2025,11,4,Salary Week,Regular Sale
4737,3817,2025-03-19,True,True,2025,3,1,Salary Week,Festival Sale
4738,4221,2025-01-08,False,False,2025,1,1,Regular Week,Regular Sale
4739,1967,2025-12-05,False,True,2025,12,4,Regular Week,Festival Sale
4740,1377,2025-11-29,False,False,2025,11,4,Regular Week,Regular Sale
4741,1283,2025-07-08,False,False,2025,7,3,Regular Week,Regular Sale
4742,4751,2025-09-22,True,True,2025,9,3,Salary Week,Festival Sale
4743,97,2025-11-11,False,True,2025,11,4,Regular Week,Festival Sale
4744,819,2025-03-11,True,False,2025,3,1,Salary Week,Regular Sale
4745,238,2026-01-03,False,False,2026,1,1,Regular Week,Regular Sale
4746,738,2025-08-13,True,False,2025,8,3,Salary Week,Regular Sale
4747,790,2025-12-01,True,False,2025,12,4,Salary Week,Regular Sale
4748,3547,2025-04-22,False,True,2025,4,2,Regular Week,Festival Sale
4749,436,2025-06-11,True,True,2025,6,2,Salary Week,Festival Sale
4750,3731,2025-09-06,True,False,2025,9,3,Salary Week,Regular Sale
4751,1461,2025-04-14,False,False,2025,4,2,Regular Week,Regular Sale
4752,4122,2025-11-13,False,False,2025,11,4,Regular Week,Regular Sale
4753,1982,2025-05-14,False,False,2025,5,2,Regular Week,Regular Sale
4754,756,2025-05-20,False,True,2025,5,2,Regular Week,Festival Sale
4755,1820,2025-07-10,True,True,2025,7,3,Salary Week,Festival Sale
4756,2530,2025-03-21,True,False,2025,3,1,Salary Week,Regular Sale
4757,4080,2025-11-09,True,True,2025,11,4,Salary Week,Festival Sale
4758,505,2025-11-09,False,False,2025,11,4,Regular Week,Regular Sale
4759,3073,2025-07-06,False,False,2025,7,3,Regular Week,Regular Sale
4760,3372,2025-09-22,True,False,2025,9,3,Salary Week,Regular Sale
4761,4207,2025-09-11,False,False,2025,9,3,Regular Week,Regular Sale
4762,2901,2025-09-09,True,True,2025,9,3,Salary Week,Festival Sale
4763,3516,2025-02-10,False,False,2025,2,1,Regular Week,Regular Sale
4764,4754,2025-04-06,True,False,2025,4,2,Salary Week,Regular Sale
4765,2040,2025-07-03,True,False,2025,7,3,Salary Week,Regular Sale
4766,2685,2025-12-21,False,False,2025,12,4,Regular Week,Regular Sale
4767,1221,2025-10-03,False,False,2025,10,4,Regular Week,Regular Sale
4768,2099,2025-08-25,True,True,2025,8,3,Salary Week,Festival Sale
4769,1642,2025-01-27,False,True,2025,1,1,Regular Week,Festival Sale
4770,2849,2025-09-03,True,True,2025,9,3,Salary Week,Festival Sale
4771,3056,2025-11-02,False,True,2025,11,4,Regular Week,Festival Sale
4772,4716,2025-08-15,False,False,2025,8,3,Regular Week,Regular Sale
4773,745,2025-07-26,False,False,2025,7,3,Regular Week,Regular Sale
4774,2553,2025-09-01,True,True,2025,9,3,Salary Week,Festival Sale
4775,4760,2025-07-10,True,False,2025,7,3,Salary Week,Regular Sale
4776,2985,2025-03-06,False,False,2025,3,1,Regular Week,Regular Sale
4777,3757,2025-08-19,True,True,2025,8,3,Salary Week,Festival Sale
4778,4151,2025-01-08,False,True,2025,1,1,Regular Week,Festival Sale
4779,293,2025-06-28,False,False,2025,6,2,Regular Week,Regular Sale
4780,2820,2025-06-02,True,False,2025,6,2,Salary Week,Regular Sale
4781,4239,2025-08-21,False,False,2025,8,3,Regular Week,Regular Sale
4782,4643,2025-09-30,True,True,2025,9,3,Salary Week,Festival Sale
4783,2958,2025-04-07,False,False,2025,4,2,Regular Week,Regular Sale
4784,498,2025-04-10,True,False,2025,4,2,Salary Week,Regular Sale
4785,2448,2025-07-08,True,False,2025,7,3,Salary Week,Regular Sale
4786,59,2025-08-02,False,True,2025,8,3,Regular Week,Festival Sale
4787,4429,2025-09-13,False,True,2025,9,3,Regular Week,Festival Sale
4788,1036,2025-12-25,False,False,2025,12,4,Regular Week,Regular Sale
4789,1045,2025-03-01,False,True,2025,3,1,Regular Week,Festival Sale
4790,4734,2025-03-22,False,False,2025,3,1,Regular Week,Regular Sale
4791,3543,2025-10-29,True,True,2025,10,4,Salary Week,Festival Sale
4792,727,2025-09-25,False,False,2025,9,3,Regular Week,Regular Sale
4793,3193,2025-03-16,False,False,2025,3,1,Regular Week,Regular Sale
4794,659,2025-01-24,False,False,2025,1,1,Regular Week,Regular Sale
4795,1221,2025-08-26,False,True,2025,8,3,Regular Week,Festival Sale
4796,4009,2025-10-15,False,False,2025,10,4,Regular Week,Regular Sale
4797,1520,2025-01-16,True,False,2025,1,1,Salary Week,Regular Sale
4798,3575,2025-07-11,True,True,2025,7,3,Salary Week,Festival Sale
4799,1149,2025-07-13,True,True,2025,7,3,Salary Week,Festival Sale
4800,3675,2025-11-10,False,False,2025,11,4,Regular Week,Regular Sale
4801,3127,2025-12-03,False,True,2025,12,4,Regular Week,Festival Sale
4802,2562,2025-06-27,False,False,2025,6,2,Regular Week,Regular Sale
4803,220,2026-01-06,False,False,2026,1,1,Regular Week,Regular Sale
4804,1612,2025-10-30,True,False,2025,10,4,Salary Week,Regular Sale
4805,3678,2025-11-26,False,True,2025,11,4,Regular Week,Festival Sale
4806,3150,2025-05-18,False,True,2025,5,2,Regular Week,Festival Sale
4807,4943,2025-06-24,False,True,2025,6,2,Regular Week,Festival Sale
4808,4140,2025-05-18,True,True,2025,5,2,Salary Week,Festival Sale
4809,4829,2025-09-30,False,False,2025,9,3,Regular Week,Regular Sale
4810,4447,2025-06-22,False,False,2025,6,2,Regular Week,Regular Sale
4811,4231,2026-01-06,False,False,2026,1,1,Regular Week,Regular Sale
4812,2926,2025-04-19,False,False,2025,4,2,Regular Week,Regular Sale
4813,1767,2025-06-14,True,False,2025,6,2,Salary Week,Regular Sale
4814,610,2025-01-09,True,False,2025,1,1,Salary Week,Regular Sale
4815,804,2025-07-06,False,True,2025,7,3,Regular Week,Festival Sale
4816,1623,2025-04-24,False,False,2025,4,2,Regular Week,Regular Sale
4817,746,2025-03-18,True,False,2025,3,1,Salary Week,Regular Sale
4818,3535,2025-09-19,False,False,2025,9,3,Regular Week,Regular Sale
4819,3178,2025-10-17,False,False,2025,10,4,Regular Week,Regular Sale
4820,4513,2025-02-23,False,False,2025,2,1,Regular Week,Regular Sale
4821,2686,2025-06-17,False,False,2025,6,2,Regular Week,Regular Sale
4822,1808,2025-02-28,False,False,2025,2,1,Regular Week,Regular Sale
4823,3020,2025-06-03,True,False,2025,6,2,Salary Week,Regular Sale
4824,4255,2025-12-06,True,False,2025,12,4,Salary Week,Regular Sale
4825,1491,2025-08-18,False,False,2025,8,3,Regular Week,Regular Sale
4826,2331,2025-03-09,False,True,2025,3,1,Regular Week,Festival Sale
4827,826,2026-01-03,True,True,2026,1,1,Salary Week,Festival Sale
4828,4514,2025-12-29,False,True,2025,12,4,Regular Week,Festival Sale
4829,259,2025-04-09,True,False,2025,4,2,Salary Week,Regular Sale
4830,637,2025-06-09,True,True,2025,6,2,Salary Week,Festival Sale
4831,4591,2025-10-08,False,True,2025,10,4,Regular Week,Festival Sale
4832,598,2025-02-05,True,False,2025,2,1,Salary Week,Regular Sale
4833,4565,2025-05-18,False,True,2025,5,2,Regular Week,Festival Sale
4834,3888,2026-01-06,False,False,2026,1,1,Regular Week,Regular Sale
4835,1438,2025-01-12,True,False,2025,1,1,Salary Week,Regular Sale
4836,4665,2025-10-02,True,True,2025,10,4,Salary Week,Festival Sale
4837,1278,2025-11-14,False,True,2025,11,4,Regular Week,Festival Sale
4838,4032,2025-12-15,True,True,2025,12,4,Salary Week,Festival Sale
4839,1669,2025-04-07,True,False,2025,4,2,Salary Week,Regular Sale
4840,2878,2025-06-11,True,False,2025,6,2,Salary Week,Regular Sale
4841,764,2025-04-15,False,False,2025,4,2,Regular Week,Regular Sale
4842,3011,2025-04-12,True,True,2025,4,2,Salary Week,Festival Sale
4843,2532,2025-10-01,True,False,2025,10,4,Salary Week,Regular Sale
4844,2249,2025-08-15,False,False,2025,8,3,Regular Week,Regular Sale
4845,479,2025-10-12,False,True,2025,10,4,Regular Week,Festival Sale
4846,4531,2025-03-29,True,False,2025,3,1,Salary Week,Regular Sale
4847,949,2025-01-17,True,True,2025,1,1,Salary Week,Festival Sale
4848,2682,2025-10-27,True,True,2025,10,4,Salary Week,Festival Sale
4849,2461,2025-04-27,False,True,2025,4,2,Regular Week,Festival Sale
4850,4854,2025-09-13,False,True,2025,9,3,Regular Week,Festival Sale
4851,1770,2025-01-30,True,True,2025,1,1,Salary Week,Festival Sale
4852,3793,2025-05-24,True,False,2025,5,2,Salary Week,Regular Sale
4853,4418,2025-10-15,True,False,2025,10,4,Salary Week,Regular Sale
4854,2425,2025-11-29,False,False,2025,11,4,Regular Week,Regular Sale
4855,1261,2025-04-23,True,True,2025,4,2,Salary Week,Festival Sale
4856,139,2025-04-23,True,True,2025,4,2,Salary Week,Festival Sale
4857,287,2025-08-03,False,True,2025,8,3,Regular Week,Festival Sale
4858,4683,2025-12-12,False,False,2025,12,4,Regular Week,Regular Sale
4859,197,2025-11-01,True,False,2025,11,4,Salary Week,Regular Sale
4860,2865,2025-07-29,True,False,2025,7,3,Salary Week,Regular Sale
4861,2030,2025-02-27,True,True,2025,2,1,Salary Week,Festival Sale
4862,3833,2025-01-31,False,True,2025,1,1,Regular Week,Festival Sale
4863,2155,2025-08-15,True,True,2025,8,3,Salary Week,Festival Sale
4864,3531,2025-07-16,False,True,2025,7,3,Regular Week,Festival Sale
4865,494,2025-03-27,True,False,2025,3,1,Salary Week,Regular Sale
4866,3947,2025-04-09,False,True,2025,4,2,Regular Week,Festival Sale
4867,4324,2025-07-24,True,True,2025,7,3,Salary Week,Festival Sale
4868,1071,2025-06-12,True,False,2025,6,2,Salary Week,Regular Sale
4869,1011,2025-02-01,True,True,2025,2,1,Salary Week,Festival Sale
4870,3327,2025-01-21,False,True,2025,1,1,Regular Week,Festival Sale
4871,3468,2025-03-28,True,False,2025,3,1,Salary Week,Regular Sale
4872,3475,2025-11-27,True,True,2025,11,4,Salary Week,Festival Sale
4873,4506,2025-10-31,False,True,2025,10,4,Regular Week,Festival Sale
4874,1005,2025-09-01,False,True,2025,9,3,Regular Week,Festival Sale
4875,4624,2025-09-11,True,True,2025,9,3,Salary Week,Festival Sale
4876,3253,2025-03-06,True,False,2025,3,1,Salary Week,Regular Sale
4877,4478,2025-11-09,False,False,2025,11,4,Regular Week,Regular Sale
4878,293,2025-05-10,True,False,2025,5,2,Salary Week,Regular Sale
4879,4190,2025-09-22,False,False,2025,9,3,Regular Week,Regular Sale
4880,2861,2025-12-11,True,True,2025,12,4,Salary Week,Festival Sale
4881,1551,2025-02-04,True,False,2025,2,1,Salary Week,Regular Sale
4882,146,2025-05-23,True,True,2025,5,2,Salary Week,Festival Sale
4883,3873,2025-10-27,True,True,2025,10,4,Salary Week,Festival Sale
4884,1419,2025-09-27,False,True,2025,9,3,Regular Week,Festival Sale
4885,1306,2025-03-07,False,True,2025,3,1,Regular Week,Festival Sale
4886,592,2025-09-12,True,False,2025,9,3,Salary Week,Regular Sale
4887,2321,2025-07-28,True,True,2025,7,3,Salary Week,Festival Sale
4888,1226,2025-10-10,False,True,2025,10,4,Regular Week,Festival Sale
4889,1592,2026-01-05,True,True,2026,1,1,Salary Week,Festival Sale
4890,521,2025-04-22,False,True,2025,4,2,Regular Week,Festival Sale
4891,2559,2025-06-16,True,True,2025,6,2,Salary Week,Festival Sale
4892,504,2025-06-09,True,True,2025,6,2,Salary Week,Festival Sale
4893,4780,2025-02-08,False,False,2025,2,1,Regular Week,Regular Sale
4894,799,2025-08-17,False,True,2025,8,3,Regular Week,Festival Sale
4895,4716,2025-10-07,True,True,2025,10,4,Salary Week,Festival Sale
4896,4807,2025-05-04,True,True,2025,5,2,Salary Week,Festival Sale
4897,4678,2025-07-07,True,False,2025,7,3,Salary Week,Regular Sale
4898,2365,2025-12-03,True,False,2025,12,4,Salary Week,Regular Sale
4899,985,2025-06-19,True,True,2025,6,2,Salary Week,Festival Sale
4900,3548,2025-12-14,False,True,2025,12,4,Regular Week,Festival Sale
4901,562,2025-04-26,False,True,2025,4,2,Regular Week,Festival Sale
4902,662,2025-02-19,True,False,2025,2,1,Salary Week,Regular Sale
4903,1960,2025-02-21,True,True,2025,2,1,Salary Week,Festival Sale
4904,2655,2025-01-10,True,False,2025,1,1,Salary Week,Regular Sale
4905,2413,2025-08-19,False,False,2025,8,3,Regular Week,Regular Sale
4906,4233,2025-12-28,True,False,2025,12,4,Salary Week,Regular Sale
4907,4331,2025-01-15,False,False,2025,1,1,Regular Week,Regular Sale
4908,3815,2025-05-30,True,False,2025,5,2,Salary Week,Regular Sale
4909,4705,2025-08-25,True,False,2025,8,3,Salary Week,Regular Sale
4910,4466,2025-09-29,True,True,2025,9,3,Salary Week,Festival Sale
4911,4579,2025-10-08,False,True,2025,10,4,Regular Week,Festival Sale
4912,699,2025-08-05,False,True,2025,8,3,Regular Week,Festival Sale
4913,1198,2025-11-05,True,True,2025,11,4,Salary Week,Festival Sale
4914,1265,2025-06-21,False,True,2025,6,2,Regular Week,Festival Sale
4915,232,2025-04-21,True,False,2025,4,2,Salary Week,Regular Sale
4916,4938,2025-02-11,True,True,2025,2,1,Salary Week,Festival Sale
4917,100,2025-02-05,False,True,2025,2,1,Regular Week,Festival Sale
4918,3024,2025-04-30,False,True,2025,4,2,Regular Week,Festival Sale
4919,4057,2025-06-22,True,True,2025,6,2,Salary Week,Festival Sale
4920,2569,2025-04-03,False,False,2025,4,2,Regular Week,Regular Sale
4921,3611,2025-07-07,False,True,2025,7,3,Regular Week,Festival Sale
4922,430,2025-07-10,False,True,2025,7,3,Regular Week,Festival Sale
4923,2769,2025-04-16,True,True,2025,4,2,Salary Week,Festival Sale
4924,1075,2025-11-16,False,False,2025,11,4,Regular Week,Regular Sale
4925,3437,2025-02-24,True,True,2025,2,1,Salary Week,Festival Sale
4926,3635,2025-07-28,False,False,2025,7,3,Regular Week,Regular Sale
4927,4252,2025-01-07,False,True,2025,1,1,Regular Week,Festival Sale
4928,4593,2025-12-14,False,True,2025,12,4,Regular Week,Festival Sale
4929,2781,2025-06-03,True,False,2025,6,2,Salary Week,Regular Sale
4930,793,2025-01-09,False,False,2025,1,1,Regular Week,Regular Sale
4931,53,2025-12-20,False,True,2025,12,4,Regular Week,Festival Sale
4932,15,2025-03-15,False,True,2025,3,1,Regular Week,Festival Sale
4933,2715,2025-11-30,False,True,2025,11,4,Regular Week,Festival Sale
4934,4404,2025-07-30,True,False,2025,7,3,Salary Week,Regular Sale
4935,4238,2025-03-16,True,False,2025,3,1,Salary Week,Regular Sale
4936,3726,2025-10-03,False,True,2025,10,4,Regular Week,Festival Sale
4937,4898,2025-09-14,True,False,2025,9,3,Salary Week,Regular Sale
4938,2330,2025-01-27,True,False,2025,1,1,Salary Week,Regular Sale
4939,1333,2025-05-16,True,True,2025,5,2,Salary Week,Festival Sale
4940,3253,2025-06-12,False,True,2025,6,2,Regular Week,Festival Sale
4941,234,2025-04-12,False,False,2025,4,2,Regular Week,Regular Sale
4942,970,2025-08-22,False,False,2025,8,3,Regular Week,Regular Sale
4943,4939,2025-06-22,True,True,2025,6,2,Salary Week,Festival Sale
4944,735,2025-05-29,False,False,2025,5,2,Regular Week,Regular Sale
4945,1086,2025-11-15,False,False,2025,11,4,Regular Week,Regular Sale
4946,834,2025-06-08,True,False,2025,6,2,Salary Week,Regular Sale
4947,279,2025-08-21,False,False,2025,8,3,Regular Week,Regular Sale
4948,1108,2025-03-16,False,False,2025,3,1,Regular Week,Regular Sale
4949,4779,2025-02-16,True,False,2025,2,1,Salary Week,Regular Sale
4950,405,2025-08-23,True,False,2025,8,3,Salary Week,Regular Sale
4951,4022,2025-04-09,False,True,2025,4,2,Regular Week,Festival Sale
4952,1248,2025-02-08,True,False,2025,2,1,Salary Week,Regular Sale
4953,2793,2025-12-11,False,True,2025,12,4,Regular Week,Festival Sale
4954,3587,2025-01-12,False,False,2025,1,1,Regular Week,Regular Sale
4955,197,2025-02-07,False,True,2025,2,1,Regular Week,Festival Sale
4956,2006,2025-12-29,False,True,2025,12,4,Regular Week,Festival Sale
4957,1171,2025-03-17,True,True,2025,3,1,Salary Week,Festival Sale
4958,1950,2025-07-01,True,True,2025,7,3,Salary Week,Festival Sale
4959,1267,2025-02-05,False,True,2025,2,1,Regular Week,Festival Sale
4960,4806,2025-07-19,False,True,2025,7,3,Regular Week,Festival Sale
4961,2276,2025-02-03,True,True,2025,2,1,Salary Week,Festival Sale
4962,3924,2025-11-29,False,True,2025,11,4,Regular Week,Festival Sale
4963,1331,2025-12-09,False,True,2025,12,4,Regular Week,Festival Sale
4964,4556,2025-09-30,False,True,2025,9,3,Regular Week,Festival Sale
4965,3032,2025-05-03,True,False,2025,5,2,Salary Week,Regular Sale
4966,4980,2025-03-15,True,False,2025,3,1,Salary Week,Regular Sale
4967,225,2025-08-27,False,False,2025,8,3,Regular Week,Regular Sale
4968,3423,2025-11-11,False,True,2025,11,4,Regular Week,Festival Sale
4969,338,2025-03-30,False,True,2025,3,1,Regular Week,Festival Sale
4970,3256,2025-10-19,True,True,2025,10,4,Salary Week,Festival Sale
4971,4745,2025-12-19,False,False,2025,12,4,Regular Week,Regular Sale
4972,3087,2025-12-23,True,False,2025,12,4,Salary Week,Regular Sale
4973,4292,2025-03-17,False,False,2025,3,1,Regular Week,Regular Sale
4974,3469,2025-06-25,False,False,2025,6,2,Regular Week,Regular Sale
4975,1982,2025-02-08,True,True,2025,2,1,Salary Week,Festival Sale
4976,4779,2025-10-02,True,False,2025,10,4,Salary Week,Regular Sale
4977,2066,2025-03-18,False,False,2025,3,1,Regular Week,Regular Sale
4978,357,2025-08-30,True,True,2025,8,3,Salary Week,Festival Sale
4979,4420,2025-08-02,True,False,2025,8,3,Salary Week,Regular Sale
4980,2290,2025-12-02,True,False,2025,12,4,Salary Week,Regular Sale
4981,2556,2025-05-11,False,False,2025,5,2,Regular Week,Regular Sale
4982,726,2025-02-26,False,False,2025,2,1,Regular Week,Regular Sale
4983,3677,2025-07-03,True,True,2025,7,3,Salary Week,Festival Sale
4984,4403,2025-09-12,True,True,2025,9,3,Salary Week,Festival Sale
4985,356,2025-01-25,False,True,2025,1,1,Regular Week,Festival Sale
4986,1230,2025-09-12,True,False,2025,9,3,Salary Week,Regular Sale
4987,3090,2025-09-30,True,False,2025,9,3,Salary Week,Regular Sale
4988,2891,2025-03-04,False,True,2025,3,1,Regular Week,Festival Sale
4989,2093,2025-01-07,False,False,2025,1,1,Regular Week,Regular Sale
4990,433,2025-08-09,False,False,2025,8,3,Regular Week,Regular Sale
4991,2103,2025-04-12,False,True,2025,4,2,Regular Week,Festival Sale
4992,342,2025-11-10,True,True,2025,11,4,Salary Week,Festival Sale
4993,3966,2026-01-06,False,False,2026,1,1,Regular Week,Regular Sale
4994,4553,2025-01-26,False,False,2025,1,1,Regular Week,Regular Sale
4995,966,2025-12-30,False,True,2025,12,4,Regular Week,Festival Sale
4996,3269,2025-09-13,False,False,2025,9,3,Regular Week,Regular Sale
4997,4555,2025-06-15,True,True,2025,6,2,Salary Week,Festival Sale
4998,3027,2025-03-30,True,True,2025,3,1,Salary Week,Festival Sale
4999,1504,2025-11-24,True,False,2025,11,4,Salary Week,Regular Sale
5000,3198,2025-01-22,True,True,2025,1,1,Salary Week,Festival Sale
5001,1331,2025-03-19,True,False,2025,3,1,Salary Week,Regular Sale
5002,459,2025-04-17,True,True,2025,4,2,Salary Week,Festival Sale
5003,3269,2025-03-17,False,False,2025,3,1,Regular Week,Regular Sale
5004,4934,2025-02-10,False,False,2025,2,1,Regular Week,Regular Sale
5005,2799,2025-04-04,False,False,2025,4,2,Regular Week,Regular Sale
5006,2848,2025-04-16,False,False,2025,4,2,Regular Week,Regular Sale
5007,2104,2025-10-27,False,True,2025,10,4,Regular Week,Festival Sale
5008,2829,2025-08-22,True,False,2025,8,3,Salary Week,Regular Sale
5009,2821,2025-03-23,False,False,2025,3,1,Regular Week,Regular Sale
5010,3767,2025-04-29,False,False,2025,4,2,Regular Week,Regular Sale
5011,3117,2025-02-04,False,False,2025,2,1,Regular Week,Regular Sale
5012,2116,2025-09-04,False,False,2025,9,3,Regular Week,Regular Sale
5013,4617,2025-03-30,True,False,2025,3,1,Salary Week,Regular Sale
5014,1956,2025-07-05,False,True,2025,7,3,Regular Week,Festival Sale
5015,320,2025-09-21,False,True,2025,9,3,Regular Week,Festival Sale
5016,4229,2025-06-16,True,False,2025,6,2,Salary Week,Regular Sale
5017,638,2025-12-01,True,False,2025,12,4,Salary Week,Regular Sale
5018,2559,2025-08-09,True,False,2025,8,3,Salary Week,Regular Sale
5019,3596,2025-09-15,True,True,2025,9,3,Salary Week,Festival Sale
5020,3338,2025-03-21,True,False,2025,3,1,Salary Week,Regular Sale
5021,1786,2025-09-14,True,True,2025,9,3,Salary Week,Festival Sale
5022,3711,2025-02-19,False,True,2025,2,1,Regular Week,Festival Sale
5023,85,2025-01-26,True,False,2025,1,1,Salary Week,Regular Sale
5024,3586,2025-11-21,True,False,2025,11,4,Salary Week,Regular Sale
5025,746,2025-08-18,False,True,2025,8,3,Regular Week,Festival Sale
5026,1051,2025-03-26,False,True,2025,3,1,Regular Week,Festival Sale
5027,4106,2025-12-30,True,True,2025,12,4,Salary Week,Festival Sale
5028,863,2025-07-21,False,False,2025,7,3,Regular Week,Regular Sale
5029,2749,2025-07-18,False,False,2025,7,3,Regular Week,Regular Sale
5030,4200,2025-10-26,True,True,2025,10,4,Salary Week,Festival Sale
5031,4762,2025-02-12,True,True,2025,2,1,Salary Week,Festival Sale
5032,2429,2025-06-16,True,True,2025,6,2,Salary Week,Festival Sale
5033,1925,2025-10-03,False,True,2025,10,4,Regular Week,Festival Sale
5034,4310,2025-09-05,False,True,2025,9,3,Regular Week,Festival Sale
5035,1929,2025-06-22,True,True,2025,6,2,Salary Week,Festival Sale
5036,3392,2025-01-25,True,True,2025,1,1,Salary Week,Festival Sale
5037,807,2025-03-12,True,False,2025,3,1,Salary Week,Regular Sale
5038,1796,2025-05-16,True,False,2025,5,2,Salary Week,Regular Sale
5039,807,2025-10-11,False,True,2025,10,4,Regular Week,Festival Sale
5040,301,2025-03-11,False,True,2025,3,1,Regular Week,Festival Sale
5041,3852,2025-07-09,False,True,2025,7,3,Regular Week,Festival Sale
5042,1891,2025-05-03,True,True,2025,5,2,Salary Week,Festival Sale
5043,3077,2025-06-29,True,True,2025,6,2,Salary Week,Festival Sale
5044,2850,2025-01-30,False,True,2025,1,1,Regular Week,Festival Sale
5045,640,2025-02-12,False,False,2025,2,1,Regular Week,Regular Sale
5046,3942,2025-02-02,True,True,2025,2,1,Salary Week,Festival Sale
5047,4562,2025-02-14,True,True,2025,2,1,Salary Week,Festival Sale
5048,1655,2025-04-17,False,True,2025,4,2,Regular Week,Festival Sale
5049,1197,2025-10-26,True,False,2025,10,4,Salary Week,Regular Sale
5050,72,2025-01-15,True,True,2025,1,1,Salary Week,Festival Sale
5051,3455,2025-12-27,False,True,2025,12,4,Regular Week,Festival Sale
5052,413,2025-03-19,True,True,2025,3,1,Salary Week,Festival Sale
5053,409,2025-08-04,False,False,2025,8,3,Regular Week,Regular Sale
5054,4837,2026-01-06,False,False,2026,1,1,Regular Week,Regular Sale
5055,593,2025-01-07,False,False,2025,1,1,Regular Week,Regular Sale
5056,2005,2025-10-12,True,False,2025,10,4,Salary Week,Regular Sale
5057,4434,2025-04-19,False,True,2025,4,2,Regular Week,Festival Sale
5058,3638,2025-06-03,False,False,2025,6,2,Regular Week,Regular Sale
5059,932,2025-10-28,True,False,2025,10,4,Salary Week,Regular Sale
5060,4628,2025-12-22,True,False,2025,12,4,Salary Week,Regular Sale
5061,4756,2025-11-14,True,True,2025,11,4,Salary Week,Festival Sale
5062,1987,2025-11-19,False,True,2025,11,4,Regular Week,Festival Sale
5063,4483,2025-05-02,False,True,2025,5,2,Regular Week,Festival Sale
5064,2326,2025-05-08,False,False,2025,5,2,Regular Week,Regular Sale
5065,636,2025-02-03,True,True,2025,2,1,Salary Week,Festival Sale
5066,3377,2025-10-13,True,False,2025,10,4,Salary Week,Regular Sale
5067,1694,2025-07-05,True,False,2025,7,3,Salary Week,Regular Sale
5068,3119,2025-09-02,False,False,2025,9,3,Regular Week,Regular Sale
5069,1733,2025-03-28,False,True,2025,3,1,Regular Week,Festival Sale
5070,1571,2025-07-23,True,True,2025,7,3,Salary Week,Festival Sale
5071,3130,2025-05-15,True,False,2025,5,2,Salary Week,Regular Sale
5072,3439,2025-02-22,False,False,2025,2,1,Regular Week,Regular Sale
5073,3635,2025-03-02,False,True,2025,3,1,Regular Week,Festival Sale
5074,2950,2025-10-28,True,True,2025,10,4,Salary Week,Festival Sale
5075,510,2025-06-09,True,True,2025,6,2,Salary Week,Festival Sale
5076,1434,2025-09-07,True,True,2025,9,3,Salary Week,Festival Sale
5077,650,2025-07-04,True,True,2025,7,3,Salary Week,Festival Sale
5078,3188,2025-08-08,False,True,2025,8,3,Regular Week,Festival Sale
5079,2796,2025-04-12,False,False,2025,4,2,Regular Week,Regular Sale
5080,1970,2025-03-28,False,True,2025,3,1,Regular Week,Festival Sale
5081,4402,2025-09-04,False,False,2025,9,3,Regular Week,Regular Sale
5082,4438,2025-10-18,True,True,2025,10,4,Salary Week,Festival Sale
5083,752,2025-08-11,False,True,2025,8,3,Regular Week,Festival Sale
5084,4870,2025-07-16,False,True,2025,7,3,Regular Week,Festival Sale
5085,2981,2025-12-16,True,True,2025,12,4,Salary Week,Festival Sale
5086,4332,2025-11-11,False,False,2025,11,4,Regular Week,Regular Sale
5087,876,2025-09-20,True,False,2025,9,3,Salary Week,Regular Sale
5088,611,2025-06-16,True,False,2025,6,2,Salary Week,Regular Sale
5089,853,2025-03-25,False,True,2025,3,1,Regular Week,Festival Sale
5090,1550,2025-09-29,False,False,2025,9,3,Regular Week,Regular Sale
5091,201,2025-11-12,True,True,2025,11,4,Salary Week,Festival Sale
5092,4816,2025-11-30,False,False,2025,11,4,Regular Week,Regular Sale
5093,4811,2025-02-18,False,True,2025,2,1,Regular Week,Festival Sale
5094,346,2025-09-11,True,True,2025,9,3,Salary Week,Festival Sale
5095,2464,2025-07-17,True,True,2025,7,3,Salary Week,Festival Sale
5096,4451,2025-01-11,False,True,2025,1,1,Regular Week,Festival Sale
5097,650,2025-01-23,True,False,2025,1,1,Salary Week,Regular Sale
5098,211,2025-10-20,False,False,2025,10,4,Regular Week,Regular Sale
5099,4240,2025-08-05,False,False,2025,8,3,Regular Week,Regular Sale
5100,5,2025-10-20,True,False,2025,10,4,Salary Week,Regular Sale
5101,2175,2025-07-30,False,False,2025,7,3,Regular Week,Regular Sale
5102,693,2025-02-04,False,False,2025,2,1,Regular Week,Regular Sale
5103,2606,2025-06-08,False,True,2025,6,2,Regular Week,Festival Sale
5104,4564,2025-01-07,False,False,2025,1,1,Regular Week,Regular Sale
5105,1696,2025-01-25,True,True,2025,1,1,Salary Week,Festival Sale
5106,2772,2025-02-16,False,True,2025,2,1,Regular Week,Festival Sale
5107,2778,2025-11-27,False,False,2025,11,4,Regular Week,Regular Sale
5108,1256,2025-03-24,False,True,2025,3,1,Regular Week,Festival Sale
5109,352,2025-04-02,False,False,2025,4,2,Regular Week,Regular Sale
5110,4683,2025-06-21,True,False,2025,6,2,Salary Week,Regular Sale
5111,1569,2025-04-04,True,False,2025,4,2,Salary Week,Regular Sale
5112,679,2025-03-16,False,True,2025,3,1,Regular Week,Festival Sale
5113,236,2025-03-25,True,True,2025,3,1,Salary Week,Festival Sale
5114,2374,2025-12-11,True,True,2025,12,4,Salary Week,Festival Sale
5115,2802,2025-01-23,False,False,2025,1,1,Regular Week,Regular Sale
5116,1361,2025-02-14,False,True,2025,2,1,Regular Week,Festival Sale
5117,811,2025-09-19,False,True,2025,9,3,Regular Week,Festival Sale
5118,4818,2025-04-16,False,False,2025,4,2,Regular Week,Regular Sale
5119,651,2025-11-05,True,False,2025,11,4,Salary Week,Regular Sale
5120,4778,2025-09-06,True,False,2025,9,3,Salary Week,Regular Sale
5121,1336,2025-01-30,False,True,2025,1,1,Regular Week,Festival Sale
5122,744,2025-05-28,False,True,2025,5,2,Regular Week,Festival Sale
5123,2876,2025-03-28,True,True,2025,3,1,Salary Week,Festival Sale
5124,4466,2025-02-06,True,False,2025,2,1,Salary Week,Regular Sale
5125,2957,2025-05-02,True,False,2025,5,2,Salary Week,Regular Sale
5126,1250,2025-10-26,True,True,2025,10,4,Salary Week,Festival Sale
5127,3274,2025-12-29,True,True,2025,12,4,Salary Week,Festival Sale
5128,4763,2025-05-28,False,True,2025,5,2,Regular Week,Festival Sale
5129,1911,2025-03-03,True,False,2025,3,1,Salary Week,Regular Sale
5130,2559,2025-10-20,False,False,2025,10,4,Regular Week,Regular Sale
5131,3503,2025-05-08,True,False,2025,5,2,Salary Week,Regular Sale
5132,1662,2025-11-28,False,True,2025,11,4,Regular Week,Festival Sale
5133,1845,2025-09-10,True,True,2025,9,3,Salary Week,Festival Sale
5134,1894,2025-09-01,True,True,2025,9,3,Salary Week,Festival Sale
5135,2641,2025-12-19,True,True,2025,12,4,Salary Week,Festival Sale
5136,2673,2025-11-16,False,True,2025,11,4,Regular Week,Festival Sale
5137,3532,2025-05-02,True,False,2025,5,2,Salary Week,Regular Sale
5138,2592,2025-04-05,True,False,2025,4,2,Salary Week,Regular Sale
5139,552,2025-08-30,True,False,2025,8,3,Salary Week,Regular Sale
5140,488,2025-06-02,False,False,2025,6,2,Regular Week,Regular Sale
5141,1093,2025-05-07,True,False,2025,5,2,Salary Week,Regular Sale
5142,2574,2025-02-27,True,True,2025,2,1,Salary Week,Festival Sale
5143,424,2025-10-19,False,False,2025,10,4,Regular Week,Regular Sale
5144,182,2025-11-12,True,False,2025,11,4,Salary Week,Regular Sale
5145,1301,2025-09-06,False,True,2025,9,3,Regular Week,Festival Sale
5146,4603,2025-12-08,False,True,2025,12,4,Regular Week,Festival Sale
5147,754,2025-05-27,True,True,2025,5,2,Salary Week,Festival Sale
5148,3942,2025-10-24,True,False,2025,10,4,Salary Week,Regular Sale
5149,585,2025-09-21,False,False,2025,9,3,Regular Week,Regular Sale
5150,1734,2025-08-03,True,False,2025,8,3,Salary Week,Regular Sale
5151,924,2025-03-13,False,False,2025,3,1,Regular Week,Regular Sale
5152,4576,2025-05-15,False,False,2025,5,2,Regular Week,Regular Sale
5153,1814,2025-12-03,True,True,2025,12,4,Salary Week,Festival Sale
5154,4641,2025-01-29,False,False,2025,1,1,Regular Week,Regular Sale
5155,2986,2025-10-04,False,False,2025,10,4,Regular Week,Regular Sale
5156,4824,2025-04-21,True,False,2025,4,2,Salary Week,Regular Sale
5157,2366,2025-04-06,False,True,2025,4,2,Regular Week,Festival Sale
5158,2102,2025-05-16,True,True,2025,5,2,Salary Week,Festival Sale
5159,3903,2025-10-01,False,False,2025,10,4,Regular Week,Regular Sale
5160,3039,2025-02-03,False,True,2025,2,1,Regular Week,Festival Sale
5161,3408,2025-03-06,True,True,2025,3,1,Salary Week,Festival Sale
5162,831,2025-02-04,True,False,2025,2,1,Salary Week,Regular Sale
5163,2266,2025-10-27,False,True,2025,10,4,Regular Week,Festival Sale
5164,56,2025-12-01,True,True,2025,12,4,Salary Week,Festival Sale
5165,407,2025-03-10,True,True,2025,3,1,Salary Week,Festival Sale
5166,2305,2025-06-15,False,True,2025,6,2,Regular Week,Festival Sale
5167,4502,2025-04-11,False,True,2025,4,2,Regular Week,Festival Sale
5168,27,2025-04-08,False,False,2025,4,2,Regular Week,Regular Sale
5169,1445,2025-02-13,True,True,2025,2,1,Salary Week,Festival Sale
5170,2462,2025-05-18,True,True,2025,5,2,Salary Week,Festival Sale
5171,542,2025-02-03,False,True,2025,2,1,Regular Week,Festival Sale
5172,1225,2025-10-29,True,True,2025,10,4,Salary Week,Festival Sale
5173,2334,2025-05-01,True,False,2025,5,2,Salary Week,Regular Sale
5174,4083,2025-09-13,True,True,2025,9,3,Salary Week,Festival Sale
5175,4579,2025-08-19,True,True,2025,8,3,Salary Week,Festival Sale
5176,626,2025-11-22,True,True,2025,11,4,Salary Week,Festival Sale
5177,691,2025-10-15,False,True,2025,10,4,Regular Week,Festival Sale
5178,1800,2025-05-13,False,True,2025,5,2,Regular Week,Festival Sale
5179,3913,2025-02-16,False,True,2025,2,1,Regular Week,Festival Sale
5180,4940,2025-09-18,True,False,2025,9,3,Salary Week,Regular Sale
5181,4494,2025-11-07,True,False,2025,11,4,Salary Week,Regular Sale
5182,2318,2025-07-24,True,True,2025,7,3,Salary Week,Festival Sale
5183,838,2025-08-06,False,True,2025,8,3,Regular Week,Festival Sale
5184,4762,2025-03-23,True,True,2025,3,1,Salary Week,Festival Sale
5185,1067,2025-09-19,False,False,2025,9,3,Regular Week,Regular Sale
5186,2429,2025-11-25,True,False,2025,11,4,Salary Week,Regular Sale
5187,1641,2025-09-17,False,False,2025,9,3,Regular Week,Regular Sale
5188,4837,2025-05-12,True,True,2025,5,2,Salary Week,Festival Sale
5189,4823,2025-04-25,False,False,2025,4,2,Regular Week,Regular Sale
5190,311,2025-11-02,True,True,2025,11,4,Salary Week,Festival Sale
5191,983,2025-04-07,True,True,2025,4,2,Salary Week,Festival Sale
5192,233,2025-01-29,False,False,2025,1,1,Regular Week,Regular Sale
5193,3838,2025-07-03,True,False,2025,7,3,Salary Week,Regular Sale
5194,4883,2025-01-19,False,True,2025,1,1,Regular Week,Festival Sale
5195,3669,2025-06-10,True,True,2025,6,2,Salary Week,Festival Sale
5196,4299,2025-07-19,False,False,2025,7,3,Regular Week,Regular Sale
5197,2399,2025-04-12,False,True,2025,4,2,Regular Week,Festival Sale
5198,4750,2025-07-25,True,False,2025,7,3,Salary Week,Regular Sale
5199,564,2025-12-15,False,False,2025,12,4,Regular Week,Regular Sale
5200,4136,2025-07-28,False,True,2025,7,3,Regular Week,Festival Sale
5201,1470,2025-07-31,False,True,2025,7,3,Regular Week,Festival Sale
5202,3061,2025-07-04,True,False,2025,7,3,Salary Week,Regular Sale
5203,4946,2025-10-12,True,True,2025,10,4,Salary Week,Festival Sale
5204,4387,2025-05-11,True,True,2025,5,2,Salary Week,Festival Sale
5205,4605,2025-06-03,True,False,2025,6,2,Salary Week,Regular Sale
5206,1973,2025-04-14,False,True,2025,4,2,Regular Week,Festival Sale
5207,4058,2025-04-05,True,False,2025,4,2,Salary Week,Regular Sale
5208,3756,2025-11-24,True,False,2025,11,4,Salary Week,Regular Sale
5209,549,2025-09-15,True,False,2025,9,3,Salary Week,Regular Sale
5210,3073,2025-07-11,True,False,2025,7,3,Salary Week,Regular Sale
5211,1729,2025-02-06,True,True,2025,2,1,Salary Week,Festival Sale
5212,2479,2025-10-09,False,False,2025,10,4,Regular Week,Regular Sale
5213,219,2025-04-20,True,True,2025,4,2,Salary Week,Festival Sale
5214,3526,2025-08-06,False,True,2025,8,3,Regular Week,Festival Sale
5215,4216,2025-04-10,False,False,2025,4,2,Regular Week,Regular Sale
5216,4802,2025-08-23,True,True,2025,8,3,Salary Week,Festival Sale
5217,1852,2025-09-10,False,True,2025,9,3,Regular Week,Festival Sale
5218,571,2025-08-05,True,False,2025,8,3,Salary Week,Regular Sale
5219,1480,2025-07-13,False,True,2025,7,3,Regular Week,Festival Sale
5220,188,2025-02-15,True,True,2025,2,1,Salary Week,Festival Sale
5221,4703,2025-01-11,True,True,2025,1,1,Salary Week,Festival Sale
5222,3079,2025-10-14,True,True,2025,10,4,Salary Week,Festival Sale
5223,1618,2025-05-16,True,True,2025,5,2,Salary Week,Festival Sale
5224,1476,2025-01-13,False,True,2025,1,1,Regular Week,Festival Sale
5225,3342,2025-05-28,False,True,2025,5,2,Regular Week,Festival Sale
5226,1177,2025-07-09,False,True,2025,7,3,Regular Week,Festival Sale
5227,2462,2025-01-18,True,True,2025,1,1,Salary Week,Festival Sale
5228,1266,2025-01-07,False,True,2025,1,1,Regular Week,Festival Sale
5229,4644,2025-10-18,False,True,2025,10,4,Regular Week,Festival Sale
5230,3514,2025-11-06,True,True,2025,11,4,Salary Week,Festival Sale
5231,242,2025-10-25,False,True,2025,10,4,Regular Week,Festival Sale
5232,2173,2025-02-22,False,False,2025,2,1,Regular Week,Regular Sale
5233,2949,2025-01-13,True,False,2025,1,1,Salary Week,Regular Sale
5234,4930,2025-11-12,False,True,2025,11,4,Regular Week,Festival Sale
5235,2246,2025-04-30,False,False,2025,4,2,Regular Week,Regular Sale
5236,3687,2025-03-02,True,False,2025,3,1,Salary Week,Regular Sale
5237,1771,2025-11-12,True,True,2025,11,4,Salary Week,Festival Sale
5238,1702,2025-11-07,True,False,2025,11,4,Salary Week,Regular Sale
5239,3542,2025-10-07,True,False,2025,10,4,Salary Week,Regular Sale
5240,4169,2025-08-08,False,True,2025,8,3,Regular Week,Festival Sale
5241,1553,2025-10-24,False,True,2025,10,4,Regular Week,Festival Sale
5242,3162,2025-07-14,False,False,2025,7,3,Regular Week,Regular Sale
5243,202,2025-09-17,True,True,2025,9,3,Salary Week,Festival Sale
5244,1371,2025-01-10,False,True,2025,1,1,Regular Week,Festival Sale
5245,2189,2025-06-22,False,True,2025,6,2,Regular Week,Festival Sale
5246,2485,2025-01-10,True,True,2025,1,1,Salary Week,Festival Sale
5247,1914,2025-10-04,True,True,2025,10,4,Salary Week,Festival Sale
5248,2702,2025-09-03,True,True,2025,9,3,Salary Week,Festival Sale
5249,2377,2025-12-20,False,True,2025,12,4,Regular Week,Festival Sale
5250,2039,2025-09-26,True,False,2025,9,3,Salary Week,Regular Sale
5251,1357,2025-08-02,True,True,2025,8,3,Salary Week,Festival Sale
5252,4040,2025-06-22,False,False,2025,6,2,Regular Week,Regular Sale
5253,1947,2025-02-08,False,False,2025,2,1,Regular Week,Regular Sale
5254,895,2026-01-02,True,False,2026,1,1,Salary Week,Regular Sale
5255,303,2025-07-16,True,False,2025,7,3,Salary Week,Regular Sale
5256,4714,2025-07-16,False,False,2025,7,3,Regular Week,Regular Sale
5257,348,2025-02-18,False,True,2025,2,1,Regular Week,Festival Sale
5258,1188,2025-11-13,True,False,2025,11,4,Salary Week,Regular Sale
5259,2237,2025-02-03,False,True,2025,2,1,Regular Week,Festival Sale
5260,2142,2025-03-30,False,False,2025,3,1,Regular Week,Regular Sale
5261,2086,2025-04-23,False,True,2025,4,2,Regular Week,Festival Sale
5262,2555,2025-09-02,True,True,2025,9,3,Salary Week,Festival Sale
5263,4928,2025-03-20,False,False,2025,3,1,Regular Week,Regular Sale
5264,4769,2025-03-12,False,True,2025,3,1,Regular Week,Festival Sale
5265,1380,2025-11-20,False,True,2025,11,4,Regular Week,Festival Sale
5266,3892,2025-04-05,False,False,2025,4,2,Regular Week,Regular Sale
5267,2663,2025-01-26,True,False,2025,1,1,Salary Week,Regular Sale
5268,3336,2025-12-23,True,True,2025,12,4,Salary Week,Festival Sale
5269,241,2025-05-22,True,True,2025,5,2,Salary Week,Festival Sale
5270,4146,2025-03-21,False,False,2025,3,1,Regular Week,Regular Sale
5271,4646,2025-09-11,True,False,2025,9,3,Salary Week,Regular Sale
5272,2362,2025-07-14,False,True,2025,7,3,Regular Week,Festival Sale
5273,560,2025-09-25,True,False,2025,9,3,Salary Week,Regular Sale
5274,2033,2025-07-13,False,False,2025,7,3,Regular Week,Regular Sale
5275,1594,2025-02-27,True,False,2025,2,1,Salary Week,Regular Sale
5276,1239,2025-04-07,False,False,2025,4,2,Regular Week,Regular Sale
5277,3969,2025-03-11,False,True,2025,3,1,Regular Week,Festival Sale
5278,1612,2025-09-28,False,True,2025,9,3,Regular Week,Festival Sale
5279,2104,2025-01-23,True,True,2025,1,1,Salary Week,Festival Sale
5280,1012,2025-12-03,True,True,2025,12,4,Salary Week,Festival Sale
5281,1344,2025-07-11,True,False,2025,7,3,Salary Week,Regular Sale
5282,2541,2025-06-12,True,True,2025,6,2,Salary Week,Festival Sale
5283,4122,2025-08-28,True,True,2025,8,3,Salary Week,Festival Sale
5284,3018,2025-07-11,False,False,2025,7,3,Regular Week,Regular Sale
5285,2804,2025-05-07,False,False,2025,5,2,Regular Week,Regular Sale
5286,671,2025-07-02,False,True,2025,7,3,Regular Week,Festival Sale
5287,1858,2025-08-19,False,False,2025,8,3,Regular Week,Regular Sale
5288,4532,2025-09-30,True,False,2025,9,3,Salary Week,Regular Sale
5289,3942,2025-07-12,True,False,2025,7,3,Salary Week,Regular Sale
5290,2263,2025-11-22,True,False,2025,11,4,Salary Week,Regular Sale
5291,3481,2025-02-26,False,True,2025,2,1,Regular Week,Festival Sale
5292,1775,2025-12-26,False,True,2025,12,4,Regular Week,Festival Sale
5293,4260,2025-08-16,True,True,2025,8,3,Salary Week,Festival Sale
5294,70,2025-03-23,False,True,2025,3,1,Regular Week,Festival Sale
5295,4840,2025-05-03,True,True,2025,5,2,Salary Week,Festival Sale
5296,4235,2025-01-16,True,False,2025,1,1,Salary Week,Regular Sale
5297,945,2025-08-20,True,True,2025,8,3,Salary Week,Festival Sale
5298,4146,2025-02-13,False,True,2025,2,1,Regular Week,Festival Sale
5299,80,2025-10-07,False,False,2025,10,4,Regular Week,Regular Sale
5300,2681,2025-04-27,False,False,2025,4,2,Regular Week,Regular Sale
5301,1555,2025-04-11,True,False,2025,4,2,Salary Week,Regular Sale
5302,1001,2025-04-17,True,True,2025,4,2,Salary Week,Festival Sale
5303,2612,2025-07-26,True,False,2025,7,3,Salary Week,Regular Sale
5304,1741,2025-08-08,True,True,2025,8,3,Salary Week,Festival Sale
5305,2729,2025-05-10,True,False,2025,5,2,Salary Week,Regular Sale
5306,1930,2025-04-19,False,True,2025,4,2,Regular Week,Festival Sale
5307,4836,2025-10-23,True,True,2025,10,4,Salary Week,Festival Sale
5308,1525,2025-11-11,False,False,2025,11,4,Regular Week,Regular Sale
5309,1967,2025-09-30,False,False,2025,9,3,Regular Week,Regular Sale
5310,877,2025-10-07,False,False,2025,10,4,Regular Week,Regular Sale
5311,3391,2025-02-08,False,False,2025,2,1,Regular Week,Regular Sale
5312,2193,2025-09-04,False,False,2025,9,3,Regular Week,Regular Sale
5313,1792,2025-10-26,True,False,2025,10,4,Salary Week,Regular Sale
5314,2282,2025-09-17,True,False,2025,9,3,Salary Week,Regular Sale
5315,4646,2025-05-20,True,False,2025,5,2,Salary Week,Regular Sale
5316,2809,2025-12-31,False,False,2025,12,4,Regular Week,Regular Sale
5317,2817,2025-06-24,False,True,2025,6,2,Regular Week,Festival Sale
5318,3932,2025-03-06,True,False,2025,3,1,Salary Week,Regular Sale
5319,4913,2025-06-16,False,True,2025,6,2,Regular Week,Festival Sale
5320,2840,2025-02-02,True,False,2025,2,1,Salary Week,Regular Sale
5321,1367,2025-01-08,False,True,2025,1,1,Regular Week,Festival Sale
5322,4021,2025-05-31,True,True,2025,5,2,Salary Week,Festival Sale
5323,1743,2025-12-12,True,False,2025,12,4,Salary Week,Regular Sale
5324,4311,2025-10-01,False,False,2025,10,4,Regular Week,Regular Sale
5325,3923,2025-04-20,False,True,2025,4,2,Regular Week,Festival Sale
5326,3265,2025-11-10,False,True,2025,11,4,Regular Week,Festival Sale
5327,593,2025-01-08,True,True,2025,1,1,Salary Week,Festival Sale
5328,291,2025-03-03,True,True,2025,3,1,Salary Week,Festival Sale
5329,1421,2025-10-31,False,True,2025,10,4,Regular Week,Festival Sale
5330,2994,2025-06-25,False,True,2025,6,2,Regular Week,Festival Sale
5331,205,2025-04-07,True,False,2025,4,2,Salary Week,Regular Sale
5332,1703,2025-09-09,False,False,2025,9,3,Regular Week,Regular Sale
5333,2952,2025-10-27,False,True,2025,10,4,Regular Week,Festival Sale
5334,4798,2026-01-03,True,False,2026,1,1,Salary Week,Regular Sale
5335,4309,2025-04-11,False,True,2025,4,2,Regular Week,Festival Sale
5336,2789,2025-03-01,False,True,2025,3,1,Regular Week,Festival Sale
5337,2196,2025-09-30,True,False,2025,9,3,Salary Week,Regular Sale
5338,1599,2025-03-25,False,True,2025,3,1,Regular Week,Festival Sale
5339,4132,2025-04-20,True,False,2025,4,2,Salary Week,Regular Sale
5340,628,2025-12-21,True,False,2025,12,4,Salary Week,Regular Sale
5341,1274,2025-03-20,False,False,2025,3,1,Regular Week,Regular Sale
5342,31,2025-08-27,True,False,2025,8,3,Salary Week,Regular Sale
5343,4300,2025-06-29,True,False,2025,6,2,Salary Week,Regular Sale
5344,4034,2025-09-19,False,False,2025,9,3,Regular Week,Regular Sale
5345,756,2025-02-14,False,True,2025,2,1,Regular Week,Festival Sale
5346,2268,2025-11-23,False,False,2025,11,4,Regular Week,Regular Sale
5347,959,2025-07-19,True,True,2025,7,3,Salary Week,Festival Sale
5348,387,2025-12-12,False,True,2025,12,4,Regular Week,Festival Sale
5349,1048,2025-08-28,False,False,2025,8,3,Regular Week,Regular Sale
5350,3045,2025-09-23,False,False,2025,9,3,Regular Week,Regular Sale
5351,3957,2025-05-02,False,False,2025,5,2,Regular Week,Regular Sale
5352,821,2025-05-17,False,True,2025,5,2,Regular Week,Festival Sale
5353,3604,2025-06-22,False,False,2025,6,2,Regular Week,Regular Sale
5354,4882,2025-12-06,False,True,2025,12,4,Regular Week,Festival Sale
5355,4668,2025-03-06,True,False,2025,3,1,Salary Week,Regular Sale
5356,1382,2025-10-04,False,False,2025,10,4,Regular Week,Regular Sale
5357,2785,2025-03-24,False,True,2025,3,1,Regular Week,Festival Sale
5358,1729,2025-01-11,True,True,2025,1,1,Salary Week,Festival Sale
5359,4212,2025-06-05,True,False,2025,6,2,Salary Week,Regular Sale
5360,1126,2025-07-04,False,True,2025,7,3,Regular Week,Festival Sale
5361,2946,2025-07-21,True,True,2025,7,3,Salary Week,Festival Sale
5362,1051,2025-08-10,False,False,2025,8,3,Regular Week,Regular Sale
5363,2792,2025-03-28,True,True,2025,3,1,Salary Week,Festival Sale
5364,4498,2025-08-23,False,True,2025,8,3,Regular Week,Festival Sale
5365,2246,2025-10-27,True,False,2025,10,4,Salary Week,Regular Sale
5366,4992,2025-07-02,True,True,2025,7,3,Salary Week,Festival Sale
5367,383,2025-11-11,True,True,2025,11,4,Salary Week,Festival Sale
5368,3226,2025-07-04,False,False,2025,7,3,Regular Week,Regular Sale
5369,1572,2025-01-06,True,True,2025,1,1,Salary Week,Festival Sale
5370,1688,2025-04-08,False,False,2025,4,2,Regular Week,Regular Sale
5371,3454,2025-01-14,True,False,2025,1,1,Salary Week,Regular Sale
5372,1372,2025-04-16,False,True,2025,4,2,Regular Week,Festival Sale
5373,1440,2025-01-23,True,False,2025,1,1,Salary Week,Regular Sale
5374,3789,2025-03-16,True,False,2025,3,1,Salary Week,Regular Sale
5375,4172,2025-03-25,False,True,2025,3,1,Regular Week,Festival Sale
5376,1097,2025-11-07,True,True,2025,11,4,Salary Week,Festival Sale
5377,2167,2025-12-08,True,False,2025,12,4,Salary Week,Regular Sale
5378,1226,2025-02-15,True,False,2025,2,1,Salary Week,Regular Sale
5379,1946,2025-12-31,False,False,2025,12,4,Regular Week,Regular Sale
5380,2675,2025-08-03,True,False,2025,8,3,Salary Week,Regular Sale
5381,3182,2025-12-30,True,False,2025,12,4,Salary Week,Regular Sale
5382,3128,2025-01-09,True,True,2025,1,1,Salary Week,Festival Sale
5383,900,2025-12-28,True,False,2025,12,4,Salary Week,Regular Sale
5384,16,2025-09-30,False,False,2025,9,3,Regular Week,Regular Sale
5385,888,2025-02-04,False,False,2025,2,1,Regular Week,Regular Sale
5386,2270,2025-02-28,True,False,2025,2,1,Salary Week,Regular Sale
5387,2095,2025-05-29,True,False,2025,5,2,Salary Week,Regular Sale
5388,3133,2025-09-04,False,False,2025,9,3,Regular Week,Regular Sale
5389,2708,2025-08-16,False,False,2025,8,3,Regular Week,Regular Sale
5390,176,2025-07-08,False,True,2025,7,3,Regular Week,Festival Sale
5391,1490,2025-06-17,False,True,2025,6,2,Regular Week,Festival Sale
5392,2747,2025-09-22,True,True,2025,9,3,Salary Week,Festival Sale
5393,629,2025-06-10,True,False,2025,6,2,Salary Week,Regular Sale
5394,4321,2025-09-16,True,False,2025,9,3,Salary Week,Regular Sale
5395,684,2026-01-06,False,True,2026,1,1,Regular Week,Festival Sale
5396,1294,2025-07-12,False,False,2025,7,3,Regular Week,Regular Sale
5397,64,2025-05-05,False,False,2025,5,2,Regular Week,Regular Sale
5398,965,2025-10-09,False,True,2025,10,4,Regular Week,Festival Sale
5399,2906,2025-01-16,False,False,2025,1,1,Regular Week,Regular Sale
5400,2861,2025-02-18,False,True,2025,2,1,Regular Week,Festival Sale
5401,137,2025-10-26,True,False,2025,10,4,Salary Week,Regular Sale
5402,4967,2025-10-22,False,False,2025,10,4,Regular Week,Regular Sale
5403,2715,2025-04-30,False,True,2025,4,2,Regular Week,Festival Sale
5404,4715,2025-04-02,True,False,2025,4,2,Salary Week,Regular Sale
5405,1325,2025-09-17,False,True,2025,9,3,Regular Week,Festival Sale
5406,2526,2025-10-03,True,False,2025,10,4,Salary Week,Regular Sale
5407,2042,2025-05-17,True,False,2025,5,2,Salary Week,Regular Sale
5408,2762,2025-05-24,True,True,2025,5,2,Salary Week,Festival Sale
5409,1305,2025-10-20,False,True,2025,10,4,Regular Week,Festival Sale
5410,2317,2025-04-08,True,True,2025,4,2,Salary Week,Festival Sale
5411,4112,2025-11-11,False,True,2025,11,4,Regular Week,Festival Sale
5412,3608,2025-06-13,True,True,2025,6,2,Salary Week,Festival Sale
5413,4068,2025-04-20,False,False,2025,4,2,Regular Week,Regular Sale
5414,4495,2025-12-25,False,True,2025,12,4,Regular Week,Festival Sale
5415,4987,2025-10-02,False,False,2025,10,4,Regular Week,Regular Sale
5416,1822,2025-10-04,True,False,2025,10,4,Salary Week,Regular Sale
5417,2867,2025-07-24,True,True,2025,7,3,Salary Week,Festival Sale
5418,1598,2025-09-17,False,False,2025,9,3,Regular Week,Regular Sale
5419,3613,2025-07-13,True,False,2025,7,3,Salary Week,Regular Sale
5420,397,2025-06-22,False,True,2025,6,2,Regular Week,Festival Sale
5421,420,2025-12-25,False,True,2025,12,4,Regular Week,Festival Sale
5422,3452,2025-06-24,True,True,2025,6,2,Salary Week,Festival Sale
5423,1122,2025-03-18,True,True,2025,3,1,Salary Week,Festival Sale
5424,751,2025-12-22,False,False,2025,12,4,Regular Week,Regular Sale
5425,1480,2025-02-18,True,True,2025,2,1,Salary Week,Festival Sale
5426,3359,2025-11-05,False,False,2025,11,4,Regular Week,Regular Sale
5427,2757,2025-10-14,True,False,2025,10,4,Salary Week,Regular Sale
5428,1160,2025-06-19,False,True,2025,6,2,Regular Week,Festival Sale
5429,1735,2025-07-26,True,False,2025,7,3,Salary Week,Regular Sale
5430,2665,2025-08-12,False,False,2025,8,3,Regular Week,Regular Sale
5431,1857,2025-10-22,False,False,2025,10,4,Regular Week,Regular Sale
5432,1280,2025-12-31,True,True,2025,12,4,Salary Week,Festival Sale
5433,4519,2025-01-31,False,True,2025,1,1,Regular Week,Festival Sale
5434,2290,2025-07-31,False,False,2025,7,3,Regular Week,Regular Sale
5435,75,2025-05-18,True,False,2025,5,2,Salary Week,Regular Sale
5436,2730,2025-11-02,False,False,2025,11,4,Regular Week,Regular Sale
5437,652,2025-09-02,True,True,2025,9,3,Salary Week,Festival Sale
5438,4617,2025-03-25,True,True,2025,3,1,Salary Week,Festival Sale
5439,1385,2025-07-16,False,False,2025,7,3,Regular Week,Regular Sale
5440,1515,2025-11-16,False,False,2025,11,4,Regular Week,Regular Sale
5441,4842,2025-04-25,True,True,2025,4,2,Salary Week,Festival Sale
5442,4716,2025-09-17,True,False,2025,9,3,Salary Week,Regular Sale
5443,2253,2025-10-01,True,True,2025,10,4,Salary Week,Festival Sale
5444,4623,2025-01-11,True,True,2025,1,1,Salary Week,Festival Sale
5445,1855,2025-12-02,False,True,2025,12,4,Regular Week,Festival Sale
5446,3454,2025-10-22,False,True,2025,10,4,Regular Week,Festival Sale
5447,4643,2025-11-09,False,False,2025,11,4,Regular Week,Regular Sale
5448,4858,2025-02-04,False,True,2025,2,1,Regular Week,Festival Sale
5449,2103,2025-07-31,True,True,2025,7,3,Salary Week,Festival Sale
5450,986,2025-02-02,True,True,2025,2,1,Salary Week,Festival Sale
5451,4800,2025-02-19,True,True,2025,2,1,Salary Week,Festival Sale
5452,1018,2025-05-09,True,False,2025,5,2,Salary Week,Regular Sale
5453,958,2025-03-22,True,True,2025,3,1,Salary Week,Festival Sale
5454,2976,2025-02-14,False,True,2025,2,1,Regular Week,Festival Sale
5455,3089,2025-10-15,True,True,2025,10,4,Salary Week,Festival Sale
5456,2436,2025-04-09,False,True,2025,4,2,Regular Week,Festival Sale
5457,187,2025-09-21,True,True,2025,9,3,Salary Week,Festival Sale
5458,2497,2025-09-26,True,False,2025,9,3,Salary Week,Regular Sale
5459,3162,2025-08-15,True,True,2025,8,3,Salary Week,Festival Sale
5460,2644,2025-02-16,False,True,2025,2,1,Regular Week,Festival Sale
5461,507,2025-10-04,True,False,2025,10,4,Salary Week,Regular Sale
5462,970,2025-06-12,False,False,2025,6,2,Regular Week,Regular Sale
5463,1676,2025-09-14,False,True,2025,9,3,Regular Week,Festival Sale
5464,4666,2025-06-07,True,False,2025,6,2,Salary Week,Regular Sale
5465,1603,2025-04-04,True,True,2025,4,2,Salary Week,Festival Sale
5466,2031,2025-03-19,True,True,2025,3,1,Salary Week,Festival Sale
5467,654,2025-03-09,True,True,2025,3,1,Salary Week,Festival Sale
5468,1542,2025-01-12,True,True,2025,1,1,Salary Week,Festival Sale
5469,401,2025-04-20,False,True,2025,4,2,Regular Week,Festival Sale
5470,4838,2025-08-07,True,False,2025,8,3,Salary Week,Regular Sale
5471,1958,2025-01-12,True,True,2025,1,1,Salary Week,Festival Sale
5472,938,2025-10-24,False,False,2025,10,4,Regular Week,Regular Sale
5473,2951,2025-06-02,False,False,2025,6,2,Regular Week,Regular Sale
5474,2285,2025-06-02,False,True,2025,6,2,Regular Week,Festival Sale
5475,4235,2025-03-31,True,False,2025,3,1,Salary Week,Regular Sale
5476,2194,2025-10-15,True,True,2025,10,4,Salary Week,Festival Sale
5477,4236,2025-12-01,False,False,2025,12,4,Regular Week,Regular Sale
5478,4941,2025-10-06,True,False,2025,10,4,Salary Week,Regular Sale
5479,2053,2025-09-16,True,True,2025,9,3,Salary Week,Festival Sale
5480,793,2025-09-14,True,True,2025,9,3,Salary Week,Festival Sale
5481,2715,2025-06-13,True,False,2025,6,2,Salary Week,Regular Sale
5482,1830,2025-07-02,False,True,2025,7,3,Regular Week,Festival Sale
5483,2963,2025-10-16,False,False,2025,10,4,Regular Week,Regular Sale
5484,490,2025-03-09,False,True,2025,3,1,Regular Week,Festival Sale
5485,2052,2025-03-07,False,True,2025,3,1,Regular Week,Festival Sale
5486,667,2025-02-22,True,False,2025,2,1,Salary Week,Regular Sale
5487,604,2025-08-15,True,True,2025,8,3,Salary Week,Festival Sale
5488,2791,2025-09-21,False,False,2025,9,3,Regular Week,Regular Sale
5489,1781,2025-06-08,True,False,2025,6,2,Salary Week,Regular Sale
5490,3328,2025-08-09,True,False,2025,8,3,Salary Week,Regular Sale
5491,3564,2025-08-23,False,False,2025,8,3,Regular Week,Regular Sale
5492,2739,2025-01-21,False,True,2025,1,1,Regular Week,Festival Sale
5493,3435,2025-09-04,True,False,2025,9,3,Salary Week,Regular Sale
5494,2896,2025-10-01,False,False,2025,10,4,Regular Week,Regular Sale
5495,1275,2025-06-16,True,False,2025,6,2,Salary Week,Regular Sale
5496,4713,2025-05-14,True,True,2025,5,2,Salary Week,Festival Sale
5497,1729,2025-03-29,False,True,2025,3,1,Regular Week,Festival Sale
5498,1596,2025-08-26,True,False,2025,8,3,Salary Week,Regular Sale
5499,2749,2025-03-07,False,False,2025,3,1,Regular Week,Regular Sale
5500,2736,2025-07-12,False,False,2025,7,3,Regular Week,Regular Sale
5501,2179,2025-03-20,True,False,2025,3,1,Salary Week,Regular Sale
5502,706,2025-12-01,True,False,2025,12,4,Salary Week,Regular Sale
5503,4171,2025-06-02,False,False,2025,6,2,Regular Week,Regular Sale
5504,2873,2025-03-17,False,True,2025,3,1,Regular Week,Festival Sale
5505,1170,2025-08-10,True,False,2025,8,3,Salary Week,Regular Sale
5506,1457,2025-06-03,True,False,2025,6,2,Salary Week,Regular Sale
5507,3375,2025-04-17,True,True,2025,4,2,Salary Week,Festival Sale
5508,2492,2025-10-02,False,True,2025,10,4,Regular Week,Festival Sale
5509,4561,2025-12-11,False,True,2025,12,4,Regular Week,Festival Sale
5510,214,2025-10-29,False,False,2025,10,4,Regular Week,Regular Sale
5511,213,2025-10-02,False,True,2025,10,4,Regular Week,Festival Sale
5512,2818,2025-01-31,False,False,2025,1,1,Regular Week,Regular Sale
5513,124,2026-01-01,False,False,2026,1,1,Regular Week,Regular Sale
5514,8,2025-05-09,False,False,2025,5,2,Regular Week,Regular Sale
5515,2981,2025-02-28,True,True,2025,2,1,Salary Week,Festival Sale
5516,4784,2025-11-16,False,False,2025,11,4,Regular Week,Regular Sale
5517,4493,2025-02-18,True,True,2025,2,1,Salary Week,Festival Sale
5518,2764,2025-04-30,True,False,2025,4,2,Salary Week,Regular Sale
5519,3005,2025-08-19,True,True,2025,8,3,Salary Week,Festival Sale
5520,2653,2025-08-20,True,True,2025,8,3,Salary Week,Festival Sale
5521,4946,2025-04-17,True,True,2025,4,2,Salary Week,Festival Sale
5522,4495,2025-05-30,True,False,2025,5,2,Salary Week,Regular Sale
5523,2656,2025-06-11,True,True,2025,6,2,Salary Week,Festival Sale
5524,4269,2025-12-31,False,False,2025,12,4,Regular Week,Regular Sale
5525,3845,2025-07-22,False,True,2025,7,3,Regular Week,Festival Sale
5526,4225,2026-01-04,True,True,2026,1,1,Salary Week,Festival Sale
5527,1442,2025-10-27,True,True,2025,10,4,Salary Week,Festival Sale
5528,2484,2025-01-14,True,True,2025,1,1,Salary Week,Festival Sale
5529,1217,2025-08-06,False,False,2025,8,3,Regular Week,Regular Sale
5530,2763,2025-12-06,True,False,2025,12,4,Salary Week,Regular Sale
5531,748,2025-02-12,False,False,2025,2,1,Regular Week,Regular Sale
5532,4476,2025-10-02,True,False,2025,10,4,Salary Week,Regular Sale
5533,1134,2025-07-19,True,True,2025,7,3,Salary Week,Festival Sale
5534,3017,2025-12-04,True,True,2025,12,4,Salary Week,Festival Sale
5535,1372,2025-01-25,True,False,2025,1,1,Salary Week,Regular Sale
5536,928,2025-04-19,False,True,2025,4,2,Regular Week,Festival Sale
5537,3169,2025-05-16,True,True,2025,5,2,Salary Week,Festival Sale
5538,2308,2025-08-12,True,False,2025,8,3,Salary Week,Regular Sale
5539,2902,2025-04-19,True,False,2025,4,2,Salary Week,Regular Sale
5540,4681,2025-11-04,False,False,2025,11,4,Regular Week,Regular Sale
5541,224,2025-01-24,True,False,2025,1,1,Salary Week,Regular Sale
5542,3173,2025-03-07,True,True,2025,3,1,Salary Week,Festival Sale
5543,3792,2025-09-27,False,False,2025,9,3,Regular Week,Regular Sale
5544,3185,2025-03-23,False,False,2025,3,1,Regular Week,Regular Sale
5545,3541,2025-05-15,True,False,2025,5,2,Salary Week,Regular Sale
5546,4073,2025-12-23,True,True,2025,12,4,Salary Week,Festival Sale
5547,4968,2025-08-19,True,False,2025,8,3,Salary Week,Regular Sale
5548,1605,2025-01-22,True,False,2025,1,1,Salary Week,Regular Sale
5549,1916,2025-11-06,True,False,2025,11,4,Salary Week,Regular Sale
5550,4739,2025-11-08,True,False,2025,11,4,Salary Week,Regular Sale
5551,4081,2025-08-22,True,False,2025,8,3,Salary Week,Regular Sale
5552,4709,2025-01-13,True,False,2025,1,1,Salary Week,Regular Sale
5553,1140,2025-08-11,False,True,2025,8,3,Regular Week,Festival Sale
5554,3391,2025-11-23,False,True,2025,11,4,Regular Week,Festival Sale
5555,207,2025-03-31,True,True,2025,3,1,Salary Week,Festival Sale
5556,4297,2025-08-23,True,True,2025,8,3,Salary Week,Festival Sale
5557,267,2025-09-02,True,True,2025,9,3,Salary Week,Festival Sale
5558,239,2025-03-27,False,False,2025,3,1,Regular Week,Regular Sale
5559,2190,2025-08-13,False,False,2025,8,3,Regular Week,Regular Sale
5560,1616,2025-11-07,False,True,2025,11,4,Regular Week,Festival Sale
5561,986,2025-03-11,False,False,2025,3,1,Regular Week,Regular Sale
5562,3888,2025-05-17,False,False,2025,5,2,Regular Week,Regular Sale
5563,4223,2025-02-22,False,True,2025,2,1,Regular Week,Festival Sale
5564,3102,2025-04-19,False,True,2025,4,2,Regular Week,Festival Sale
5565,4519,2025-06-19,True,False,2025,6,2,Salary Week,Regular Sale
5566,3492,2025-08-21,False,True,2025,8,3,Regular Week,Festival Sale
5567,3452,2025-12-09,False,False,2025,12,4,Regular Week,Regular Sale
5568,2107,2025-10-22,False,False,2025,10,4,Regular Week,Regular Sale
5569,939,2025-11-06,False,False,2025,11,4,Regular Week,Regular Sale
5570,3175,2025-06-07,False,False,2025,6,2,Regular Week,Regular Sale
5571,2686,2025-09-18,False,False,2025,9,3,Regular Week,Regular Sale
5572,2057,2025-10-29,False,True,2025,10,4,Regular Week,Festival Sale
5573,2736,2025-11-26,False,True,2025,11,4,Regular Week,Festival Sale
5574,3762,2025-03-09,True,False,2025,3,1,Salary Week,Regular Sale
5575,132,2025-12-05,True,True,2025,12,4,Salary Week,Festival Sale
5576,4775,2025-09-20,True,False,2025,9,3,Salary Week,Regular Sale
5577,3998,2025-12-08,False,False,2025,12,4,Regular Week,Regular Sale
5578,4633,2025-06-13,True,False,2025,6,2,Salary Week,Regular Sale
5579,1404,2025-12-20,False,True,2025,12,4,Regular Week,Festival Sale
5580,494,2025-04-26,True,True,2025,4,2,Salary Week,Festival Sale
5581,2096,2025-10-16,False,False,2025,10,4,Regular Week,Regular Sale
5582,1898,2025-04-30,True,False,2025,4,2,Salary Week,Regular Sale
5583,1668,2025-07-14,False,False,2025,7,3,Regular Week,Regular Sale
5584,1921,2025-12-29,False,False,2025,12,4,Regular Week,Regular Sale
5585,2988,2025-06-16,False,True,2025,6,2,Regular Week,Festival Sale
5586,445,2025-10-31,False,False,2025,10,4,Regular Week,Regular Sale
5587,4290,2025-08-12,True,True,2025,8,3,Salary Week,Festival Sale
5588,1256,2025-08-19,False,True,2025,8,3,Regular Week,Festival Sale
5589,1488,2025-12-09,False,False,2025,12,4,Regular Week,Regular Sale
5590,958,2025-02-25,False,False,2025,2,1,Regular Week,Regular Sale
5591,3261,2025-06-14,False,False,2025,6,2,Regular Week,Regular Sale
5592,4239,2026-01-06,True,False,2026,1,1,Salary Week,Regular Sale
5593,3737,2025-03-25,False,False,2025,3,1,Regular Week,Regular Sale
5594,1419,2025-10-11,True,True,2025,10,4,Salary Week,Festival Sale
5595,1959,2025-11-08,False,True,2025,11,4,Regular Week,Festival Sale
5596,1536,2025-12-04,False,False,2025,12,4,Regular Week,Regular Sale
5597,3567,2025-10-01,False,True,2025,10,4,Regular Week,Festival Sale
5598,1340,2025-05-15,True,True,2025,5,2,Salary Week,Festival Sale
5599,4711,2025-05-13,False,False,2025,5,2,Regular Week,Regular Sale
5600,3469,2025-01-07,False,True,2025,1,1,Regular Week,Festival Sale
5601,1479,2025-05-13,False,False,2025,5,2,Regular Week,Regular Sale
5602,317,2025-05-16,True,False,2025,5,2,Salary Week,Regular Sale
5603,2508,2025-04-04,True,False,2025,4,2,Salary Week,Regular Sale
5604,1550,2025-05-02,True,True,2025,5,2,Salary Week,Festival Sale
5605,3676,2025-03-04,True,True,2025,3,1,Salary Week,Festival Sale
5606,2839,2025-07-11,True,True,2025,7,3,Salary Week,Festival Sale
5607,3410,2025-06-11,False,True,2025,6,2,Regular Week,Festival Sale
5608,4607,2025-07-03,False,False,2025,7,3,Regular Week,Regular Sale
5609,4720,2025-10-11,False,True,2025,10,4,Regular Week,Festival Sale
5610,3867,2025-04-01,False,False,2025,4,2,Regular Week,Regular Sale
5611,1361,2025-07-09,True,False,2025,7,3,Salary Week,Regular Sale
5612,1878,2025-05-07,True,True,2025,5,2,Salary Week,Festival Sale
5613,2072,2025-09-16,False,True,2025,9,3,Regular Week,Festival Sale
5614,463,2025-01-13,False,False,2025,1,1,Regular Week,Regular Sale
5615,2403,2025-05-26,False,True,2025,5,2,Regular Week,Festival Sale
5616,3518,2025-09-18,False,False,2025,9,3,Regular Week,Regular Sale
5617,2353,2025-11-11,True,False,2025,11,4,Salary Week,Regular Sale
5618,2231,2025-10-17,False,False,2025,10,4,Regular Week,Regular Sale
5619,43,2025-12-12,True,True,2025,12,4,Salary Week,Festival Sale
5620,2724,2025-05-19,True,True,2025,5,2,Salary Week,Festival Sale
5621,2294,2025-03-06,True,True,2025,3,1,Salary Week,Festival Sale
5622,3213,2025-08-13,True,False,2025,8,3,Salary Week,Regular Sale
5623,1177,2025-08-14,True,False,2025,8,3,Salary Week,Regular Sale
5624,455,2025-02-26,True,False,2025,2,1,Salary Week,Regular Sale
5625,2761,2025-07-23,False,False,2025,7,3,Regular Week,Regular Sale
5626,4624,2025-02-25,False,False,2025,2,1,Regular Week,Regular Sale
5627,477,2025-10-10,False,True,2025,10,4,Regular Week,Festival Sale
5628,3107,2025-07-16,True,False,2025,7,3,Salary Week,Regular Sale
5629,1327,2025-06-27,True,False,2025,6,2,Salary Week,Regular Sale
5630,438,2025-05-28,False,True,2025,5,2,Regular Week,Festival Sale
5631,664,2025-09-10,True,True,2025,9,3,Salary Week,Festival Sale
5632,1087,2025-10-18,True,False,2025,10,4,Salary Week,Regular Sale
5633,4507,2025-06-04,False,True,2025,6,2,Regular Week,Festival Sale
5634,4891,2025-07-14,False,True,2025,7,3,Regular Week,Festival Sale
5635,2395,2025-10-08,True,False,2025,10,4,Salary Week,Regular Sale
5636,4916,2025-12-26,False,False,2025,12,4,Regular Week,Regular Sale
5637,1320,2025-04-23,True,False,2025,4,2,Salary Week,Regular Sale
5638,4171,2025-05-24,True,True,2025,5,2,Salary Week,Festival Sale
5639,2795,2025-02-28,True,True,2025,2,1,Salary Week,Festival Sale
5640,1156,2025-07-24,True,True,2025,7,3,Salary Week,Festival Sale
5641,2454,2025-02-19,False,False,2025,2,1,Regular Week,Regular Sale
5642,1259,2025-09-28,True,True,2025,9,3,Salary Week,Festival Sale
5643,979,2025-10-29,False,False,2025,10,4,Regular Week,Regular Sale
5644,3596,2025-07-24,True,True,2025,7,3,Salary Week,Festival Sale
5645,4708,2025-04-22,False,False,2025,4,2,Regular Week,Regular Sale
5646,1196,2025-10-21,True,False,2025,10,4,Salary Week,Regular Sale
5647,995,2025-05-30,True,True,2025,5,2,Salary Week,Festival Sale
5648,924,2025-04-18,False,False,2025,4,2,Regular Week,Regular Sale
5649,2041,2025-09-15,False,False,2025,9,3,Regular Week,Regular Sale
5650,2942,2025-04-03,False,True,2025,4,2,Regular Week,Festival Sale
5651,1361,2025-08-28,True,True,2025,8,3,Salary Week,Festival Sale
5652,3861,2025-09-21,False,False,2025,9,3,Regular Week,Regular Sale
5653,3931,2025-07-03,True,False,2025,7,3,Salary Week,Regular Sale
5654,3723,2025-03-14,True,False,2025,3,1,Salary Week,Regular Sale
5655,821,2025-10-30,False,False,2025,10,4,Regular Week,Regular Sale
5656,3977,2025-01-30,True,False,2025,1,1,Salary Week,Regular Sale
5657,1488,2025-01-31,False,False,2025,1,1,Regular Week,Regular Sale
5658,572,2025-07-22,True,False,2025,7,3,Salary Week,Regular Sale
5659,3583,2025-11-15,True,False,2025,11,4,Salary Week,Regular Sale
5660,105,2025-08-29,False,False,2025,8,3,Regular Week,Regular Sale
5661,4025,2025-06-08,False,False,2025,6,2,Regular Week,Regular Sale
5662,1125,2025-10-30,False,False,2025,10,4,Regular Week,Regular Sale
5663,553,2025-11-21,False,False,2025,11,4,Regular Week,Regular Sale
5664,816,2025-02-21,False,True,2025,2,1,Regular Week,Festival Sale
5665,105,2025-02-26,True,True,2025,2,1,Salary Week,Festival Sale
5666,635,2025-05-04,False,True,2025,5,2,Regular Week,Festival Sale
5667,2065,2025-09-18,False,False,2025,9,3,Regular Week,Regular Sale
5668,4604,2025-02-25,True,True,2025,2,1,Salary Week,Festival Sale
5669,4997,2025-08-18,True,False,2025,8,3,Salary Week,Regular Sale
5670,63,2025-10-11,True,False,2025,10,4,Salary Week,Regular Sale
5671,1843,2025-10-29,False,True,2025,10,4,Regular Week,Festival Sale
5672,3843,2025-09-21,False,True,2025,9,3,Regular Week,Festival Sale
5673,1610,2025-02-08,False,True,2025,2,1,Regular Week,Festival Sale
5674,3537,2025-12-06,False,False,2025,12,4,Regular Week,Regular Sale
5675,1963,2025-02-12,False,False,2025,2,1,Regular Week,Regular Sale
5676,3778,2025-05-03,False,True,2025,5,2,Regular Week,Festival Sale
5677,318,2025-11-12,True,True,2025,11,4,Salary Week,Festival Sale
5678,3521,2025-05-08,False,False,2025,5,2,Regular Week,Regular Sale
5679,4988,2025-11-04,False,True,2025,11,4,Regular Week,Festival Sale
5680,1654,2025-03-07,False,True,2025,3,1,Regular Week,Festival Sale
5681,420,2025-08-11,False,True,2025,8,3,Regular Week,Festival Sale
5682,1303,2025-02-06,False,False,2025,2,1,Regular Week,Regular Sale
5683,4573,2025-09-25,False,False,2025,9,3,Regular Week,Regular Sale
5684,2857,2025-09-25,True,True,2025,9,3,Salary Week,Festival Sale
5685,1834,2025-07-25,False,True,2025,7,3,Regular Week,Festival Sale
5686,4949,2025-07-20,False,True,2025,7,3,Regular Week,Festival Sale
5687,3740,2025-04-01,False,True,2025,4,2,Regular Week,Festival Sale
5688,39,2025-05-21,True,True,2025,5,2,Salary Week,Festival Sale
5689,4256,2025-01-31,False,True,2025,1,1,Regular Week,Festival Sale
5690,341,2025-10-09,True,False,2025,10,4,Salary Week,Regular Sale
5691,2062,2025-12-11,True,True,2025,12,4,Salary Week,Festival Sale
5692,2560,2025-03-03,False,False,2025,3,1,Regular Week,Regular Sale
5693,2435,2025-08-26,False,False,2025,8,3,Regular Week,Regular Sale
5694,130,2025-09-23,True,True,2025,9,3,Salary Week,Festival Sale
5695,443,2025-08-24,True,True,2025,8,3,Salary Week,Festival Sale
5696,4548,2025-08-15,True,True,2025,8,3,Salary Week,Festival Sale
5697,2260,2025-10-26,False,False,2025,10,4,Regular Week,Regular Sale
5698,3742,2025-12-04,False,True,2025,12,4,Regular Week,Festival Sale
5699,3908,2025-01-31,True,True,2025,1,1,Salary Week,Festival Sale
5700,3156,2026-01-03,False,False,2026,1,1,Regular Week,Regular Sale
5701,718,2025-10-26,False,True,2025,10,4,Regular Week,Festival Sale
5702,2852,2025-07-21,True,False,2025,7,3,Salary Week,Regular Sale
5703,1356,2025-11-12,True,False,2025,11,4,Salary Week,Regular Sale
5704,4470,2025-12-31,False,True,2025,12,4,Regular Week,Festival Sale
5705,4026,2025-01-26,False,True,2025,1,1,Regular Week,Festival Sale
5706,820,2025-08-06,True,False,2025,8,3,Salary Week,Regular Sale
5707,3472,2025-12-04,False,True,2025,12,4,Regular Week,Festival Sale
5708,4855,2025-03-20,True,True,2025,3,1,Salary Week,Festival Sale
5709,2670,2025-01-27,False,True,2025,1,1,Regular Week,Festival Sale
5710,4814,2025-03-29,True,False,2025,3,1,Salary Week,Regular Sale
5711,4398,2025-01-24,True,True,2025,1,1,Salary Week,Festival Sale
5712,3515,2025-08-14,True,False,2025,8,3,Salary Week,Regular Sale
5713,4902,2025-02-26,False,False,2025,2,1,Regular Week,Regular Sale
5714,1658,2025-05-31,True,False,2025,5,2,Salary Week,Regular Sale
5715,24,2025-07-26,True,True,2025,7,3,Salary Week,Festival Sale
5716,4631,2025-04-24,False,True,2025,4,2,Regular Week,Festival Sale
5717,1741,2026-01-06,False,False,2026,1,1,Regular Week,Regular Sale
5718,1726,2025-11-23,False,False,2025,11,4,Regular Week,Regular Sale
5719,2758,2025-12-21,True,False,2025,12,4,Salary Week,Regular Sale
5720,2405,2025-06-17,True,False,2025,6,2,Salary Week,Regular Sale
5721,2952,2025-06-11,False,False,2025,6,2,Regular Week,Regular Sale
5722,368,2025-07-08,False,False,2025,7,3,Regular Week,Regular Sale
5723,2863,2025-05-03,False,False,2025,5,2,Regular Week,Regular Sale
5724,563,2025-01-22,True,False,2025,1,1,Salary Week,Regular Sale
5725,2775,2025-05-01,True,True,2025,5,2,Salary Week,Festival Sale
5726,3260,2026-01-05,True,True,2026,1,1,Salary Week,Festival Sale
5727,4835,2025-05-03,True,False,2025,5,2,Salary Week,Regular Sale
5728,4185,2025-11-13,False,False,2025,11,4,Regular Week,Regular Sale
5729,2544,2025-10-20,False,True,2025,10,4,Regular Week,Festival Sale
5730,1909,2025-09-04,True,False,2025,9,3,Salary Week,Regular Sale
5731,3359,2025-02-22,True,False,2025,2,1,Salary Week,Regular Sale
5732,2315,2025-02-02,True,True,2025,2,1,Salary Week,Festival Sale
5733,469,2025-11-01,False,False,2025,11,4,Regular Week,Regular Sale
5734,3932,2025-05-07,False,False,2025,5,2,Regular Week,Regular Sale
5735,4202,2025-04-14,False,True,2025,4,2,Regular Week,Festival Sale
5736,4676,2025-12-26,True,False,2025,12,4,Salary Week,Regular Sale
5737,1690,2025-05-06,False,True,2025,5,2,Regular Week,Festival Sale
5738,2516,2025-06-13,False,True,2025,6,2,Regular Week,Festival Sale
5739,2828,2025-08-04,False,True,2025,8,3,Regular Week,Festival Sale
5740,2289,2025-04-15,False,False,2025,4,2,Regular Week,Regular Sale
5741,926,2025-06-14,False,True,2025,6,2,Regular Week,Festival Sale
5742,1288,2025-10-06,False,False,2025,10,4,Regular Week,Regular Sale
5743,1151,2025-09-11,False,True,2025,9,3,Regular Week,Festival Sale
5744,4284,2025-07-20,True,True,2025,7,3,Salary Week,Festival Sale
5745,4064,2025-02-22,True,False,2025,2,1,Salary Week,Regular Sale
5746,3190,2025-10-11,False,True,2025,10,4,Regular Week,Festival Sale
5747,389,2025-12-16,True,False,2025,12,4,Salary Week,Regular Sale
5748,4835,2025-11-12,True,True,2025,11,4,Salary Week,Festival Sale
5749,1502,2025-10-08,False,False,2025,10,4,Regular Week,Regular Sale
5750,4024,2025-07-04,True,True,2025,7,3,Salary Week,Festival Sale
5751,584,2025-05-24,True,False,2025,5,2,Salary Week,Regular Sale
5752,1453,2025-03-12,True,True,2025,3,1,Salary Week,Festival Sale
5753,2972,2025-09-27,True,False,2025,9,3,Salary Week,Regular Sale
5754,1789,2025-06-26,True,False,2025,6,2,Salary Week,Regular Sale
5755,1273,2025-04-10,True,False,2025,4,2,Salary Week,Regular Sale
5756,1798,2025-11-08,True,False,2025,11,4,Salary Week,Regular Sale
5757,2630,2025-09-02,False,True,2025,9,3,Regular Week,Festival Sale
5758,2281,2025-03-24,False,True,2025,3,1,Regular Week,Festival Sale
5759,1322,2025-10-01,True,True,2025,10,4,Salary Week,Festival Sale
5760,3182,2025-06-20,True,False,2025,6,2,Salary Week,Regular Sale
5761,4434,2025-03-15,True,False,2025,3,1,Salary Week,Regular Sale
5762,104,2025-02-21,False,True,2025,2,1,Regular Week,Festival Sale
5763,4662,2025-11-21,False,False,2025,11,4,Regular Week,Regular Sale
5764,3610,2025-06-14,False,True,2025,6,2,Regular Week,Festival Sale
5765,991,2025-02-01,False,True,2025,2,1,Regular Week,Festival Sale
5766,2794,2025-03-19,False,False,2025,3,1,Regular Week,Regular Sale
5767,284,2025-08-13,True,True,2025,8,3,Salary Week,Festival Sale
5768,1446,2025-03-12,False,True,2025,3,1,Regular Week,Festival Sale
5769,4874,2025-02-13,False,False,2025,2,1,Regular Week,Regular Sale
5770,3061,2025-03-28,True,True,2025,3,1,Salary Week,Festival Sale
5771,916,2025-11-14,False,True,2025,11,4,Regular Week,Festival Sale
5772,4702,2025-09-03,True,True,2025,9,3,Salary Week,Festival Sale
5773,1663,2026-01-06,False,True,2026,1,1,Regular Week,Festival Sale
5774,752,2025-05-17,False,True,2025,5,2,Regular Week,Festival Sale
5775,4192,2025-09-12,True,True,2025,9,3,Salary Week,Festival Sale
5776,3405,2025-11-17,True,False,2025,11,4,Salary Week,Regular Sale
5777,2483,2025-06-27,True,True,2025,6,2,Salary Week,Festival Sale
5778,4069,2025-09-25,True,True,2025,9,3,Salary Week,Festival Sale
5779,1493,2025-05-03,True,True,2025,5,2,Salary Week,Festival Sale
5780,3572,2025-12-20,False,True,2025,12,4,Regular Week,Festival Sale
5781,1929,2025-12-15,False,True,2025,12,4,Regular Week,Festival Sale
5782,4502,2025-05-26,True,False,2025,5,2,Salary Week,Regular Sale
5783,2824,2025-07-10,False,True,2025,7,3,Regular Week,Festival Sale
5784,720,2025-08-31,False,True,2025,8,3,Regular Week,Festival Sale
5785,878,2025-07-21,False,False,2025,7,3,Regular Week,Regular Sale
5786,1127,2025-03-19,True,False,2025,3,1,Salary Week,Regular Sale
5787,2675,2025-04-07,True,True,2025,4,2,Salary Week,Festival Sale
5788,2548,2025-09-05,True,False,2025,9,3,Salary Week,Regular Sale
5789,2474,2025-07-03,False,False,2025,7,3,Regular Week,Regular Sale
5790,659,2025-12-25,True,True,2025,12,4,Salary Week,Festival Sale
5791,1193,2025-10-08,False,False,2025,10,4,Regular Week,Regular Sale
5792,2597,2025-06-28,True,False,2025,6,2,Salary Week,Regular Sale
5793,3142,2025-09-29,False,True,2025,9,3,Regular Week,Festival Sale
5794,4282,2025-04-07,False,False,2025,4,2,Regular Week,Regular Sale
5795,4010,2025-05-16,True,False,2025,5,2,Salary Week,Regular Sale
5796,2365,2025-08-20,True,False,2025,8,3,Salary Week,Regular Sale
5797,4265,2025-11-06,True,False,2025,11,4,Salary Week,Regular Sale
5798,4404,2025-12-27,False,False,2025,12,4,Regular Week,Regular Sale
5799,4923,2025-12-28,False,True,2025,12,4,Regular Week,Festival Sale
5800,3706,2025-05-22,True,False,2025,5,2,Salary Week,Regular Sale
5801,2389,2025-06-18,True,True,2025,6,2,Salary Week,Festival Sale
5802,4498,2025-01-20,False,False,2025,1,1,Regular Week,Regular Sale
5803,3438,2025-03-13,False,True,2025,3,1,Regular Week,Festival Sale
5804,3316,2025-04-01,True,False,2025,4,2,Salary Week,Regular Sale
5805,1130,2025-09-26,False,True,2025,9,3,Regular Week,Festival Sale
5806,926,2025-01-31,False,False,2025,1,1,Regular Week,Regular Sale
5807,4805,2025-05-02,True,False,2025,5,2,Salary Week,Regular Sale
5808,2848,2025-08-17,True,True,2025,8,3,Salary Week,Festival Sale
5809,107,2025-08-17,False,False,2025,8,3,Regular Week,Regular Sale
5810,91,2025-12-03,True,False,2025,12,4,Salary Week,Regular Sale
5811,4350,2025-02-15,True,False,2025,2,1,Salary Week,Regular Sale
5812,450,2025-07-23,False,True,2025,7,3,Regular Week,Festival Sale
5813,4433,2025-05-30,True,False,2025,5,2,Salary Week,Regular Sale
5814,703,2025-04-20,False,False,2025,4,2,Regular Week,Regular Sale
5815,2748,2025-09-17,True,True,2025,9,3,Salary Week,Festival Sale
5816,1224,2025-06-07,False,True,2025,6,2,Regular Week,Festival Sale
5817,3602,2025-08-24,True,False,2025,8,3,Salary Week,Regular Sale
5818,1973,2025-05-27,False,True,2025,5,2,Regular Week,Festival Sale
5819,3763,2025-10-13,False,False,2025,10,4,Regular Week,Regular Sale
5820,383,2025-06-30,True,False,2025,6,2,Salary Week,Regular Sale
5821,1358,2025-11-15,False,True,2025,11,4,Regular Week,Festival Sale
5822,4889,2025-05-12,False,True,2025,5,2,Regular Week,Festival Sale
5823,517,2025-02-08,True,True,2025,2,1,Salary Week,Festival Sale
5824,3577,2025-11-22,True,True,2025,11,4,Salary Week,Festival Sale
5825,348,2025-11-21,False,False,2025,11,4,Regular Week,Regular Sale
5826,1000,2025-05-05,False,False,2025,5,2,Regular Week,Regular Sale
5827,2092,2025-12-01,False,False,2025,12,4,Regular Week,Regular Sale
5828,66,2025-04-15,True,True,2025,4,2,Salary Week,Festival Sale
5829,4938,2025-03-24,False,False,2025,3,1,Regular Week,Regular Sale
5830,2802,2025-12-01,False,False,2025,12,4,Regular Week,Regular Sale
5831,3,2025-08-25,True,True,2025,8,3,Salary Week,Festival Sale
5832,4631,2025-07-06,True,False,2025,7,3,Salary Week,Regular Sale
5833,208,2025-05-14,True,True,2025,5,2,Salary Week,Festival Sale
5834,875,2025-07-12,True,True,2025,7,3,Salary Week,Festival Sale
5835,3543,2025-03-22,True,False,2025,3,1,Salary Week,Regular Sale
5836,1868,2025-11-30,True,False,2025,11,4,Salary Week,Regular Sale
5837,947,2025-02-24,False,False,2025,2,1,Regular Week,Regular Sale
5838,270,2025-07-10,False,True,2025,7,3,Regular Week,Festival Sale
5839,1659,2025-10-17,True,False,2025,10,4,Salary Week,Regular Sale
5840,1815,2025-11-11,False,False,2025,11,4,Regular Week,Regular Sale
5841,3403,2025-01-23,True,False,2025,1,1,Salary Week,Regular Sale
5842,3998,2025-07-23,False,False,2025,7,3,Regular Week,Regular Sale
5843,3917,2025-09-19,False,True,2025,9,3,Regular Week,Festival Sale
5844,340,2025-09-23,True,True,2025,9,3,Salary Week,Festival Sale
5845,4222,2025-01-27,False,False,2025,1,1,Regular Week,Regular Sale
5846,4001,2025-11-03,True,False,2025,11,4,Salary Week,Regular Sale
5847,42,2025-01-23,False,False,2025,1,1,Regular Week,Regular Sale
5848,1129,2025-01-07,False,False,2025,1,1,Regular Week,Regular Sale
5849,519,2025-02-17,True,True,2025,2,1,Salary Week,Festival Sale
5850,1611,2025-06-11,True,False,2025,6,2,Salary Week,Regular Sale
5851,3209,2025-09-01,False,True,2025,9,3,Regular Week,Festival Sale
5852,695,2025-09-19,False,True,2025,9,3,Regular Week,Festival Sale
5853,3730,2026-01-04,True,False,2026,1,1,Salary Week,Regular Sale
5854,1156,2025-10-31,True,False,2025,10,4,Salary Week,Regular Sale
5855,4406,2025-11-04,False,True,2025,11,4,Regular Week,Festival Sale
5856,1179,2025-03-15,True,True,2025,3,1,Salary Week,Festival Sale
5857,3126,2025-09-01,True,False,2025,9,3,Salary Week,Regular Sale
5858,545,2025-02-27,True,True,2025,2,1,Salary Week,Festival Sale
5859,4469,2025-05-04,False,True,2025,5,2,Regular Week,Festival Sale
5860,1638,2025-10-09,False,True,2025,10,4,Regular Week,Festival Sale
5861,2482,2025-04-12,True,True,2025,4,2,Salary Week,Festival Sale
5862,1959,2025-08-01,True,False,2025,8,3,Salary Week,Regular Sale
5863,2264,2025-04-18,False,False,2025,4,2,Regular Week,Regular Sale
5864,3213,2025-07-09,False,True,2025,7,3,Regular Week,Festival Sale
5865,885,2025-03-13,True,False,2025,3,1,Salary Week,Regular Sale
5866,4186,2025-11-10,True,False,2025,11,4,Salary Week,Regular Sale
5867,469,2025-04-10,True,True,2025,4,2,Salary Week,Festival Sale
5868,4238,2025-12-25,False,False,2025,12,4,Regular Week,Regular Sale
5869,490,2025-12-13,False,False,2025,12,4,Regular Week,Regular Sale
5870,4252,2026-01-01,False,True,2026,1,1,Regular Week,Festival Sale
5871,3226,2025-09-12,False,True,2025,9,3,Regular Week,Festival Sale
5872,4780,2025-01-27,False,False,2025,1,1,Regular Week,Regular Sale
5873,2489,2025-12-09,True,False,2025,12,4,Salary Week,Regular Sale
5874,1080,2025-12-20,True,True,2025,12,4,Salary Week,Festival Sale
5875,3614,2025-05-19,True,False,2025,5,2,Salary Week,Regular Sale
5876,3272,2025-12-18,True,False,2025,12,4,Salary Week,Regular Sale
5877,3343,2025-03-16,True,True,2025,3,1,Salary Week,Festival Sale
5878,3329,2025-02-04,False,True,2025,2,1,Regular Week,Festival Sale
5879,2846,2025-11-16,False,True,2025,11,4,Regular Week,Festival Sale
5880,1818,2025-12-17,True,True,2025,12,4,Salary Week,Festival Sale
5881,2887,2025-08-08,True,True,2025,8,3,Salary Week,Festival Sale
5882,748,2025-02-08,False,True,2025,2,1,Regular Week,Festival Sale
5883,1726,2025-03-19,True,False,2025,3,1,Salary Week,Regular Sale
5884,685,2025-01-22,True,True,2025,1,1,Salary Week,Festival Sale
5885,1838,2025-02-15,True,True,2025,2,1,Salary Week,Festival Sale
5886,2988,2025-03-03,True,False,2025,3,1,Salary Week,Regular Sale
5887,4079,2025-08-16,True,True,2025,8,3,Salary Week,Festival Sale
5888,1372,2025-06-01,True,True,2025,6,2,Salary Week,Festival Sale
5889,2389,2025-03-05,True,True,2025,3,1,Salary Week,Festival Sale
5890,3951,2025-12-30,False,True,2025,12,4,Regular Week,Festival Sale
5891,1861,2025-07-09,False,False,2025,7,3,Regular Week,Regular Sale
5892,3919,2025-03-11,True,False,2025,3,1,Salary Week,Regular Sale
5893,2255,2025-06-04,True,True,2025,6,2,Salary Week,Festival Sale
5894,2336,2025-07-14,False,False,2025,7,3,Regular Week,Regular Sale
5895,3643,2025-04-03,True,False,2025,4,2,Salary Week,Regular Sale
5896,2826,2025-12-29,False,False,2025,12,4,Regular Week,Regular Sale
5897,1486,2025-05-24,True,False,2025,5,2,Salary Week,Regular Sale
5898,1215,2025-03-23,True,False,2025,3,1,Salary Week,Regular Sale
5899,403,2025-12-28,True,False,2025,12,4,Salary Week,Regular Sale
5900,4966,2025-02-19,True,True,2025,2,1,Salary Week,Festival Sale
5901,2379,2026-01-06,False,True,2026,1,1,Regular Week,Festival Sale
5902,1692,2025-03-30,True,True,2025,3,1,Salary Week,Festival Sale
5903,3289,2025-01-15,True,True,2025,1,1,Salary Week,Festival Sale
5904,513,2025-07-11,False,True,2025,7,3,Regular Week,Festival Sale
5905,3339,2025-08-05,True,True,2025,8,3,Salary Week,Festival Sale
5906,1560,2025-08-09,True,False,2025,8,3,Salary Week,Regular Sale
5907,2623,2025-02-18,False,True,2025,2,1,Regular Week,Festival Sale
5908,4728,2025-04-21,True,True,2025,4,2,Salary Week,Festival Sale
5909,4145,2026-01-02,False,True,2026,1,1,Regular Week,Festival Sale
5910,1339,2025-07-03,False,False,2025,7,3,Regular Week,Regular Sale
5911,3680,2025-05-31,False,False,2025,5,2,Regular Week,Regular Sale
5912,3743,2025-12-02,False,True,2025,12,4,Regular Week,Festival Sale
5913,2227,2025-02-11,True,True,2025,2,1,Salary Week,Festival Sale
5914,4529,2025-10-22,True,False,2025,10,4,Salary Week,Regular Sale
5915,4560,2025-09-19,True,False,2025,9,3,Salary Week,Regular Sale
5916,4518,2025-09-25,False,False,2025,9,3,Regular Week,Regular Sale
5917,170,2025-03-25,False,False,2025,3,1,Regular Week,Regular Sale
5918,2591,2025-04-10,False,True,2025,4,2,Regular Week,Festival Sale
5919,4456,2025-09-06,True,False,2025,9,3,Salary Week,Regular Sale
5920,2481,2025-07-29,True,True,2025,7,3,Salary Week,Festival Sale
5921,3464,2025-12-29,False,False,2025,12,4,Regular Week,Regular Sale
5922,4434,2025-03-26,False,False,2025,3,1,Regular Week,Regular Sale
5923,167,2025-01-21,False,False,2025,1,1,Regular Week,Regular Sale
5924,2688,2025-11-14,True,False,2025,11,4,Salary Week,Regular Sale
5925,4236,2025-07-23,False,False,2025,7,3,Regular Week,Regular Sale
5926,4737,2025-06-08,False,False,2025,6,2,Regular Week,Regular Sale
5927,2733,2025-01-24,False,True,2025,1,1,Regular Week,Festival Sale
5928,2674,2025-03-14,False,True,2025,3,1,Regular Week,Festival Sale
5929,611,2025-05-28,False,True,2025,5,2,Regular Week,Festival Sale
5930,4139,2025-03-05,True,False,2025,3,1,Salary Week,Regular Sale
5931,1030,2025-04-30,False,False,2025,4,2,Regular Week,Regular Sale
5932,3452,2025-01-16,False,False,2025,1,1,Regular Week,Regular Sale
5933,1442,2025-02-27,False,True,2025,2,1,Regular Week,Festival Sale
5934,1075,2025-12-27,True,True,2025,12,4,Salary Week,Festival Sale
5935,191,2025-05-06,True,True,2025,5,2,Salary Week,Festival Sale
5936,1493,2025-04-17,False,False,2025,4,2,Regular Week,Regular Sale
5937,289,2025-10-05,True,True,2025,10,4,Salary Week,Festival Sale
5938,2983,2025-06-05,True,True,2025,6,2,Salary Week,Festival Sale
5939,2368,2025-10-15,True,False,2025,10,4,Salary Week,Regular Sale
5940,3178,2025-07-16,False,True,2025,7,3,Regular Week,Festival Sale
5941,413,2025-01-12,False,False,2025,1,1,Regular Week,Regular Sale
5942,1516,2025-06-26,True,False,2025,6,2,Salary Week,Regular Sale
5943,4081,2025-09-21,False,True,2025,9,3,Regular Week,Festival Sale
5944,2390,2025-09-13,False,True,2025,9,3,Regular Week,Festival Sale
5945,3053,2025-07-14,True,False,2025,7,3,Salary Week,Regular Sale
5946,2951,2025-04-27,False,False,2025,4,2,Regular Week,Regular Sale
5947,4131,2025-04-18,True,False,2025,4,2,Salary Week,Regular Sale
5948,944,2025-10-12,True,True,2025,10,4,Salary Week,Festival Sale
5949,3896,2025-07-30,False,False,2025,7,3,Regular Week,Regular Sale
5950,930,2025-11-24,False,False,2025,11,4,Regular Week,Regular Sale
5951,3901,2025-07-15,False,True,2025,7,3,Regular Week,Festival Sale
5952,1479,2025-08-15,True,True,2025,8,3,Salary Week,Festival Sale
5953,4243,2025-03-14,False,True,2025,3,1,Regular Week,Festival Sale
5954,2980,2025-04-17,False,False,2025,4,2,Regular Week,Regular Sale
5955,4228,2025-03-31,True,True,2025,3,1,Salary Week,Festival Sale
5956,3007,2025-07-22,True,False,2025,7,3,Salary Week,Regular Sale
5957,2849,2025-07-03,False,False,2025,7,3,Regular Week,Regular Sale
5958,1924,2026-01-05,True,True,2026,1,1,Salary Week,Festival Sale
5959,836,2025-04-01,False,False,2025,4,2,Regular Week,Regular Sale
5960,3029,2025-02-10,False,False,2025,2,1,Regular Week,Regular Sale
5961,4654,2025-05-20,True,False,2025,5,2,Salary Week,Regular Sale
5962,1279,2025-06-02,True,True,2025,6,2,Salary Week,Festival Sale
5963,3284,2025-12-04,False,True,2025,12,4,Regular Week,Festival Sale
5964,2042,2025-09-01,False,False,2025,9,3,Regular Week,Regular Sale
5965,3919,2025-02-06,True,False,2025,2,1,Salary Week,Regular Sale
5966,3998,2025-07-17,True,False,2025,7,3,Salary Week,Regular Sale
5967,4093,2025-01-25,False,False,2025,1,1,Regular Week,Regular Sale
5968,1769,2025-12-11,True,False,2025,12,4,Salary Week,Regular Sale
5969,3258,2025-11-24,False,True,2025,11,4,Regular Week,Festival Sale
5970,3788,2025-05-18,False,False,2025,5,2,Regular Week,Regular Sale
5971,1979,2025-10-24,True,False,2025,10,4,Salary Week,Regular Sale
5972,2083,2025-09-08,False,False,2025,9,3,Regular Week,Regular Sale
5973,3886,2025-10-18,False,True,2025,10,4,Regular Week,Festival Sale
5974,2354,2025-10-07,True,True,2025,10,4,Salary Week,Festival Sale
5975,593,2025-07-31,False,True,2025,7,3,Regular Week,Festival Sale
5976,2815,2025-03-03,True,True,2025,3,1,Salary Week,Festival Sale
5977,3375,2025-10-03,True,False,2025,10,4,Salary Week,Regular Sale
5978,424,2025-01-29,False,False,2025,1,1,Regular Week,Regular Sale
5979,4682,2025-11-20,False,False,2025,11,4,Regular Week,Regular Sale
5980,1010,2025-05-15,False,True,2025,5,2,Regular Week,Festival Sale
5981,3118,2025-05-03,True,False,2025,5,2,Salary Week,Regular Sale
5982,587,2025-10-13,False,True,2025,10,4,Regular Week,Festival Sale
5983,1745,2025-12-16,True,True,2025,12,4,Salary Week,Festival Sale
5984,4361,2025-02-03,False,True,2025,2,1,Regular Week,Festival Sale
5985,2433,2025-02-24,True,False,2025,2,1,Salary Week,Regular Sale
5986,4832,2025-10-08,True,True,2025,10,4,Salary Week,Festival Sale
5987,730,2025-06-25,True,True,2025,6,2,Salary Week,Festival Sale
5988,2613,2025-12-14,True,True,2025,12,4,Salary Week,Festival Sale
5989,4957,2025-12-17,False,True,2025,12,4,Regular Week,Festival Sale
5990,676,2025-03-04,False,True,2025,3,1,Regular Week,Festival Sale
5991,4098,2025-09-17,False,True,2025,9,3,Regular Week,Festival Sale
5992,246,2025-01-08,False,True,2025,1,1,Regular Week,Festival Sale
5993,3679,2025-06-04,True,False,2025,6,2,Salary Week,Regular Sale
5994,3444,2025-02-05,False,False,2025,2,1,Regular Week,Regular Sale
5995,1763,2025-09-02,False,False,2025,9,3,Regular Week,Regular Sale
5996,103,2025-07-10,True,True,2025,7,3,Salary Week,Festival Sale
5997,1336,2025-01-12,False,True,2025,1,1,Regular Week,Festival Sale
5998,1986,2025-03-12,False,False,2025,3,1,Regular Week,Regular Sale
5999,1210,2025-04-24,False,False,2025,4,2,Regular Week,Regular Sale
6000,1267,2025-03-06,True,True,2025,3,1,Salary Week,Festival Sale
6001,4878,2026-01-03,True,True,2026,1,1,Salary Week,Festival Sale
6002,3408,2025-04-06,True,False,2025,4,2,Salary Week,Regular Sale
6003,1993,2025-06-14,False,True,2025,6,2,Regular Week,Festival Sale
6004,1447,2025-01-25,False,True,2025,1,1,Regular Week,Festival Sale
6005,4799,2025-07-20,True,True,2025,7,3,Salary Week,Festival Sale
6006,544,2025-12-26,False,False,2025,12,4,Regular Week,Regular Sale
6007,4017,2025-04-02,False,True,2025,4,2,Regular Week,Festival Sale
6008,2560,2025-06-18,True,False,2025,6,2,Salary Week,Regular Sale
6009,1190,2025-06-26,True,False,2025,6,2,Salary Week,Regular Sale
6010,1084,2025-11-05,False,True,2025,11,4,Regular Week,Festival Sale
6011,677,2025-05-22,False,False,2025,5,2,Regular Week,Regular Sale
6012,3841,2025-10-14,False,True,2025,10,4,Regular Week,Festival Sale
6013,2844,2025-05-02,True,False,2025,5,2,Salary Week,Regular Sale
6014,2444,2025-11-08,False,False,2025,11,4,Regular Week,Regular Sale
6015,2220,2025-05-23,True,False,2025,5,2,Salary Week,Regular Sale
6016,1194,2025-07-28,False,False,2025,7,3,Regular Week,Regular Sale
6017,2726,2025-05-13,False,False,2025,5,2,Regular Week,Regular Sale
6018,3553,2025-04-18,True,False,2025,4,2,Salary Week,Regular Sale
6019,2966,2025-11-01,False,False,2025,11,4,Regular Week,Regular Sale
6020,3873,2025-02-20,True,False,2025,2,1,Salary Week,Regular Sale
6021,527,2025-08-13,False,True,2025,8,3,Regular Week,Festival Sale
6022,2728,2025-09-06,True,True,2025,9,3,Salary Week,Festival Sale
6023,72,2025-08-10,False,False,2025,8,3,Regular Week,Regular Sale
6024,4562,2025-04-18,True,True,2025,4,2,Salary Week,Festival Sale
6025,2695,2026-01-01,False,False,2026,1,1,Regular Week,Regular Sale
6026,4055,2025-02-21,True,False,2025,2,1,Salary Week,Regular Sale
6027,4990,2025-08-06,False,True,2025,8,3,Regular Week,Festival Sale
6028,3977,2025-12-25,True,True,2025,12,4,Salary Week,Festival Sale
6029,221,2025-06-23,True,False,2025,6,2,Salary Week,Regular Sale
6030,500,2025-11-03,False,False,2025,11,4,Regular Week,Regular Sale
6031,133,2025-03-24,False,False,2025,3,1,Regular Week,Regular Sale
6032,3757,2025-02-18,True,False,2025,2,1,Salary Week,Regular Sale
6033,4498,2025-03-15,True,True,2025,3,1,Salary Week,Festival Sale
6034,1277,2025-01-15,False,False,2025,1,1,Regular Week,Regular Sale
6035,3931,2025-08-10,True,True,2025,8,3,Salary Week,Festival Sale
6036,2533,2025-12-29,False,False,2025,12,4,Regular Week,Regular Sale
6037,3647,2025-06-22,True,False,2025,6,2,Salary Week,Regular Sale
6038,4750,2025-08-30,True,False,2025,8,3,Salary Week,Regular Sale
6039,3185,2025-07-21,False,True,2025,7,3,Regular Week,Festival Sale
6040,438,2025-03-05,True,False,2025,3,1,Salary Week,Regular Sale
6041,3961,2025-09-27,False,False,2025,9,3,Regular Week,Regular Sale
6042,103,2025-08-10,True,False,2025,8,3,Salary Week,Regular Sale
6043,4890,2025-10-18,True,False,2025,10,4,Salary Week,Regular Sale
6044,2732,2025-07-28,True,True,2025,7,3,Salary Week,Festival Sale
6045,3895,2025-10-11,False,True,2025,10,4,Regular Week,Festival Sale
6046,4735,2025-08-05,False,True,2025,8,3,Regular Week,Festival Sale
6047,4978,2025-07-18,False,False,2025,7,3,Regular Week,Regular Sale
6048,3925,2025-03-20,False,True,2025,3,1,Regular Week,Festival Sale
6049,2647,2025-12-27,False,False,2025,12,4,Regular Week,Regular Sale
6050,1809,2025-12-13,False,True,2025,12,4,Regular Week,Festival Sale
6051,1664,2025-11-14,False,False,2025,11,4,Regular Week,Regular Sale
6052,4118,2025-02-14,False,False,2025,2,1,Regular Week,Regular Sale
6053,982,2025-08-04,False,True,2025,8,3,Regular Week,Festival Sale
6054,2315,2025-05-22,False,True,2025,5,2,Regular Week,Festival Sale
6055,557,2025-08-18,True,True,2025,8,3,Salary Week,Festival Sale
6056,1119,2025-09-03,False,True,2025,9,3,Regular Week,Festival Sale
6057,3617,2025-08-15,True,True,2025,8,3,Salary Week,Festival Sale
6058,1153,2025-05-28,False,False,2025,5,2,Regular Week,Regular Sale
6059,875,2026-01-03,True,False,2026,1,1,Salary Week,Regular Sale
6060,4837,2025-04-02,False,False,2025,4,2,Regular Week,Regular Sale
6061,155,2025-04-12,False,False,2025,4,2,Regular Week,Regular Sale
6062,1181,2025-06-06,False,True,2025,6,2,Regular Week,Festival Sale
6063,4517,2025-05-20,True,False,2025,5,2,Salary Week,Regular Sale
6064,3952,2025-06-21,False,False,2025,6,2,Regular Week,Regular Sale
6065,3852,2025-01-17,True,True,2025,1,1,Salary Week,Festival Sale
6066,4128,2025-08-11,False,False,2025,8,3,Regular Week,Regular Sale
6067,155,2025-04-07,True,False,2025,4,2,Salary Week,Regular Sale
6068,2885,2025-05-22,False,True,2025,5,2,Regular Week,Festival Sale
6069,4998,2025-03-23,True,False,2025,3,1,Salary Week,Regular Sale
6070,3362,2025-05-09,False,False,2025,5,2,Regular Week,Regular Sale
6071,2503,2025-08-20,True,False,2025,8,3,Salary Week,Regular Sale
6072,1762,2025-05-06,True,False,2025,5,2,Salary Week,Regular Sale
6073,2315,2025-12-17,False,False,2025,12,4,Regular Week,Regular Sale
6074,751,2025-07-24,True,False,2025,7,3,Salary Week,Regular Sale
6075,3547,2025-08-21,False,True,2025,8,3,Regular Week,Festival Sale
6076,1450,2025-10-13,True,True,2025,10,4,Salary Week,Festival Sale
6077,4619,2025-10-23,False,True,2025,10,4,Regular Week,Festival Sale
6078,1631,2025-07-31,False,False,2025,7,3,Regular Week,Regular Sale
6079,3469,2025-08-02,False,False,2025,8,3,Regular Week,Regular Sale
6080,4831,2025-10-15,True,False,2025,10,4,Salary Week,Regular Sale
6081,689,2025-06-14,True,False,2025,6,2,Salary Week,Regular Sale
6082,1344,2025-06-25,True,True,2025,6,2,Salary Week,Festival Sale
6083,60,2025-08-12,True,True,2025,8,3,Salary Week,Festival Sale
6084,4082,2025-05-12,False,True,2025,5,2,Regular Week,Festival Sale
6085,4567,2025-12-29,True,False,2025,12,4,Salary Week,Regular Sale
6086,2464,2025-11-06,True,True,2025,11,4,Salary Week,Festival Sale
6087,276,2025-03-31,False,True,2025,3,1,Regular Week,Festival Sale
6088,3114,2025-09-05,False,False,2025,9,3,Regular Week,Regular Sale
6089,1448,2025-12-12,True,False,2025,12,4,Salary Week,Regular Sale
6090,1587,2025-08-11,False,False,2025,8,3,Regular Week,Regular Sale
6091,4817,2025-07-27,True,True,2025,7,3,Salary Week,Festival Sale
6092,3631,2025-02-03,False,False,2025,2,1,Regular Week,Regular Sale
6093,3653,2025-04-29,False,False,2025,4,2,Regular Week,Regular Sale
6094,1336,2025-04-09,True,True,2025,4,2,Salary Week,Festival Sale
6095,482,2025-04-16,False,False,2025,4,2,Regular Week,Regular Sale
6096,2688,2025-03-15,True,False,2025,3,1,Salary Week,Regular Sale
6097,1395,2025-10-26,False,True,2025,10,4,Regular Week,Festival Sale
6098,1146,2025-12-10,True,False,2025,12,4,Salary Week,Regular Sale
6099,4270,2025-12-07,False,True,2025,12,4,Regular Week,Festival Sale
6100,314,2025-12-23,True,True,2025,12,4,Salary Week,Festival Sale
6101,2438,2025-08-29,True,False,2025,8,3,Salary Week,Regular Sale
6102,3709,2025-04-29,False,True,2025,4,2,Regular Week,Festival Sale
6103,4922,2025-07-02,False,False,2025,7,3,Regular Week,Regular Sale
6104,1014,2025-10-23,False,False,2025,10,4,Regular Week,Regular Sale
6105,2840,2025-10-16,False,True,2025,10,4,Regular Week,Festival Sale
6106,262,2025-11-18,True,False,2025,11,4,Salary Week,Regular Sale
6107,1131,2025-01-26,False,True,2025,1,1,Regular Week,Festival Sale
6108,3541,2025-07-13,True,False,2025,7,3,Salary Week,Regular Sale
6109,4804,2025-01-06,True,True,2025,1,1,Salary Week,Festival Sale
6110,3813,2025-10-01,False,True,2025,10,4,Regular Week,Festival Sale
6111,479,2025-11-10,False,False,2025,11,4,Regular Week,Regular Sale
6112,4345,2025-03-13,False,False,2025,3,1,Regular Week,Regular Sale
6113,4151,2025-01-18,True,True,2025,1,1,Salary Week,Festival Sale
6114,3939,2025-07-15,True,False,2025,7,3,Salary Week,Regular Sale
6115,2111,2025-09-30,True,False,2025,9,3,Salary Week,Regular Sale
6116,2142,2025-09-21,False,False,2025,9,3,Regular Week,Regular Sale
6117,3241,2025-06-25,False,True,2025,6,2,Regular Week,Festival Sale
6118,592,2025-08-14,True,True,2025,8,3,Salary Week,Festival Sale
6119,4353,2025-10-21,False,False,2025,10,4,Regular Week,Regular Sale
6120,1058,2025-03-08,True,True,2025,3,1,Salary Week,Festival Sale
6121,196,2025-10-27,True,False,2025,10,4,Salary Week,Regular Sale
6122,900,2025-02-22,False,False,2025,2,1,Regular Week,Regular Sale
6123,4014,2025-06-12,False,False,2025,6,2,Regular Week,Regular Sale
6124,3294,2025-02-12,False,False,2025,2,1,Regular Week,Regular Sale
6125,3401,2025-11-08,True,False,2025,11,4,Salary Week,Regular Sale
6126,3757,2025-01-22,True,True,2025,1,1,Salary Week,Festival Sale
6127,1004,2025-03-18,False,False,2025,3,1,Regular Week,Regular Sale
6128,1105,2025-05-26,False,False,2025,5,2,Regular Week,Regular Sale
6129,2435,2025-10-29,False,True,2025,10,4,Regular Week,Festival Sale
6130,1665,2025-12-19,False,False,2025,12,4,Regular Week,Regular Sale
6131,1645,2025-07-28,False,True,2025,7,3,Regular Week,Festival Sale
6132,4994,2025-01-21,True,False,2025,1,1,Salary Week,Regular Sale
6133,4806,2025-11-27,False,False,2025,11,4,Regular Week,Regular Sale
6134,3291,2025-01-26,True,True,2025,1,1,Salary Week,Festival Sale
6135,4996,2025-04-27,True,True,2025,4,2,Salary Week,Festival Sale
6136,4235,2025-07-15,True,False,2025,7,3,Salary Week,Regular Sale
6137,3599,2025-01-26,False,False,2025,1,1,Regular Week,Regular Sale
6138,1625,2025-07-09,True,False,2025,7,3,Salary Week,Regular Sale
6139,4845,2025-12-08,False,False,2025,12,4,Regular Week,Regular Sale
6140,4593,2025-12-23,True,True,2025,12,4,Salary Week,Festival Sale
6141,2864,2025-08-07,True,False,2025,8,3,Salary Week,Regular Sale
6142,2131,2025-03-04,False,False,2025,3,1,Regular Week,Regular Sale
6143,2379,2025-05-11,True,False,2025,5,2,Salary Week,Regular Sale
6144,3080,2025-12-07,True,False,2025,12,4,Salary Week,Regular Sale
6145,743,2025-11-06,False,True,2025,11,4,Regular Week,Festival Sale
6146,2235,2025-11-15,False,True,2025,11,4,Regular Week,Festival Sale
6147,3262,2025-01-14,False,False,2025,1,1,Regular Week,Regular Sale
6148,1792,2025-07-11,True,False,2025,7,3,Salary Week,Regular Sale
6149,1412,2025-02-28,False,False,2025,2,1,Regular Week,Regular Sale
6150,3650,2025-03-12,False,True,2025,3,1,Regular Week,Festival Sale
6151,588,2025-05-28,False,False,2025,5,2,Regular Week,Regular Sale
6152,432,2025-08-03,True,False,2025,8,3,Salary Week,Regular Sale
6153,2619,2025-11-30,True,False,2025,11,4,Salary Week,Regular Sale
6154,1700,2025-03-15,True,True,2025,3,1,Salary Week,Festival Sale
6155,2063,2025-07-15,True,False,2025,7,3,Salary Week,Regular Sale
6156,467,2025-09-14,True,False,2025,9,3,Salary Week,Regular Sale
6157,2856,2025-04-07,True,True,2025,4,2,Salary Week,Festival Sale
6158,3416,2025-09-11,False,False,2025,9,3,Regular Week,Regular Sale
6159,3838,2025-07-22,True,False,2025,7,3,Salary Week,Regular Sale
6160,4116,2025-11-30,False,False,2025,11,4,Regular Week,Regular Sale
6161,1256,2025-01-30,False,True,2025,1,1,Regular Week,Festival Sale
6162,2214,2025-10-29,True,True,2025,10,4,Salary Week,Festival Sale
6163,1089,2025-04-10,False,False,2025,4,2,Regular Week,Regular Sale
6164,2609,2025-09-29,True,True,2025,9,3,Salary Week,Festival Sale
6165,3649,2025-08-17,True,True,2025,8,3,Salary Week,Festival Sale
6166,134,2025-10-17,True,True,2025,10,4,Salary Week,Festival Sale
6167,1863,2025-01-16,False,True,2025,1,1,Regular Week,Festival Sale
6168,1935,2025-07-11,True,False,2025,7,3,Salary Week,Regular Sale
6169,4601,2025-04-16,True,True,2025,4,2,Salary Week,Festival Sale
6170,3745,2025-11-17,True,True,2025,11,4,Salary Week,Festival Sale
6171,2955,2025-07-05,False,True,2025,7,3,Regular Week,Festival Sale
6172,4402,2025-07-31,False,False,2025,7,3,Regular Week,Regular Sale
6173,4386,2025-09-28,True,False,2025,9,3,Salary Week,Regular Sale
6174,3745,2025-05-16,True,True,2025,5,2,Salary Week,Festival Sale
6175,3550,2025-04-26,False,False,2025,4,2,Regular Week,Regular Sale
6176,1447,2025-07-30,True,False,2025,7,3,Salary Week,Regular Sale
6177,1931,2025-05-08,True,False,2025,5,2,Salary Week,Regular Sale
6178,752,2025-04-07,False,False,2025,4,2,Regular Week,Regular Sale
6179,1814,2025-08-20,True,True,2025,8,3,Salary Week,Festival Sale
6180,2425,2025-05-08,False,True,2025,5,2,Regular Week,Festival Sale
6181,3521,2025-03-20,True,True,2025,3,1,Salary Week,Festival Sale
6182,1329,2025-11-27,False,True,2025,11,4,Regular Week,Festival Sale
6183,4148,2025-11-16,False,True,2025,11,4,Regular Week,Festival Sale
6184,2597,2025-10-02,False,True,2025,10,4,Regular Week,Festival Sale
6185,3707,2025-08-29,True,True,2025,8,3,Salary Week,Festival Sale
6186,34,2025-08-30,False,False,2025,8,3,Regular Week,Regular Sale
6187,4322,2025-12-05,False,True,2025,12,4,Regular Week,Festival Sale
6188,1975,2025-10-04,True,True,2025,10,4,Salary Week,Festival Sale
6189,4125,2025-04-16,False,True,2025,4,2,Regular Week,Festival Sale
6190,2507,2025-06-07,True,True,2025,6,2,Salary Week,Festival Sale
6191,4481,2025-04-11,False,False,2025,4,2,Regular Week,Regular Sale
6192,4095,2025-12-29,True,False,2025,12,4,Salary Week,Regular Sale
6193,2146,2025-06-10,False,True,2025,6,2,Regular Week,Festival Sale
6194,3435,2025-10-02,False,False,2025,10,4,Regular Week,Regular Sale
6195,4654,2025-11-22,False,True,2025,11,4,Regular Week,Festival Sale
6196,4974,2025-06-29,True,False,2025,6,2,Salary Week,Regular Sale
6197,3959,2025-05-11,True,True,2025,5,2,Salary Week,Festival Sale
6198,2075,2025-12-19,False,True,2025,12,4,Regular Week,Festival Sale
6199,974,2025-07-25,True,False,2025,7,3,Salary Week,Regular Sale
6200,3236,2025-02-23,False,False,2025,2,1,Regular Week,Regular Sale
6201,2560,2025-07-08,True,True,2025,7,3,Salary Week,Festival Sale
6202,2679,2025-12-24,True,True,2025,12,4,Salary Week,Festival Sale
6203,3871,2025-02-02,False,True,2025,2,1,Regular Week,Festival Sale
6204,2226,2025-09-28,False,True,2025,9,3,Regular Week,Festival Sale
6205,4898,2025-02-20,True,False,2025,2,1,Salary Week,Regular Sale
6206,2402,2025-09-21,False,True,2025,9,3,Regular Week,Festival Sale
6207,2251,2025-10-04,True,False,2025,10,4,Salary Week,Regular Sale
6208,1301,2025-09-07,False,False,2025,9,3,Regular Week,Regular Sale
6209,3969,2025-12-13,True,False,2025,12,4,Salary Week,Regular Sale
6210,3659,2025-09-06,True,True,2025,9,3,Salary Week,Festival Sale
6211,622,2025-09-22,True,False,2025,9,3,Salary Week,Regular Sale
6212,2665,2025-08-30,True,False,2025,8,3,Salary Week,Regular Sale
6213,3851,2025-09-24,False,False,2025,9,3,Regular Week,Regular Sale
6214,1434,2025-03-16,True,True,2025,3,1,Salary Week,Festival Sale
6215,177,2025-12-24,True,True,2025,12,4,Salary Week,Festival Sale
6216,2809,2025-05-19,False,False,2025,5,2,Regular Week,Regular Sale
6217,4849,2025-11-17,False,True,2025,11,4,Regular Week,Festival Sale
6218,1023,2025-10-01,True,True,2025,10,4,Salary Week,Festival Sale
6219,266,2025-10-24,False,False,2025,10,4,Regular Week,Regular Sale
6220,1957,2025-12-29,True,False,2025,12,4,Salary Week,Regular Sale
6221,3256,2025-11-02,True,False,2025,11,4,Salary Week,Regular Sale
6222,133,2025-06-15,False,True,2025,6,2,Regular Week,Festival Sale
6223,3824,2025-01-29,False,False,2025,1,1,Regular Week,Regular Sale
6224,762,2025-12-31,False,True,2025,12,4,Regular Week,Festival Sale
6225,837,2025-03-13,False,True,2025,3,1,Regular Week,Festival Sale
6226,1049,2025-06-17,True,True,2025,6,2,Salary Week,Festival Sale
6227,3422,2025-12-09,True,True,2025,12,4,Salary Week,Festival Sale
6228,1575,2025-01-16,True,False,2025,1,1,Salary Week,Regular Sale
6229,2121,2025-12-29,False,True,2025,12,4,Regular Week,Festival Sale
6230,683,2025-06-07,True,True,2025,6,2,Salary Week,Festival Sale
6231,2594,2025-04-16,False,True,2025,4,2,Regular Week,Festival Sale
6232,1854,2025-05-27,True,True,2025,5,2,Salary Week,Festival Sale
6233,2774,2025-03-02,True,False,2025,3,1,Salary Week,Regular Sale
6234,1125,2025-09-28,False,True,2025,9,3,Regular Week,Festival Sale
6235,1387,2025-08-03,False,True,2025,8,3,Regular Week,Festival Sale
6236,1684,2025-06-17,True,True,2025,6,2,Salary Week,Festival Sale
6237,373,2025-04-21,False,True,2025,4,2,Regular Week,Festival Sale
6238,1497,2025-08-16,True,False,2025,8,3,Salary Week,Regular Sale
6239,2888,2025-11-07,False,True,2025,11,4,Regular Week,Festival Sale
6240,2128,2025-06-19,True,True,2025,6,2,Salary Week,Festival Sale
6241,1050,2025-07-05,False,True,2025,7,3,Regular Week,Festival Sale
6242,2672,2025-03-22,True,False,2025,3,1,Salary Week,Regular Sale
6243,1001,2025-05-15,True,True,2025,5,2,Salary Week,Festival Sale
6244,4258,2025-07-06,False,False,2025,7,3,Regular Week,Regular Sale
6245,2276,2025-06-28,False,False,2025,6,2,Regular Week,Regular Sale
6246,1446,2025-10-22,False,False,2025,10,4,Regular Week,Regular Sale
6247,2689,2025-10-30,True,True,2025,10,4,Salary Week,Festival Sale
6248,4505,2025-04-23,True,False,2025,4,2,Salary Week,Regular Sale
6249,1702,2025-04-02,False,True,2025,4,2,Regular Week,Festival Sale
6250,795,2025-03-02,False,True,2025,3,1,Regular Week,Festival Sale
6251,3799,2025-07-11,False,False,2025,7,3,Regular Week,Regular Sale
6252,2509,2025-07-12,True,True,2025,7,3,Salary Week,Festival Sale
6253,4851,2025-09-19,True,True,2025,9,3,Salary Week,Festival Sale
6254,179,2025-01-26,False,False,2025,1,1,Regular Week,Regular Sale
6255,2005,2025-03-20,True,False,2025,3,1,Salary Week,Regular Sale
6256,3274,2025-08-25,False,False,2025,8,3,Regular Week,Regular Sale
6257,1339,2025-10-14,True,False,2025,10,4,Salary Week,Regular Sale
6258,1233,2025-03-03,False,False,2025,3,1,Regular Week,Regular Sale
6259,3652,2025-05-03,False,True,2025,5,2,Regular Week,Festival Sale
6260,4351,2025-09-12,False,True,2025,9,3,Regular Week,Festival Sale
6261,3074,2025-09-21,False,False,2025,9,3,Regular Week,Regular Sale
6262,4058,2025-06-25,False,False,2025,6,2,Regular Week,Regular Sale
6263,1639,2025-07-01,True,True,2025,7,3,Salary Week,Festival Sale
6264,3282,2025-12-03,False,False,2025,12,4,Regular Week,Regular Sale
6265,1561,2025-03-25,True,False,2025,3,1,Salary Week,Regular Sale
6266,4660,2025-04-15,False,True,2025,4,2,Regular Week,Festival Sale
6267,1653,2025-09-10,True,False,2025,9,3,Salary Week,Regular Sale
6268,2635,2025-12-04,False,False,2025,12,4,Regular Week,Regular Sale
6269,3045,2025-04-03,True,True,2025,4,2,Salary Week,Festival Sale
6270,1827,2025-10-16,True,False,2025,10,4,Salary Week,Regular Sale
6271,3581,2025-06-06,False,False,2025,6,2,Regular Week,Regular Sale
6272,976,2025-06-08,False,True,2025,6,2,Regular Week,Festival Sale
6273,2697,2025-10-02,True,True,2025,10,4,Salary Week,Festival Sale
6274,185,2025-04-23,True,False,2025,4,2,Salary Week,Regular Sale
6275,1685,2025-03-08,False,True,2025,3,1,Regular Week,Festival Sale
6276,4409,2025-07-16,True,True,2025,7,3,Salary Week,Festival Sale
6277,2016,2025-07-20,False,True,2025,7,3,Regular Week,Festival Sale
6278,962,2025-02-02,True,True,2025,2,1,Salary Week,Festival Sale
6279,4565,2025-05-09,True,True,2025,5,2,Salary Week,Festival Sale
6280,4509,2025-02-26,False,False,2025,2,1,Regular Week,Regular Sale
6281,3135,2025-11-24,False,True,2025,11,4,Regular Week,Festival Sale
6282,4569,2025-04-03,True,False,2025,4,2,Salary Week,Regular Sale
6283,2220,2025-05-12,False,True,2025,5,2,Regular Week,Festival Sale
6284,4242,2025-03-06,True,False,2025,3,1,Salary Week,Regular Sale
6285,3248,2025-06-08,False,True,2025,6,2,Regular Week,Festival Sale
6286,2671,2025-01-26,False,True,2025,1,1,Regular Week,Festival Sale
6287,4148,2025-06-17,True,False,2025,6,2,Salary Week,Regular Sale
6288,802,2025-04-20,True,True,2025,4,2,Salary Week,Festival Sale
6289,1584,2025-10-14,True,True,2025,10,4,Salary Week,Festival Sale
6290,3733,2025-04-07,False,False,2025,4,2,Regular Week,Regular Sale
6291,3584,2025-09-26,False,True,2025,9,3,Regular Week,Festival Sale
6292,1415,2025-10-16,True,False,2025,10,4,Salary Week,Regular Sale
6293,1350,2025-07-26,False,False,2025,7,3,Regular Week,Regular Sale
6294,397,2025-10-13,False,True,2025,10,4,Regular Week,Festival Sale
6295,4747,2025-05-30,True,True,2025,5,2,Salary Week,Festival Sale
6296,4639,2025-06-17,True,False,2025,6,2,Salary Week,Regular Sale
6297,4176,2025-04-22,True,False,2025,4,2,Salary Week,Regular Sale
6298,3923,2025-12-27,False,True,2025,12,4,Regular Week,Festival Sale
6299,4288,2025-11-28,True,True,2025,11,4,Salary Week,Festival Sale
6300,3520,2025-09-29,True,False,2025,9,3,Salary Week,Regular Sale
6301,1531,2025-10-23,True,False,2025,10,4,Salary Week,Regular Sale
6302,4637,2025-07-13,True,False,2025,7,3,Salary Week,Regular Sale
6303,2800,2025-02-03,True,False,2025,2,1,Salary Week,Regular Sale
6304,3685,2025-09-17,True,True,2025,9,3,Salary Week,Festival Sale
6305,1482,2025-06-19,False,False,2025,6,2,Regular Week,Regular Sale
6306,2652,2025-11-29,True,False,2025,11,4,Salary Week,Regular Sale
6307,4770,2025-06-22,True,False,2025,6,2,Salary Week,Regular Sale
6308,3515,2025-09-02,False,False,2025,9,3,Regular Week,Regular Sale
6309,1991,2025-06-30,False,True,2025,6,2,Regular Week,Festival Sale
6310,2595,2025-07-15,True,False,2025,7,3,Salary Week,Regular Sale
6311,3258,2025-02-04,True,False,2025,2,1,Salary Week,Regular Sale
6312,1185,2025-10-24,False,True,2025,10,4,Regular Week,Festival Sale
6313,3834,2025-06-28,True,True,2025,6,2,Salary Week,Festival Sale
6314,2228,2025-07-02,True,False,2025,7,3,Salary Week,Regular Sale
6315,4282,2025-04-19,True,True,2025,4,2,Salary Week,Festival Sale
6316,54,2025-04-29,False,True,2025,4,2,Regular Week,Festival Sale
6317,516,2025-05-10,True,True,2025,5,2,Salary Week,Festival Sale
6318,1079,2025-05-24,False,False,2025,5,2,Regular Week,Regular Sale
6319,3742,2025-06-02,False,False,2025,6,2,Regular Week,Regular Sale
6320,859,2025-01-18,False,False,2025,1,1,Regular Week,Regular Sale
6321,3880,2025-08-09,True,True,2025,8,3,Salary Week,Festival Sale
6322,4772,2025-10-01,True,True,2025,10,4,Salary Week,Festival Sale
6323,3061,2025-08-08,False,True,2025,8,3,Regular Week,Festival Sale
6324,2751,2025-02-11,False,True,2025,2,1,Regular Week,Festival Sale
6325,560,2025-08-31,False,False,2025,8,3,Regular Week,Regular Sale
6326,4742,2025-09-08,False,False,2025,9,3,Regular Week,Regular Sale
6327,1239,2025-01-17,False,False,2025,1,1,Regular Week,Regular Sale
6328,668,2025-12-29,True,True,2025,12,4,Salary Week,Festival Sale
6329,1603,2025-10-03,False,True,2025,10,4,Regular Week,Festival Sale
6330,2452,2025-12-11,False,True,2025,12,4,Regular Week,Festival Sale
6331,2845,2025-01-08,False,False,2025,1,1,Regular Week,Regular Sale
6332,984,2025-04-30,True,True,2025,4,2,Salary Week,Festival Sale
6333,1123,2025-05-02,True,False,2025,5,2,Salary Week,Regular Sale
6334,1050,2025-09-27,True,True,2025,9,3,Salary Week,Festival Sale
6335,2028,2025-04-16,True,False,2025,4,2,Salary Week,Regular Sale
6336,3442,2025-01-06,True,True,2025,1,1,Salary Week,Festival Sale
6337,246,2025-04-11,False,True,2025,4,2,Regular Week,Festival Sale
6338,2049,2025-03-30,True,True,2025,3,1,Salary Week,Festival Sale
6339,2605,2025-12-08,True,True,2025,12,4,Salary Week,Festival Sale
6340,255,2025-05-18,False,True,2025,5,2,Regular Week,Festival Sale
6341,1781,2025-04-04,False,False,2025,4,2,Regular Week,Regular Sale
6342,2536,2025-11-09,False,False,2025,11,4,Regular Week,Regular Sale
6343,4775,2025-07-05,True,True,2025,7,3,Salary Week,Festival Sale
6344,3779,2025-06-08,True,False,2025,6,2,Salary Week,Regular Sale
6345,3741,2025-01-29,True,False,2025,1,1,Salary Week,Regular Sale
6346,2248,2025-01-10,False,True,2025,1,1,Regular Week,Festival Sale
6347,2064,2025-04-29,True,False,2025,4,2,Salary Week,Regular Sale
6348,2378,2025-10-25,True,False,2025,10,4,Salary Week,Regular Sale
6349,1156,2025-04-14,False,False,2025,4,2,Regular Week,Regular Sale
6350,645,2025-07-26,True,False,2025,7,3,Salary Week,Regular Sale
6351,844,2025-09-20,False,False,2025,9,3,Regular Week,Regular Sale
6352,2472,2025-05-18,True,True,2025,5,2,Salary Week,Festival Sale
6353,3291,2025-10-22,False,True,2025,10,4,Regular Week,Festival Sale
6354,3958,2025-04-17,False,True,2025,4,2,Regular Week,Festival Sale
6355,1377,2025-03-21,False,False,2025,3,1,Regular Week,Regular Sale
6356,1815,2025-06-07,False,True,2025,6,2,Regular Week,Festival Sale
6357,3167,2025-07-01,False,True,2025,7,3,Regular Week,Festival Sale
6358,967,2025-02-13,False,False,2025,2,1,Regular Week,Regular Sale
6359,707,2025-04-22,False,True,2025,4,2,Regular Week,Festival Sale
6360,1684,2025-03-19,False,True,2025,3,1,Regular Week,Festival Sale
6361,469,2025-09-11,True,True,2025,9,3,Salary Week,Festival Sale
6362,1937,2025-08-25,False,True,2025,8,3,Regular Week,Festival Sale
6363,1889,2025-02-05,True,False,2025,2,1,Salary Week,Regular Sale
6364,3290,2025-10-21,True,False,2025,10,4,Salary Week,Regular Sale
6365,2196,2025-04-07,True,True,2025,4,2,Salary Week,Festival Sale
6366,3317,2025-10-10,False,False,2025,10,4,Regular Week,Regular Sale
6367,3209,2025-08-15,False,True,2025,8,3,Regular Week,Festival Sale
6368,3265,2025-01-13,True,False,2025,1,1,Salary Week,Regular Sale
6369,744,2025-08-02,False,True,2025,8,3,Regular Week,Festival Sale
6370,2482,2025-09-11,True,True,2025,9,3,Salary Week,Festival Sale
6371,3436,2025-08-23,True,False,2025,8,3,Salary Week,Regular Sale
6372,2552,2025-03-10,False,False,2025,3,1,Regular Week,Regular Sale
6373,4367,2025-06-01,False,True,2025,6,2,Regular Week,Festival Sale
6374,4553,2025-06-29,False,False,2025,6,2,Regular Week,Regular Sale
6375,3655,2025-03-08,False,True,2025,3,1,Regular Week,Festival Sale
6376,3948,2025-05-26,True,True,2025,5,2,Salary Week,Festival Sale
6377,4233,2025-09-24,False,False,2025,9,3,Regular Week,Regular Sale
6378,1514,2025-02-08,False,False,2025,2,1,Regular Week,Regular Sale
6379,4134,2025-05-06,True,True,2025,5,2,Salary Week,Festival Sale
6380,3986,2025-11-22,True,False,2025,11,4,Salary Week,Regular Sale
6381,4015,2025-07-25,False,False,2025,7,3,Regular Week,Regular Sale
6382,3348,2025-12-29,True,False,2025,12,4,Salary Week,Regular Sale
6383,4194,2025-10-30,True,False,2025,10,4,Salary Week,Regular Sale
6384,1014,2025-10-27,False,True,2025,10,4,Regular Week,Festival Sale
6385,1773,2025-09-01,True,False,2025,9,3,Salary Week,Regular Sale
6386,4729,2025-04-09,True,True,2025,4,2,Salary Week,Festival Sale
6387,4467,2025-03-02,True,False,2025,3,1,Salary Week,Regular Sale
6388,2832,2025-05-04,True,True,2025,5,2,Salary Week,Festival Sale
6389,4496,2025-01-12,False,True,2025,1,1,Regular Week,Festival Sale
6390,2250,2025-10-14,True,False,2025,10,4,Salary Week,Regular Sale
6391,1906,2025-07-24,True,True,2025,7,3,Salary Week,Festival Sale
6392,3043,2025-04-04,True,False,2025,4,2,Salary Week,Regular Sale
6393,1185,2025-10-22,True,False,2025,10,4,Salary Week,Regular Sale
6394,3412,2025-01-22,False,False,2025,1,1,Regular Week,Regular Sale
6395,693,2025-05-23,False,True,2025,5,2,Regular Week,Festival Sale
6396,464,2025-09-30,False,True,2025,9,3,Regular Week,Festival Sale
6397,193,2025-05-20,False,True,2025,5,2,Regular Week,Festival Sale
6398,4524,2025-02-16,True,True,2025,2,1,Salary Week,Festival Sale
6399,3279,2025-11-28,False,False,2025,11,4,Regular Week,Regular Sale
6400,549,2025-06-18,False,True,2025,6,2,Regular Week,Festival Sale
6401,400,2025-07-17,False,False,2025,7,3,Regular Week,Regular Sale
6402,4953,2025-11-03,False,False,2025,11,4,Regular Week,Regular Sale
6403,84,2025-08-26,False,False,2025,8,3,Regular Week,Regular Sale
6404,1690,2025-06-14,True,False,2025,6,2,Salary Week,Regular Sale
6405,481,2025-02-04,False,False,2025,2,1,Regular Week,Regular Sale
6406,908,2026-01-06,True,False,2026,1,1,Salary Week,Regular Sale
6407,665,2025-09-16,False,False,2025,9,3,Regular Week,Regular Sale
6408,3169,2025-09-15,True,True,2025,9,3,Salary Week,Festival Sale
6409,2002,2025-12-02,True,False,2025,12,4,Salary Week,Regular Sale
6410,3192,2025-02-23,False,False,2025,2,1,Regular Week,Regular Sale
6411,4583,2025-12-25,True,False,2025,12,4,Salary Week,Regular Sale
6412,1310,2025-05-08,True,False,2025,5,2,Salary Week,Regular Sale
6413,3138,2025-06-12,True,True,2025,6,2,Salary Week,Festival Sale
6414,4154,2025-05-05,False,True,2025,5,2,Regular Week,Festival Sale
6415,1288,2025-09-23,True,True,2025,9,3,Salary Week,Festival Sale
6416,2311,2026-01-06,True,False,2026,1,1,Salary Week,Regular Sale
6417,1502,2025-06-20,False,False,2025,6,2,Regular Week,Regular Sale
6418,3837,2025-12-03,False,False,2025,12,4,Regular Week,Regular Sale
6419,3771,2025-09-08,False,True,2025,9,3,Regular Week,Festival Sale
6420,3804,2025-12-22,False,False,2025,12,4,Regular Week,Regular Sale
6421,3789,2025-04-04,False,True,2025,4,2,Regular Week,Festival Sale
6422,4119,2025-02-13,False,False,2025,2,1,Regular Week,Regular Sale
6423,3212,2025-12-26,True,False,2025,12,4,Salary Week,Regular Sale
6424,1941,2025-07-01,True,False,2025,7,3,Salary Week,Regular Sale
6425,1613,2025-04-26,True,True,2025,4,2,Salary Week,Festival Sale
6426,3758,2025-03-28,False,False,2025,3,1,Regular Week,Regular Sale
6427,1123,2025-08-27,False,False,2025,8,3,Regular Week,Regular Sale
6428,2496,2025-08-25,True,False,2025,8,3,Salary Week,Regular Sale
6429,4205,2025-10-21,True,True,2025,10,4,Salary Week,Festival Sale
6430,1800,2025-10-01,False,True,2025,10,4,Regular Week,Festival Sale
6431,2495,2025-04-01,False,False,2025,4,2,Regular Week,Regular Sale
6432,1495,2025-10-04,True,True,2025,10,4,Salary Week,Festival Sale
6433,4510,2025-12-29,True,False,2025,12,4,Salary Week,Regular Sale
6434,4057,2025-12-31,False,False,2025,12,4,Regular Week,Regular Sale
6435,2647,2025-04-08,True,True,2025,4,2,Salary Week,Festival Sale
6436,4829,2025-10-04,False,False,2025,10,4,Regular Week,Regular Sale
6437,3853,2025-03-02,True,True,2025,3,1,Salary Week,Festival Sale
6438,3153,2025-05-20,True,False,2025,5,2,Salary Week,Regular Sale
6439,3225,2025-10-13,True,True,2025,10,4,Salary Week,Festival Sale
6440,2635,2025-03-14,True,False,2025,3,1,Salary Week,Regular Sale
6441,1102,2025-07-12,False,False,2025,7,3,Regular Week,Regular Sale
6442,282,2025-08-08,False,True,2025,8,3,Regular Week,Festival Sale
6443,2581,2025-03-21,True,False,2025,3,1,Salary Week,Regular Sale
6444,2099,2025-12-15,True,True,2025,12,4,Salary Week,Festival Sale
6445,3611,2025-11-30,True,False,2025,11,4,Salary Week,Regular Sale
6446,4931,2025-07-12,False,True,2025,7,3,Regular Week,Festival Sale
6447,2769,2025-10-05,True,False,2025,10,4,Salary Week,Regular Sale
6448,2153,2025-05-29,False,True,2025,5,2,Regular Week,Festival Sale
6449,558,2025-04-16,False,True,2025,4,2,Regular Week,Festival Sale
6450,1997,2025-12-25,False,False,2025,12,4,Regular Week,Regular Sale
6451,467,2025-01-27,True,False,2025,1,1,Salary Week,Regular Sale
6452,4584,2025-01-19,True,True,2025,1,1,Salary Week,Festival Sale
6453,2544,2025-04-05,True,False,2025,4,2,Salary Week,Regular Sale
6454,3007,2025-07-10,True,True,2025,7,3,Salary Week,Festival Sale
6455,1284,2025-05-21,True,False,2025,5,2,Salary Week,Regular Sale
6456,4401,2025-11-09,False,False,2025,11,4,Regular Week,Regular Sale
6457,825,2025-03-16,True,False,2025,3,1,Salary Week,Regular Sale
6458,4809,2025-08-30,True,False,2025,8,3,Salary Week,Regular Sale
6459,4155,2025-10-03,True,False,2025,10,4,Salary Week,Regular Sale
6460,4337,2025-11-08,True,False,2025,11,4,Salary Week,Regular Sale
6461,2690,2025-10-29,False,True,2025,10,4,Regular Week,Festival Sale
6462,228,2025-09-08,False,True,2025,9,3,Regular Week,Festival Sale
6463,1291,2025-07-26,False,True,2025,7,3,Regular Week,Festival Sale
6464,732,2025-11-07,True,True,2025,11,4,Salary Week,Festival Sale
6465,4322,2025-12-02,True,True,2025,12,4,Salary Week,Festival Sale
6466,575,2025-04-09,False,False,2025,4,2,Regular Week,Regular Sale
6467,3291,2025-05-03,False,False,2025,5,2,Regular Week,Regular Sale
6468,1544,2025-06-25,True,False,2025,6,2,Salary Week,Regular Sale
6469,3561,2025-06-07,False,True,2025,6,2,Regular Week,Festival Sale
6470,669,2025-07-25,False,True,2025,7,3,Regular Week,Festival Sale
6471,363,2025-06-09,False,True,2025,6,2,Regular Week,Festival Sale
6472,3541,2025-06-16,True,True,2025,6,2,Salary Week,Festival Sale
6473,2345,2025-03-04,True,True,2025,3,1,Salary Week,Festival Sale
6474,1260,2025-12-20,True,False,2025,12,4,Salary Week,Regular Sale
6475,2909,2025-05-25,False,True,2025,5,2,Regular Week,Festival Sale
6476,4429,2025-04-10,True,True,2025,4,2,Salary Week,Festival Sale
6477,4027,2025-12-18,False,False,2025,12,4,Regular Week,Regular Sale
6478,64,2025-11-08,False,False,2025,11,4,Regular Week,Regular Sale
6479,3348,2025-01-27,True,False,2025,1,1,Salary Week,Regular Sale
6480,4746,2025-11-11,False,True,2025,11,4,Regular Week,Festival Sale
6481,3891,2025-06-01,True,True,2025,6,2,Salary Week,Festival Sale
6482,2153,2025-12-18,False,True,2025,12,4,Regular Week,Festival Sale
6483,4404,2025-09-04,False,True,2025,9,3,Regular Week,Festival Sale
6484,3546,2025-08-02,True,False,2025,8,3,Salary Week,Regular Sale
6485,343,2025-02-28,True,True,2025,2,1,Salary Week,Festival Sale
6486,3354,2025-03-04,True,False,2025,3,1,Salary Week,Regular Sale
6487,2643,2025-06-20,False,False,2025,6,2,Regular Week,Regular Sale
6488,1102,2025-05-06,False,True,2025,5,2,Regular Week,Festival Sale
6489,4821,2025-05-01,True,False,2025,5,2,Salary Week,Regular Sale
6490,2743,2025-11-03,False,False,2025,11,4,Regular Week,Regular Sale
6491,4100,2025-03-07,False,False,2025,3,1,Regular Week,Regular Sale
6492,4036,2025-11-19,False,False,2025,11,4,Regular Week,Regular Sale
6493,3177,2025-06-22,True,True,2025,6,2,Salary Week,Festival Sale
6494,1175,2025-01-28,False,False,2025,1,1,Regular Week,Regular Sale
6495,4042,2025-06-16,True,False,2025,6,2,Salary Week,Regular Sale
6496,4610,2025-12-30,True,True,2025,12,4,Salary Week,Festival Sale
6497,2544,2025-12-30,True,True,2025,12,4,Salary Week,Festival Sale
6498,2314,2025-12-30,True,True,2025,12,4,Salary Week,Festival Sale
6499,4651,2025-05-16,True,True,2025,5,2,Salary Week,Festival Sale
6500,598,2025-07-29,False,True,2025,7,3,Regular Week,Festival Sale
6501,4922,2025-03-11,True,False,2025,3,1,Salary Week,Regular Sale
6502,4474,2025-09-18,False,False,2025,9,3,Regular Week,Regular Sale
6503,4141,2025-01-16,True,True,2025,1,1,Salary Week,Festival Sale
6504,847,2025-04-28,True,True,2025,4,2,Salary Week,Festival Sale
6505,571,2025-11-29,False,False,2025,11,4,Regular Week,Regular Sale
6506,2027,2025-10-05,False,False,2025,10,4,Regular Week,Regular Sale
6507,1501,2025-05-09,True,False,2025,5,2,Salary Week,Regular Sale
6508,3438,2025-05-29,True,True,2025,5,2,Salary Week,Festival Sale
6509,1282,2025-05-09,False,False,2025,5,2,Regular Week,Regular Sale
6510,4946,2025-05-06,False,True,2025,5,2,Regular Week,Festival Sale
6511,58,2025-12-29,True,False,2025,12,4,Salary Week,Regular Sale
6512,1568,2025-12-24,False,False,2025,12,4,Regular Week,Regular Sale
6513,790,2025-07-09,False,False,2025,7,3,Regular Week,Regular Sale
6514,3157,2025-05-13,True,True,2025,5,2,Salary Week,Festival Sale
6515,3695,2025-10-14,False,False,2025,10,4,Regular Week,Regular Sale
6516,2206,2025-03-09,True,True,2025,3,1,Salary Week,Festival Sale
6517,4426,2025-08-16,False,False,2025,8,3,Regular Week,Regular Sale
6518,4946,2025-02-25,False,True,2025,2,1,Regular Week,Festival Sale
6519,712,2025-11-11,True,False,2025,11,4,Salary Week,Regular Sale
6520,4770,2025-07-03,False,False,2025,7,3,Regular Week,Regular Sale
6521,987,2025-04-05,False,True,2025,4,2,Regular Week,Festival Sale
6522,3981,2025-04-08,True,False,2025,4,2,Salary Week,Regular Sale
6523,2167,2025-01-25,False,False,2025,1,1,Regular Week,Regular Sale
6524,4808,2025-10-21,True,False,2025,10,4,Salary Week,Regular Sale
6525,494,2025-03-17,True,False,2025,3,1,Salary Week,Regular Sale
6526,2825,2025-08-30,True,True,2025,8,3,Salary Week,Festival Sale
6527,4498,2025-09-17,True,False,2025,9,3,Salary Week,Regular Sale
6528,956,2025-06-01,False,False,2025,6,2,Regular Week,Regular Sale
6529,4428,2025-05-22,False,False,2025,5,2,Regular Week,Regular Sale
6530,4208,2025-09-08,True,False,2025,9,3,Salary Week,Regular Sale
6531,150,2025-12-15,True,False,2025,12,4,Salary Week,Regular Sale
6532,1784,2025-01-18,False,True,2025,1,1,Regular Week,Festival Sale
6533,288,2025-04-21,False,False,2025,4,2,Regular Week,Regular Sale
6534,3121,2025-05-08,False,True,2025,5,2,Regular Week,Festival Sale
6535,246,2025-09-29,True,False,2025,9,3,Salary Week,Regular Sale
6536,4397,2025-10-18,True,True,2025,10,4,Salary Week,Festival Sale
6537,4934,2025-03-05,True,True,2025,3,1,Salary Week,Festival Sale
6538,1125,2025-03-13,False,False,2025,3,1,Regular Week,Regular Sale
6539,301,2025-05-14,True,False,2025,5,2,Salary Week,Regular Sale
6540,2213,2025-08-22,False,False,2025,8,3,Regular Week,Regular Sale
6541,287,2025-11-13,False,False,2025,11,4,Regular Week,Regular Sale
6542,3089,2025-11-20,True,True,2025,11,4,Salary Week,Festival Sale
6543,1812,2025-05-12,True,False,2025,5,2,Salary Week,Regular Sale
6544,1630,2025-09-30,False,False,2025,9,3,Regular Week,Regular Sale
6545,2933,2025-03-13,True,True,2025,3,1,Salary Week,Festival Sale
6546,2083,2025-09-11,False,False,2025,9,3,Regular Week,Regular Sale
6547,2583,2025-07-01,True,True,2025,7,3,Salary Week,Festival Sale
6548,501,2025-02-19,False,False,2025,2,1,Regular Week,Regular Sale
6549,3851,2025-06-15,True,False,2025,6,2,Salary Week,Regular Sale
6550,418,2025-09-19,True,False,2025,9,3,Salary Week,Regular Sale
6551,3322,2025-12-24,True,False,2025,12,4,Salary Week,Regular Sale
6552,4664,2025-03-08,False,False,2025,3,1,Regular Week,Regular Sale
6553,4659,2025-08-11,True,True,2025,8,3,Salary Week,Festival Sale
6554,1574,2025-06-08,True,True,2025,6,2,Salary Week,Festival Sale
6555,3771,2025-12-24,False,True,2025,12,4,Regular Week,Festival Sale
6556,3132,2025-04-02,True,True,2025,4,2,Salary Week,Festival Sale
6557,4878,2025-02-18,False,True,2025,2,1,Regular Week,Festival Sale
6558,623,2025-04-13,False,True,2025,4,2,Regular Week,Festival Sale
6559,1698,2025-07-14,False,False,2025,7,3,Regular Week,Regular Sale
6560,1430,2025-02-11,False,False,2025,2,1,Regular Week,Regular Sale
6561,1229,2025-02-02,True,False,2025,2,1,Salary Week,Regular Sale
6562,3762,2025-02-23,False,False,2025,2,1,Regular Week,Regular Sale
6563,2449,2025-08-22,False,True,2025,8,3,Regular Week,Festival Sale
6564,1522,2025-01-10,True,True,2025,1,1,Salary Week,Festival Sale
6565,2801,2025-12-17,True,False,2025,12,4,Salary Week,Regular Sale
6566,1816,2025-09-10,False,False,2025,9,3,Regular Week,Regular Sale
6567,4527,2025-11-02,False,True,2025,11,4,Regular Week,Festival Sale
6568,4605,2025-02-28,False,False,2025,2,1,Regular Week,Regular Sale
6569,2494,2025-06-18,False,True,2025,6,2,Regular Week,Festival Sale
6570,2159,2025-06-07,True,False,2025,6,2,Salary Week,Regular Sale
6571,3820,2025-02-17,True,True,2025,2,1,Salary Week,Festival Sale
6572,1665,2025-06-07,True,False,2025,6,2,Salary Week,Regular Sale
6573,4823,2025-03-18,True,False,2025,3,1,Salary Week,Regular Sale
6574,2138,2025-06-05,True,False,2025,6,2,Salary Week,Regular Sale
6575,3470,2026-01-05,True,True,2026,1,1,Salary Week,Festival Sale
6576,69,2025-02-23,True,False,2025,2,1,Salary Week,Regular Sale
6577,2336,2025-07-03,False,True,2025,7,3,Regular Week,Festival Sale
6578,1542,2025-02-22,False,False,2025,2,1,Regular Week,Regular Sale
6579,1494,2025-11-01,True,True,2025,11,4,Salary Week,Festival Sale
6580,405,2025-03-15,True,True,2025,3,1,Salary Week,Festival Sale
6581,263,2025-04-13,True,True,2025,4,2,Salary Week,Festival Sale
6582,3042,2025-04-12,True,False,2025,4,2,Salary Week,Regular Sale
6583,2603,2025-12-16,True,False,2025,12,4,Salary Week,Regular Sale
6584,84,2025-05-14,True,True,2025,5,2,Salary Week,Festival Sale
6585,1322,2025-10-26,True,True,2025,10,4,Salary Week,Festival Sale
6586,986,2025-07-30,True,False,2025,7,3,Salary Week,Regular Sale
6587,980,2025-11-12,True,True,2025,11,4,Salary Week,Festival Sale
6588,4417,2025-06-07,False,True,2025,6,2,Regular Week,Festival Sale
6589,1214,2025-11-18,False,True,2025,11,4,Regular Week,Festival Sale
6590,2020,2025-04-26,False,True,2025,4,2,Regular Week,Festival Sale
6591,4576,2025-03-18,True,False,2025,3,1,Salary Week,Regular Sale
6592,159,2025-10-26,True,False,2025,10,4,Salary Week,Regular Sale
6593,1364,2025-08-16,False,True,2025,8,3,Regular Week,Festival Sale
6594,4654,2025-04-22,False,True,2025,4,2,Regular Week,Festival Sale
6595,4001,2025-09-26,False,True,2025,9,3,Regular Week,Festival Sale
6596,3290,2025-07-24,True,False,2025,7,3,Salary Week,Regular Sale
6597,630,2025-01-22,False,False,2025,1,1,Regular Week,Regular Sale
6598,3894,2025-03-09,True,True,2025,3,1,Salary Week,Festival Sale
6599,4517,2025-10-07,True,False,2025,10,4,Salary Week,Regular Sale
6600,2750,2025-07-21,True,True,2025,7,3,Salary Week,Festival Sale
6601,4863,2025-04-02,False,False,2025,4,2,Regular Week,Regular Sale
6602,383,2025-02-08,False,True,2025,2,1,Regular Week,Festival Sale
6603,1825,2025-08-16,True,True,2025,8,3,Salary Week,Festival Sale
6604,203,2025-07-13,False,False,2025,7,3,Regular Week,Regular Sale
6605,941,2025-04-15,False,False,2025,4,2,Regular Week,Regular Sale
6606,1006,2025-08-14,True,True,2025,8,3,Salary Week,Festival Sale
6607,62,2025-02-19,True,False,2025,2,1,Salary Week,Regular Sale
6608,4730,2025-11-20,False,True,2025,11,4,Regular Week,Festival Sale
6609,96,2025-01-28,True,True,2025,1,1,Salary Week,Festival Sale
6610,648,2025-07-21,True,False,2025,7,3,Salary Week,Regular Sale
6611,1419,2025-03-01,False,True,2025,3,1,Regular Week,Festival Sale
6612,79,2025-01-16,True,True,2025,1,1,Salary Week,Festival Sale
6613,2800,2025-09-28,False,True,2025,9,3,Regular Week,Festival Sale
6614,1297,2025-03-15,True,True,2025,3,1,Salary Week,Festival Sale
6615,2833,2025-10-26,False,True,2025,10,4,Regular Week,Festival Sale
6616,2234,2025-09-18,False,True,2025,9,3,Regular Week,Festival Sale
6617,2447,2025-07-24,False,False,2025,7,3,Regular Week,Regular Sale
6618,4879,2025-09-09,True,True,2025,9,3,Salary Week,Festival Sale
6619,1526,2025-02-14,False,False,2025,2,1,Regular Week,Regular Sale
6620,241,2025-06-01,False,False,2025,6,2,Regular Week,Regular Sale
6621,2529,2025-10-12,True,True,2025,10,4,Salary Week,Festival Sale
6622,1101,2025-09-22,False,True,2025,9,3,Regular Week,Festival Sale
6623,4467,2025-09-10,False,False,2025,9,3,Regular Week,Regular Sale
6624,4363,2025-03-06,False,True,2025,3,1,Regular Week,Festival Sale
6625,2034,2025-05-21,True,True,2025,5,2,Salary Week,Festival Sale
6626,4106,2025-09-24,True,False,2025,9,3,Salary Week,Regular Sale
6627,2466,2025-03-06,True,False,2025,3,1,Salary Week,Regular Sale
6628,4963,2025-05-05,True,False,2025,5,2,Salary Week,Regular Sale
6629,3146,2025-02-11,False,True,2025,2,1,Regular Week,Festival Sale
6630,2016,2025-07-21,True,True,2025,7,3,Salary Week,Festival Sale
6631,4081,2025-03-22,True,True,2025,3,1,Salary Week,Festival Sale
6632,4193,2025-06-15,True,False,2025,6,2,Salary Week,Regular Sale
6633,4812,2025-02-26,False,False,2025,2,1,Regular Week,Regular Sale
6634,2483,2025-05-28,False,True,2025,5,2,Regular Week,Festival Sale
6635,754,2025-05-16,True,True,2025,5,2,Salary Week,Festival Sale
6636,3571,2025-06-12,False,True,2025,6,2,Regular Week,Festival Sale
6637,3280,2025-05-21,True,True,2025,5,2,Salary Week,Festival Sale
6638,4007,2025-07-01,False,False,2025,7,3,Regular Week,Regular Sale
6639,2200,2025-12-16,True,True,2025,12,4,Salary Week,Festival Sale
6640,1014,2025-02-22,True,False,2025,2,1,Salary Week,Regular Sale
6641,701,2025-04-07,False,False,2025,4,2,Regular Week,Regular Sale
6642,3415,2025-12-27,False,True,2025,12,4,Regular Week,Festival Sale
6643,4947,2025-08-28,True,True,2025,8,3,Salary Week,Festival Sale
6644,2074,2025-07-30,True,False,2025,7,3,Salary Week,Regular Sale
6645,2393,2025-04-19,False,True,2025,4,2,Regular Week,Festival Sale
6646,31,2025-02-14,False,False,2025,2,1,Regular Week,Regular Sale
6647,3023,2025-12-10,True,True,2025,12,4,Salary Week,Festival Sale
6648,2234,2025-05-30,False,False,2025,5,2,Regular Week,Regular Sale
6649,409,2025-10-06,True,True,2025,10,4,Salary Week,Festival Sale
6650,4680,2025-03-03,True,True,2025,3,1,Salary Week,Festival Sale
6651,1816,2025-09-23,False,True,2025,9,3,Regular Week,Festival Sale
6652,1667,2025-04-18,True,False,2025,4,2,Salary Week,Regular Sale
6653,2757,2025-12-28,True,True,2025,12,4,Salary Week,Festival Sale
6654,4444,2025-06-28,True,True,2025,6,2,Salary Week,Festival Sale
6655,4555,2025-04-19,False,True,2025,4,2,Regular Week,Festival Sale
6656,2342,2025-10-25,False,True,2025,10,4,Regular Week,Festival Sale
6657,765,2025-02-04,True,False,2025,2,1,Salary Week,Regular Sale
6658,1684,2025-05-21,False,False,2025,5,2,Regular Week,Regular Sale
6659,663,2026-01-02,True,True,2026,1,1,Salary Week,Festival Sale
6660,4952,2025-05-02,True,True,2025,5,2,Salary Week,Festival Sale
6661,3133,2025-06-27,True,False,2025,6,2,Salary Week,Regular Sale
6662,246,2025-08-25,True,False,2025,8,3,Salary Week,Regular Sale
6663,4146,2025-09-17,True,False,2025,9,3,Salary Week,Regular Sale
6664,3998,2025-12-18,True,False,2025,12,4,Salary Week,Regular Sale
6665,1986,2025-11-29,False,True,2025,11,4,Regular Week,Festival Sale
6666,3978,2025-10-27,False,True,2025,10,4,Regular Week,Festival Sale
6667,2988,2025-12-19,False,True,2025,12,4,Regular Week,Festival Sale
6668,2855,2025-12-09,False,True,2025,12,4,Regular Week,Festival Sale
6669,3557,2025-03-18,False,True,2025,3,1,Regular Week,Festival Sale
6670,1338,2025-09-16,True,False,2025,9,3,Salary Week,Regular Sale
6671,570,2025-09-27,False,True,2025,9,3,Regular Week,Festival Sale
6672,2309,2025-10-18,True,True,2025,10,4,Salary Week,Festival Sale
6673,1944,2025-08-22,False,False,2025,8,3,Regular Week,Regular Sale
6674,2833,2025-07-31,False,False,2025,7,3,Regular Week,Regular Sale
6675,1605,2025-09-02,True,False,2025,9,3,Salary Week,Regular Sale
6676,3521,2025-01-20,True,True,2025,1,1,Salary Week,Festival Sale
6677,990,2025-09-09,True,True,2025,9,3,Salary Week,Festival Sale
6678,2078,2025-10-12,True,True,2025,10,4,Salary Week,Festival Sale
6679,2715,2025-08-04,False,False,2025,8,3,Regular Week,Regular Sale
6680,1981,2025-09-01,False,True,2025,9,3,Regular Week,Festival Sale
6681,1270,2025-03-31,False,False,2025,3,1,Regular Week,Regular Sale
6682,3957,2025-03-22,True,False,2025,3,1,Salary Week,Regular Sale
6683,1796,2025-08-07,False,True,2025,8,3,Regular Week,Festival Sale
6684,1133,2025-03-02,True,False,2025,3,1,Salary Week,Regular Sale
6685,356,2025-09-15,False,False,2025,9,3,Regular Week,Regular Sale
6686,3305,2025-08-26,False,False,2025,8,3,Regular Week,Regular Sale
6687,1504,2025-08-16,True,False,2025,8,3,Salary Week,Regular Sale
6688,1935,2025-02-05,False,True,2025,2,1,Regular Week,Festival Sale
6689,2807,2025-03-29,True,True,2025,3,1,Salary Week,Festival Sale
6690,2631,2025-08-12,False,False,2025,8,3,Regular Week,Regular Sale
6691,2131,2025-07-31,True,False,2025,7,3,Salary Week,Regular Sale
6692,3358,2025-02-01,True,False,2025,2,1,Salary Week,Regular Sale
6693,538,2025-02-17,True,False,2025,2,1,Salary Week,Regular Sale
6694,62,2025-05-27,False,True,2025,5,2,Regular Week,Festival Sale
6695,4867,2025-11-03,True,True,2025,11,4,Salary Week,Festival Sale
6696,4030,2025-09-07,False,True,2025,9,3,Regular Week,Festival Sale
6697,2428,2025-05-01,False,True,2025,5,2,Regular Week,Festival Sale
6698,3255,2025-02-17,False,False,2025,2,1,Regular Week,Regular Sale
6699,1982,2025-11-13,False,True,2025,11,4,Regular Week,Festival Sale
6700,2838,2026-01-02,False,True,2026,1,1,Regular Week,Festival Sale
6701,1180,2025-09-13,False,False,2025,9,3,Regular Week,Regular Sale
6702,1965,2025-11-05,True,False,2025,11,4,Salary Week,Regular Sale
6703,1797,2025-05-30,True,True,2025,5,2,Salary Week,Festival Sale
6704,573,2025-12-13,False,False,2025,12,4,Regular Week,Regular Sale
6705,4401,2025-04-20,True,True,2025,4,2,Salary Week,Festival Sale
6706,4668,2025-01-24,True,False,2025,1,1,Salary Week,Regular Sale
6707,3732,2025-03-25,False,False,2025,3,1,Regular Week,Regular Sale
6708,3017,2025-06-24,False,False,2025,6,2,Regular Week,Regular Sale
6709,3077,2025-08-27,True,True,2025,8,3,Salary Week,Festival Sale
6710,141,2025-04-14,False,False,2025,4,2,Regular Week,Regular Sale
6711,1163,2025-01-27,False,True,2025,1,1,Regular Week,Festival Sale
6712,4323,2025-11-25,False,False,2025,11,4,Regular Week,Regular Sale
6713,2852,2026-01-06,True,False,2026,1,1,Salary Week,Regular Sale
6714,39,2025-08-08,False,True,2025,8,3,Regular Week,Festival Sale
6715,3648,2025-04-09,True,False,2025,4,2,Salary Week,Regular Sale
6716,739,2026-01-02,False,True,2026,1,1,Regular Week,Festival Sale
6717,4906,2025-11-17,True,False,2025,11,4,Salary Week,Regular Sale
6718,717,2025-09-02,False,True,2025,9,3,Regular Week,Festival Sale
6719,2609,2025-07-22,False,False,2025,7,3,Regular Week,Regular Sale
6720,4156,2025-05-26,True,True,2025,5,2,Salary Week,Festival Sale
6721,1851,2025-08-07,False,False,2025,8,3,Regular Week,Regular Sale
6722,1281,2025-02-01,False,True,2025,2,1,Regular Week,Festival Sale
6723,206,2025-11-25,True,False,2025,11,4,Salary Week,Regular Sale
6724,2263,2025-10-21,True,True,2025,10,4,Salary Week,Festival Sale
6725,404,2025-02-10,False,False,2025,2,1,Regular Week,Regular Sale
6726,1405,2025-03-01,True,False,2025,3,1,Salary Week,Regular Sale
6727,2564,2025-01-21,False,False,2025,1,1,Regular Week,Regular Sale
6728,2459,2025-08-19,True,True,2025,8,3,Salary Week,Festival Sale
6729,1546,2025-11-13,False,False,2025,11,4,Regular Week,Regular Sale
6730,126,2025-07-29,True,False,2025,7,3,Salary Week,Regular Sale
6731,756,2025-07-27,True,True,2025,7,3,Salary Week,Festival Sale
6732,1345,2025-04-19,False,True,2025,4,2,Regular Week,Festival Sale
6733,4340,2025-09-06,True,False,2025,9,3,Salary Week,Regular Sale
6734,4169,2025-06-20,True,False,2025,6,2,Salary Week,Regular Sale
6735,3242,2025-11-14,False,False,2025,11,4,Regular Week,Regular Sale
6736,731,2025-01-28,False,True,2025,1,1,Regular Week,Festival Sale
6737,3174,2025-04-03,False,True,2025,4,2,Regular Week,Festival Sale
6738,1035,2025-12-17,False,False,2025,12,4,Regular Week,Regular Sale
6739,4235,2025-05-20,False,True,2025,5,2,Regular Week,Festival Sale
6740,4106,2025-11-22,True,True,2025,11,4,Salary Week,Festival Sale
6741,4444,2025-11-24,True,False,2025,11,4,Salary Week,Regular Sale
6742,4388,2025-02-05,True,True,2025,2,1,Salary Week,Festival Sale
6743,3266,2025-10-15,True,True,2025,10,4,Salary Week,Festival Sale
6744,2696,2025-08-13,True,False,2025,8,3,Salary Week,Regular Sale
6745,3001,2025-11-29,False,False,2025,11,4,Regular Week,Regular Sale
6746,4452,2025-05-15,False,True,2025,5,2,Regular Week,Festival Sale
6747,4920,2025-12-23,False,True,2025,12,4,Regular Week,Festival Sale
6748,1890,2025-03-04,False,True,2025,3,1,Regular Week,Festival Sale
6749,3738,2025-02-25,False,False,2025,2,1,Regular Week,Regular Sale
6750,1108,2025-03-18,False,True,2025,3,1,Regular Week,Festival Sale
6751,2180,2026-01-04,True,False,2026,1,1,Salary Week,Regular Sale
6752,516,2025-06-06,False,True,2025,6,2,Regular Week,Festival Sale
6753,3281,2025-01-10,True,False,2025,1,1,Salary Week,Regular Sale
6754,2046,2025-01-25,True,False,2025,1,1,Salary Week,Regular Sale
6755,2492,2025-11-15,True,False,2025,11,4,Salary Week,Regular Sale
6756,1040,2025-09-21,False,False,2025,9,3,Regular Week,Regular Sale
6757,4519,2025-07-04,True,True,2025,7,3,Salary Week,Festival Sale
6758,3049,2025-05-09,False,False,2025,5,2,Regular Week,Regular Sale
6759,3145,2025-05-10,True,False,2025,5,2,Salary Week,Regular Sale
6760,659,2025-06-08,True,True,2025,6,2,Salary Week,Festival Sale
6761,2635,2025-05-17,True,True,2025,5,2,Salary Week,Festival Sale
6762,1067,2025-04-14,True,True,2025,4,2,Salary Week,Festival Sale
6763,508,2025-11-07,False,False,2025,11,4,Regular Week,Regular Sale
6764,4168,2025-05-27,False,True,2025,5,2,Regular Week,Festival Sale
6765,3811,2026-01-03,True,True,2026,1,1,Salary Week,Festival Sale
6766,4699,2025-08-18,False,True,2025,8,3,Regular Week,Festival Sale
6767,1766,2025-03-14,True,False,2025,3,1,Salary Week,Regular Sale
6768,4085,2025-12-10,False,True,2025,12,4,Regular Week,Festival Sale
6769,1488,2026-01-06,True,False,2026,1,1,Salary Week,Regular Sale
6770,1780,2025-11-04,False,False,2025,11,4,Regular Week,Regular Sale
6771,2617,2025-06-14,False,True,2025,6,2,Regular Week,Festival Sale
6772,784,2025-06-01,True,True,2025,6,2,Salary Week,Festival Sale
6773,4676,2025-10-27,True,True,2025,10,4,Salary Week,Festival Sale
6774,1732,2025-10-16,True,True,2025,10,4,Salary Week,Festival Sale
6775,4649,2025-07-05,True,True,2025,7,3,Salary Week,Festival Sale
6776,2293,2025-07-19,True,False,2025,7,3,Salary Week,Regular Sale
6777,2592,2025-07-09,False,False,2025,7,3,Regular Week,Regular Sale
6778,2873,2025-09-23,False,False,2025,9,3,Regular Week,Regular Sale
6779,3352,2025-07-17,True,False,2025,7,3,Salary Week,Regular Sale
6780,862,2025-09-26,True,True,2025,9,3,Salary Week,Festival Sale
6781,1583,2025-01-11,True,False,2025,1,1,Salary Week,Regular Sale
6782,4730,2025-03-28,False,True,2025,3,1,Regular Week,Festival Sale
6783,2900,2025-07-17,False,False,2025,7,3,Regular Week,Regular Sale
6784,3241,2025-12-19,False,False,2025,12,4,Regular Week,Regular Sale
6785,2047,2025-11-24,False,True,2025,11,4,Regular Week,Festival Sale
6786,993,2025-10-13,True,False,2025,10,4,Salary Week,Regular Sale
6787,1908,2025-08-03,False,False,2025,8,3,Regular Week,Regular Sale
6788,761,2025-05-02,True,False,2025,5,2,Salary Week,Regular Sale
6789,404,2025-12-01,False,False,2025,12,4,Regular Week,Regular Sale
6790,4711,2025-04-19,True,False,2025,4,2,Salary Week,Regular Sale
6791,4411,2025-12-19,False,True,2025,12,4,Regular Week,Festival Sale
6792,2587,2025-02-27,True,True,2025,2,1,Salary Week,Festival Sale
6793,2259,2025-02-25,False,True,2025,2,1,Regular Week,Festival Sale
6794,1297,2025-10-19,False,False,2025,10,4,Regular Week,Regular Sale
6795,3707,2025-11-28,False,False,2025,11,4,Regular Week,Regular Sale
6796,3428,2025-09-30,True,False,2025,9,3,Salary Week,Regular Sale
6797,3273,2025-03-23,False,True,2025,3,1,Regular Week,Festival Sale
6798,4138,2025-10-22,False,True,2025,10,4,Regular Week,Festival Sale
6799,3915,2025-08-14,True,True,2025,8,3,Salary Week,Festival Sale
6800,395,2025-08-05,True,False,2025,8,3,Salary Week,Regular Sale
6801,231,2025-04-03,False,True,2025,4,2,Regular Week,Festival Sale
6802,1746,2025-12-24,True,False,2025,12,4,Salary Week,Regular Sale
6803,3094,2025-05-10,False,False,2025,5,2,Regular Week,Regular Sale
6804,1419,2025-01-20,True,False,2025,1,1,Salary Week,Regular Sale
6805,2720,2025-10-28,False,False,2025,10,4,Regular Week,Regular Sale
6806,2780,2025-08-02,True,False,2025,8,3,Salary Week,Regular Sale
6807,625,2025-08-29,False,True,2025,8,3,Regular Week,Festival Sale
6808,2242,2025-05-07,True,True,2025,5,2,Salary Week,Festival Sale
6809,3780,2025-02-25,True,False,2025,2,1,Salary Week,Regular Sale
6810,850,2025-10-04,True,False,2025,10,4,Salary Week,Regular Sale
6811,2378,2025-06-10,False,True,2025,6,2,Regular Week,Festival Sale
6812,1506,2025-07-17,False,True,2025,7,3,Regular Week,Festival Sale
6813,4272,2025-05-07,False,True,2025,5,2,Regular Week,Festival Sale
6814,1586,2025-01-16,False,False,2025,1,1,Regular Week,Regular Sale
6815,1195,2025-07-29,False,True,2025,7,3,Regular Week,Festival Sale
6816,1924,2025-09-05,True,True,2025,9,3,Salary Week,Festival Sale
6817,103,2025-09-09,False,True,2025,9,3,Regular Week,Festival Sale
6818,982,2025-08-21,False,False,2025,8,3,Regular Week,Regular Sale
6819,2375,2025-05-11,False,True,2025,5,2,Regular Week,Festival Sale
6820,1926,2025-11-19,True,True,2025,11,4,Salary Week,Festival Sale
6821,1057,2025-09-25,False,True,2025,9,3,Regular Week,Festival Sale
6822,687,2025-01-30,False,True,2025,1,1,Regular Week,Festival Sale
6823,1355,2026-01-06,False,True,2026,1,1,Regular Week,Festival Sale
6824,903,2025-01-31,False,True,2025,1,1,Regular Week,Festival Sale
6825,2402,2025-10-30,False,False,2025,10,4,Regular Week,Regular Sale
6826,1406,2025-06-01,True,True,2025,6,2,Salary Week,Festival Sale
6827,3698,2025-05-13,True,True,2025,5,2,Salary Week,Festival Sale
6828,229,2025-11-23,False,False,2025,11,4,Regular Week,Regular Sale
6829,4738,2025-06-04,True,True,2025,6,2,Salary Week,Festival Sale
6830,1987,2025-12-14,True,True,2025,12,4,Salary Week,Festival Sale
6831,308,2025-04-14,False,True,2025,4,2,Regular Week,Festival Sale
6832,2764,2025-12-24,False,False,2025,12,4,Regular Week,Regular Sale
6833,3331,2025-08-26,False,True,2025,8,3,Regular Week,Festival Sale
6834,1717,2025-09-09,True,False,2025,9,3,Salary Week,Regular Sale
6835,3737,2025-04-01,False,False,2025,4,2,Regular Week,Regular Sale
6836,4194,2025-09-05,True,True,2025,9,3,Salary Week,Festival Sale
6837,2950,2025-01-13,False,False,2025,1,1,Regular Week,Regular Sale
6838,4768,2025-04-28,True,False,2025,4,2,Salary Week,Regular Sale
6839,2212,2025-08-17,False,False,2025,8,3,Regular Week,Regular Sale
6840,4091,2025-08-26,False,False,2025,8,3,Regular Week,Regular Sale
6841,2039,2025-09-18,True,True,2025,9,3,Salary Week,Festival Sale
6842,4914,2025-03-08,True,True,2025,3,1,Salary Week,Festival Sale
6843,2375,2025-10-02,False,True,2025,10,4,Regular Week,Festival Sale
6844,3899,2025-06-14,True,True,2025,6,2,Salary Week,Festival Sale
6845,2765,2025-01-23,True,False,2025,1,1,Salary Week,Regular Sale
6846,2546,2025-07-18,True,False,2025,7,3,Salary Week,Regular Sale
6847,4936,2025-12-12,True,True,2025,12,4,Salary Week,Festival Sale
6848,250,2025-05-22,True,False,2025,5,2,Salary Week,Regular Sale
6849,4480,2025-12-17,False,True,2025,12,4,Regular Week,Festival Sale
6850,1427,2025-06-22,False,False,2025,6,2,Regular Week,Regular Sale
6851,4848,2025-04-04,False,False,2025,4,2,Regular Week,Regular Sale
6852,2252,2025-08-28,False,True,2025,8,3,Regular Week,Festival Sale
6853,1936,2025-03-20,False,False,2025,3,1,Regular Week,Regular Sale
6854,4349,2025-08-26,False,True,2025,8,3,Regular Week,Festival Sale
6855,3961,2025-10-14,False,False,2025,10,4,Regular Week,Regular Sale
6856,54,2025-06-27,False,False,2025,6,2,Regular Week,Regular Sale
6857,234,2025-12-06,False,True,2025,12,4,Regular Week,Festival Sale
6858,4682,2025-05-17,False,False,2025,5,2,Regular Week,Regular Sale
6859,709,2025-03-09,False,True,2025,3,1,Regular Week,Festival Sale
6860,3667,2025-06-29,False,True,2025,6,2,Regular Week,Festival Sale
6861,4550,2025-09-24,False,False,2025,9,3,Regular Week,Regular Sale
6862,4853,2025-04-20,True,False,2025,4,2,Salary Week,Regular Sale
6863,926,2025-12-25,False,True,2025,12,4,Regular Week,Festival Sale
6864,2091,2025-02-23,False,False,2025,2,1,Regular Week,Regular Sale
6865,3628,2025-02-22,True,True,2025,2,1,Salary Week,Festival Sale
6866,3024,2025-05-03,False,False,2025,5,2,Regular Week,Regular Sale
6867,4884,2025-07-22,False,True,2025,7,3,Regular Week,Festival Sale
6868,4481,2025-03-30,False,False,2025,3,1,Regular Week,Regular Sale
6869,1645,2025-11-18,False,True,2025,11,4,Regular Week,Festival Sale
6870,3627,2025-10-23,True,False,2025,10,4,Salary Week,Regular Sale
6871,3586,2025-11-05,False,True,2025,11,4,Regular Week,Festival Sale
6872,2909,2025-09-13,True,False,2025,9,3,Salary Week,Regular Sale
6873,2546,2025-09-12,False,False,2025,9,3,Regular Week,Regular Sale
6874,2783,2025-07-20,False,True,2025,7,3,Regular Week,Festival Sale
6875,1008,2025-08-28,True,True,2025,8,3,Salary Week,Festival Sale
6876,2466,2025-09-13,False,True,2025,9,3,Regular Week,Festival Sale
6877,2509,2025-06-27,True,False,2025,6,2,Salary Week,Regular Sale
6878,4414,2025-10-10,True,True,2025,10,4,Salary Week,Festival Sale
6879,782,2025-10-26,True,False,2025,10,4,Salary Week,Regular Sale
6880,508,2025-07-27,False,False,2025,7,3,Regular Week,Regular Sale
6881,1696,2025-02-08,True,False,2025,2,1,Salary Week,Regular Sale
6882,4388,2025-01-12,True,True,2025,1,1,Salary Week,Festival Sale
6883,2188,2025-02-13,False,True,2025,2,1,Regular Week,Festival Sale
6884,4951,2025-09-25,False,False,2025,9,3,Regular Week,Regular Sale
6885,4649,2025-09-16,True,True,2025,9,3,Salary Week,Festival Sale
6886,170,2025-09-16,False,True,2025,9,3,Regular Week,Festival Sale
6887,3751,2025-01-24,True,False,2025,1,1,Salary Week,Regular Sale
6888,357,2025-01-18,False,False,2025,1,1,Regular Week,Regular Sale
6889,2387,2025-08-22,True,False,2025,8,3,Salary Week,Regular Sale
6890,966,2025-02-21,True,True,2025,2,1,Salary Week,Festival Sale
6891,2433,2025-03-10,True,True,2025,3,1,Salary Week,Festival Sale
6892,351,2025-09-05,False,False,2025,9,3,Regular Week,Regular Sale
6893,717,2025-04-08,False,False,2025,4,2,Regular Week,Regular Sale
6894,1578,2025-09-18,True,False,2025,9,3,Salary Week,Regular Sale
6895,1540,2025-07-31,True,False,2025,7,3,Salary Week,Regular Sale
6896,3712,2025-04-15,True,False,2025,4,2,Salary Week,Regular Sale
6897,3050,2025-11-10,False,True,2025,11,4,Regular Week,Festival Sale
6898,2015,2026-01-05,True,False,2026,1,1,Salary Week,Regular Sale
6899,1434,2025-02-18,True,False,2025,2,1,Salary Week,Regular Sale
6900,387,2025-05-17,True,True,2025,5,2,Salary Week,Festival Sale
6901,3701,2025-01-17,True,True,2025,1,1,Salary Week,Festival Sale
6902,3369,2025-12-07,True,True,2025,12,4,Salary Week,Festival Sale
6903,3401,2025-05-08,True,False,2025,5,2,Salary Week,Regular Sale
6904,811,2025-02-01,True,True,2025,2,1,Salary Week,Festival Sale
6905,3807,2025-11-16,True,False,2025,11,4,Salary Week,Regular Sale
6906,2610,2025-01-26,False,True,2025,1,1,Regular Week,Festival Sale
6907,2907,2025-06-26,True,True,2025,6,2,Salary Week,Festival Sale
6908,3942,2025-10-09,False,False,2025,10,4,Regular Week,Regular Sale
6909,437,2025-07-24,False,False,2025,7,3,Regular Week,Regular Sale
6910,508,2025-02-12,True,True,2025,2,1,Salary Week,Festival Sale
6911,1778,2025-07-25,False,False,2025,7,3,Regular Week,Regular Sale
6912,3671,2025-02-20,False,False,2025,2,1,Regular Week,Regular Sale
6913,1523,2025-12-15,True,False,2025,12,4,Salary Week,Regular Sale
6914,264,2025-11-21,True,False,2025,11,4,Salary Week,Regular Sale
6915,2295,2025-06-29,False,False,2025,6,2,Regular Week,Regular Sale
6916,3291,2025-07-05,True,True,2025,7,3,Salary Week,Festival Sale
6917,4132,2025-03-16,False,False,2025,3,1,Regular Week,Regular Sale
6918,3148,2025-12-08,True,True,2025,12,4,Salary Week,Festival Sale
6919,4171,2025-07-08,False,True,2025,7,3,Regular Week,Festival Sale
6920,2247,2025-07-08,False,False,2025,7,3,Regular Week,Regular Sale
6921,231,2025-04-11,True,False,2025,4,2,Salary Week,Regular Sale
6922,2692,2025-12-09,False,False,2025,12,4,Regular Week,Regular Sale
6923,4553,2025-05-14,True,False,2025,5,2,Salary Week,Regular Sale
6924,2824,2025-11-14,False,True,2025,11,4,Regular Week,Festival Sale
6925,1162,2025-04-28,True,False,2025,4,2,Salary Week,Regular Sale
6926,1920,2025-02-01,False,True,2025,2,1,Regular Week,Festival Sale
6927,366,2025-07-06,True,False,2025,7,3,Salary Week,Regular Sale
6928,2122,2025-07-14,True,False,2025,7,3,Salary Week,Regular Sale
6929,4296,2025-05-10,True,False,2025,5,2,Salary Week,Regular Sale
6930,946,2025-01-16,False,True,2025,1,1,Regular Week,Festival Sale
6931,712,2025-03-29,False,True,2025,3,1,Regular Week,Festival Sale
6932,462,2025-11-12,False,True,2025,11,4,Regular Week,Festival Sale
6933,394,2025-08-30,True,True,2025,8,3,Salary Week,Festival Sale
6934,2228,2025-06-22,False,False,2025,6,2,Regular Week,Regular Sale
6935,3310,2025-02-14,False,False,2025,2,1,Regular Week,Regular Sale
6936,4858,2025-11-18,True,True,2025,11,4,Salary Week,Festival Sale
6937,3620,2025-10-10,True,True,2025,10,4,Salary Week,Festival Sale
6938,797,2025-11-20,False,True,2025,11,4,Regular Week,Festival Sale
6939,4037,2025-04-09,False,False,2025,4,2,Regular Week,Regular Sale
6940,4933,2025-10-07,False,True,2025,10,4,Regular Week,Festival Sale
6941,4376,2025-06-01,True,True,2025,6,2,Salary Week,Festival Sale
6942,3257,2025-06-01,True,True,2025,6,2,Salary Week,Festival Sale
6943,1174,2025-05-12,True,False,2025,5,2,Salary Week,Regular Sale
6944,3800,2025-07-23,False,True,2025,7,3,Regular Week,Festival Sale
6945,4288,2025-09-20,True,False,2025,9,3,Salary Week,Regular Sale
6946,1143,2025-05-06,True,False,2025,5,2,Salary Week,Regular Sale
6947,1890,2025-05-08,False,True,2025,5,2,Regular Week,Festival Sale
6948,1602,2025-06-22,True,False,2025,6,2,Salary Week,Regular Sale
6949,4736,2025-04-10,True,False,2025,4,2,Salary Week,Regular Sale
6950,828,2025-10-16,False,True,2025,10,4,Regular Week,Festival Sale
6951,3565,2025-02-16,True,False,2025,2,1,Salary Week,Regular Sale
6952,628,2025-09-01,False,False,2025,9,3,Regular Week,Regular Sale
6953,189,2025-03-28,True,False,2025,3,1,Salary Week,Regular Sale
6954,3468,2025-04-18,False,True,2025,4,2,Regular Week,Festival Sale
6955,1624,2025-12-19,False,False,2025,12,4,Regular Week,Regular Sale
6956,3700,2025-11-16,False,False,2025,11,4,Regular Week,Regular Sale
6957,1640,2025-03-28,False,False,2025,3,1,Regular Week,Regular Sale
6958,1850,2025-03-11,True,True,2025,3,1,Salary Week,Festival Sale
6959,4723,2025-04-03,True,True,2025,4,2,Salary Week,Festival Sale
6960,798,2025-02-08,False,False,2025,2,1,Regular Week,Regular Sale
6961,665,2025-07-28,False,True,2025,7,3,Regular Week,Festival Sale
6962,2024,2025-01-31,False,False,2025,1,1,Regular Week,Regular Sale
6963,20,2025-06-25,True,True,2025,6,2,Salary Week,Festival Sale
6964,1798,2025-07-14,False,True,2025,7,3,Regular Week,Festival Sale
6965,3328,2025-06-28,True,False,2025,6,2,Salary Week,Regular Sale
6966,311,2025-09-13,True,False,2025,9,3,Salary Week,Regular Sale
6967,767,2025-07-09,True,False,2025,7,3,Salary Week,Regular Sale
6968,2903,2025-11-04,False,True,2025,11,4,Regular Week,Festival Sale
6969,2535,2025-02-02,True,True,2025,2,1,Salary Week,Festival Sale
6970,2933,2025-02-07,True,True,2025,2,1,Salary Week,Festival Sale
6971,2741,2025-04-20,False,True,2025,4,2,Regular Week,Festival Sale
6972,4034,2025-11-11,True,False,2025,11,4,Salary Week,Regular Sale
6973,1147,2025-03-09,True,True,2025,3,1,Salary Week,Festival Sale
6974,2701,2025-08-23,False,True,2025,8,3,Regular Week,Festival Sale
6975,2495,2025-06-17,False,False,2025,6,2,Regular Week,Regular Sale
6976,382,2025-08-01,True,False,2025,8,3,Salary Week,Regular Sale
6977,788,2025-01-11,True,True,2025,1,1,Salary Week,Festival Sale
6978,4062,2025-11-22,True,True,2025,11,4,Salary Week,Festival Sale
6979,3045,2025-11-30,False,False,2025,11,4,Regular Week,Regular Sale
6980,3862,2026-01-03,False,True,2026,1,1,Regular Week,Festival Sale
6981,4714,2025-11-16,True,False,2025,11,4,Salary Week,Regular Sale
6982,1053,2025-05-10,False,False,2025,5,2,Regular Week,Regular Sale
6983,1446,2025-01-22,True,False,2025,1,1,Salary Week,Regular Sale
6984,733,2025-06-08,False,False,2025,6,2,Regular Week,Regular Sale
6985,563,2025-09-04,True,False,2025,9,3,Salary Week,Regular Sale
6986,4847,2025-08-25,True,True,2025,8,3,Salary Week,Festival Sale
6987,2810,2025-09-26,True,False,2025,9,3,Salary Week,Regular Sale
6988,1309,2025-04-03,True,False,2025,4,2,Salary Week,Regular Sale
6989,3461,2025-01-08,False,False,2025,1,1,Regular Week,Regular Sale
6990,2086,2025-11-22,False,True,2025,11,4,Regular Week,Festival Sale
6991,3793,2025-11-11,False,False,2025,11,4,Regular Week,Regular Sale
6992,4736,2025-05-06,False,True,2025,5,2,Regular Week,Festival Sale
6993,2106,2025-03-30,False,True,2025,3,1,Regular Week,Festival Sale
6994,372,2025-12-30,False,False,2025,12,4,Regular Week,Regular Sale
6995,4673,2025-04-21,True,True,2025,4,2,Salary Week,Festival Sale
6996,2740,2025-09-01,False,False,2025,9,3,Regular Week,Regular Sale
6997,1343,2025-07-28,False,True,2025,7,3,Regular Week,Festival Sale
6998,3151,2026-01-03,False,True,2026,1,1,Regular Week,Festival Sale
6999,4453,2025-01-30,False,True,2025,1,1,Regular Week,Festival Sale
7000,2287,2025-01-15,True,True,2025,1,1,Salary Week,Festival Sale
7001,1629,2025-12-02,False,False,2025,12,4,Regular Week,Regular Sale
7002,3484,2025-02-17,True,False,2025,2,1,Salary Week,Regular Sale
7003,4289,2025-11-18,False,False,2025,11,4,Regular Week,Regular Sale
7004,198,2025-10-23,True,True,2025,10,4,Salary Week,Festival Sale
7005,3981,2025-07-30,True,False,2025,7,3,Salary Week,Regular Sale
7006,3000,2025-01-29,False,True,2025,1,1,Regular Week,Festival Sale
7007,1608,2025-05-21,False,True,2025,5,2,Regular Week,Festival Sale
7008,1075,2025-07-03,True,False,2025,7,3,Salary Week,Regular Sale
7009,999,2025-02-27,False,False,2025,2,1,Regular Week,Regular Sale
7010,1269,2025-02-05,True,False,2025,2,1,Salary Week,Regular Sale
7011,4919,2025-12-09,False,False,2025,12,4,Regular Week,Regular Sale
7012,1576,2025-10-24,True,False,2025,10,4,Salary Week,Regular Sale
7013,3598,2025-08-02,False,True,2025,8,3,Regular Week,Festival Sale
7014,2791,2025-06-29,True,True,2025,6,2,Salary Week,Festival Sale
7015,160,2025-11-02,True,False,2025,11,4,Salary Week,Regular Sale
7016,3265,2025-11-01,False,True,2025,11,4,Regular Week,Festival Sale
7017,4411,2025-04-24,True,True,2025,4,2,Salary Week,Festival Sale
7018,1744,2025-01-13,False,True,2025,1,1,Regular Week,Festival Sale
7019,2236,2025-04-07,True,True,2025,4,2,Salary Week,Festival Sale
7020,921,2025-06-24,True,True,2025,6,2,Salary Week,Festival Sale
7021,2363,2025-11-22,True,True,2025,11,4,Salary Week,Festival Sale
7022,399,2025-02-16,True,True,2025,2,1,Salary Week,Festival Sale
7023,4801,2025-02-10,False,False,2025,2,1,Regular Week,Regular Sale
7024,2659,2025-01-21,False,False,2025,1,1,Regular Week,Regular Sale
7025,2539,2025-07-18,False,True,2025,7,3,Regular Week,Festival Sale
7026,2924,2025-12-31,False,True,2025,12,4,Regular Week,Festival Sale
7027,2172,2025-01-22,True,False,2025,1,1,Salary Week,Regular Sale
7028,1897,2025-05-21,False,False,2025,5,2,Regular Week,Regular Sale
7029,1201,2025-07-12,True,True,2025,7,3,Salary Week,Festival Sale
7030,1988,2025-07-11,False,False,2025,7,3,Regular Week,Regular Sale
7031,3687,2025-04-08,True,False,2025,4,2,Salary Week,Regular Sale
7032,2476,2025-09-28,True,True,2025,9,3,Salary Week,Festival Sale
7033,2173,2025-11-16,False,False,2025,11,4,Regular Week,Regular Sale
7034,1323,2025-04-29,False,True,2025,4,2,Regular Week,Festival Sale
7035,374,2025-07-12,True,False,2025,7,3,Salary Week,Regular Sale
7036,4106,2025-07-21,True,False,2025,7,3,Salary Week,Regular Sale
7037,4838,2025-07-22,True,True,2025,7,3,Salary Week,Festival Sale
7038,1984,2025-01-08,True,True,2025,1,1,Salary Week,Festival Sale
7039,445,2025-06-02,True,True,2025,6,2,Salary Week,Festival Sale
7040,3422,2025-06-14,False,True,2025,6,2,Regular Week,Festival Sale
7041,2716,2025-01-26,True,False,2025,1,1,Salary Week,Regular Sale
7042,3858,2025-09-26,False,True,2025,9,3,Regular Week,Festival Sale
7043,1151,2025-05-28,True,True,2025,5,2,Salary Week,Festival Sale
7044,2014,2025-08-26,False,True,2025,8,3,Regular Week,Festival Sale
7045,365,2025-03-10,False,True,2025,3,1,Regular Week,Festival Sale
7046,4907,2025-08-09,True,True,2025,8,3,Salary Week,Festival Sale
7047,2701,2025-09-26,False,False,2025,9,3,Regular Week,Regular Sale
7048,4223,2025-10-04,False,True,2025,10,4,Regular Week,Festival Sale
7049,3465,2025-09-02,False,True,2025,9,3,Regular Week,Festival Sale
7050,1907,2025-03-04,True,False,2025,3,1,Salary Week,Regular Sale
7051,71,2025-08-17,True,True,2025,8,3,Salary Week,Festival Sale
7052,325,2025-07-22,True,True,2025,7,3,Salary Week,Festival Sale
7053,863,2025-03-03,False,True,2025,3,1,Regular Week,Festival Sale
7054,4477,2025-12-15,False,True,2025,12,4,Regular Week,Festival Sale
7055,1160,2025-12-18,True,False,2025,12,4,Salary Week,Regular Sale
7056,1130,2025-07-08,True,True,2025,7,3,Salary Week,Festival Sale
7057,3754,2025-05-03,True,False,2025,5,2,Salary Week,Regular Sale
7058,2456,2025-11-22,True,False,2025,11,4,Salary Week,Regular Sale
7059,2899,2025-12-11,False,False,2025,12,4,Regular Week,Regular Sale
7060,3828,2025-04-27,True,False,2025,4,2,Salary Week,Regular Sale
7061,389,2025-02-14,True,True,2025,2,1,Salary Week,Festival Sale
7062,3885,2025-10-10,False,True,2025,10,4,Regular Week,Festival Sale
7063,4023,2025-07-15,False,False,2025,7,3,Regular Week,Regular Sale
7064,3111,2025-04-23,False,False,2025,4,2,Regular Week,Regular Sale
7065,177,2025-12-04,False,True,2025,12,4,Regular Week,Festival Sale
7066,4638,2025-11-28,False,False,2025,11,4,Regular Week,Regular Sale
7067,4043,2025-04-20,True,False,2025,4,2,Salary Week,Regular Sale
7068,3585,2025-06-28,False,True,2025,6,2,Regular Week,Festival Sale
7069,4051,2025-08-16,False,False,2025,8,3,Regular Week,Regular Sale
7070,3109,2025-02-07,True,False,2025,2,1,Salary Week,Regular Sale
7071,2317,2025-01-12,True,True,2025,1,1,Salary Week,Festival Sale
7072,54,2025-01-09,False,True,2025,1,1,Regular Week,Festival Sale
7073,875,2025-04-06,False,True,2025,4,2,Regular Week,Festival Sale
7074,4085,2026-01-03,True,False,2026,1,1,Salary Week,Regular Sale
7075,3793,2025-12-28,True,True,2025,12,4,Salary Week,Festival Sale
7076,3877,2025-03-24,True,False,2025,3,1,Salary Week,Regular Sale
7077,3302,2025-11-05,False,True,2025,11,4,Regular Week,Festival Sale
7078,4063,2025-01-10,False,False,2025,1,1,Regular Week,Regular Sale
7079,4925,2025-10-28,False,True,2025,10,4,Regular Week,Festival Sale
7080,2435,2025-11-24,True,True,2025,11,4,Salary Week,Festival Sale
7081,2448,2025-07-02,False,False,2025,7,3,Regular Week,Regular Sale
7082,2722,2025-02-22,False,True,2025,2,1,Regular Week,Festival Sale
7083,4773,2025-05-10,True,True,2025,5,2,Salary Week,Festival Sale
7084,3545,2025-09-28,False,True,2025,9,3,Regular Week,Festival Sale
7085,2048,2025-11-28,False,False,2025,11,4,Regular Week,Regular Sale
7086,4224,2025-01-27,False,True,2025,1,1,Regular Week,Festival Sale
7087,463,2025-07-26,True,False,2025,7,3,Salary Week,Regular Sale
7088,3897,2025-10-28,False,True,2025,10,4,Regular Week,Festival Sale
7089,2636,2025-04-10,False,False,2025,4,2,Regular Week,Regular Sale
7090,2031,2025-02-23,True,False,2025,2,1,Salary Week,Regular Sale
7091,2268,2026-01-05,True,True,2026,1,1,Salary Week,Festival Sale
7092,2182,2025-04-17,True,True,2025,4,2,Salary Week,Festival Sale
7093,399,2025-07-09,True,False,2025,7,3,Salary Week,Regular Sale
7094,4903,2025-10-31,False,True,2025,10,4,Regular Week,Festival Sale
7095,75,2025-11-21,False,False,2025,11,4,Regular Week,Regular Sale
7096,610,2025-10-31,False,True,2025,10,4,Regular Week,Festival Sale
7097,336,2025-11-29,False,True,2025,11,4,Regular Week,Festival Sale
7098,3905,2025-02-14,True,True,2025,2,1,Salary Week,Festival Sale
7099,1599,2025-06-13,True,True,2025,6,2,Salary Week,Festival Sale
7100,144,2025-07-20,True,False,2025,7,3,Salary Week,Regular Sale
7101,4445,2025-10-23,False,True,2025,10,4,Regular Week,Festival Sale
7102,2935,2025-04-06,False,True,2025,4,2,Regular Week,Festival Sale
7103,766,2025-02-10,True,False,2025,2,1,Salary Week,Regular Sale
7104,3411,2025-08-20,True,False,2025,8,3,Salary Week,Regular Sale
7105,3048,2025-02-18,False,False,2025,2,1,Regular Week,Regular Sale
7106,4956,2025-08-17,False,False,2025,8,3,Regular Week,Regular Sale
7107,1336,2025-07-23,False,True,2025,7,3,Regular Week,Festival Sale
7108,237,2025-09-29,True,False,2025,9,3,Salary Week,Regular Sale
7109,2347,2025-01-13,False,True,2025,1,1,Regular Week,Festival Sale
7110,3148,2025-01-18,False,False,2025,1,1,Regular Week,Regular Sale
7111,1897,2025-08-02,True,False,2025,8,3,Salary Week,Regular Sale
7112,202,2025-11-16,True,False,2025,11,4,Salary Week,Regular Sale
7113,3421,2025-11-02,True,True,2025,11,4,Salary Week,Festival Sale
7114,2927,2025-04-04,True,True,2025,4,2,Salary Week,Festival Sale
7115,4556,2025-05-29,False,False,2025,5,2,Regular Week,Regular Sale
7116,1148,2025-12-23,False,False,2025,12,4,Regular Week,Regular Sale
7117,2956,2025-10-08,False,True,2025,10,4,Regular Week,Festival Sale
7118,1097,2025-10-10,True,False,2025,10,4,Salary Week,Regular Sale
7119,3065,2025-05-13,True,False,2025,5,2,Salary Week,Regular Sale
7120,571,2025-02-09,True,False,2025,2,1,Salary Week,Regular Sale
7121,1945,2025-08-05,True,False,2025,8,3,Salary Week,Regular Sale
7122,516,2025-11-21,False,False,2025,11,4,Regular Week,Regular Sale
7123,3345,2025-09-18,True,True,2025,9,3,Salary Week,Festival Sale
7124,2691,2025-06-15,True,True,2025,6,2,Salary Week,Festival Sale
7125,4220,2025-08-02,True,False,2025,8,3,Salary Week,Regular Sale
7126,3357,2025-11-08,True,True,2025,11,4,Salary Week,Festival Sale
7127,2696,2025-01-07,False,True,2025,1,1,Regular Week,Festival Sale
7128,656,2025-04-17,True,True,2025,4,2,Salary Week,Festival Sale
7129,1505,2025-04-07,False,True,2025,4,2,Regular Week,Festival Sale
7130,539,2025-08-17,True,False,2025,8,3,Salary Week,Regular Sale
7131,1916,2025-09-27,False,False,2025,9,3,Regular Week,Regular Sale
7132,1928,2025-05-14,True,False,2025,5,2,Salary Week,Regular Sale
7133,2975,2025-03-11,False,True,2025,3,1,Regular Week,Festival Sale
7134,2859,2025-09-20,False,False,2025,9,3,Regular Week,Regular Sale
7135,448,2025-04-03,False,True,2025,4,2,Regular Week,Festival Sale
7136,3420,2026-01-06,True,True,2026,1,1,Salary Week,Festival Sale
7137,3407,2025-11-10,True,False,2025,11,4,Salary Week,Regular Sale
7138,4743,2025-06-24,True,True,2025,6,2,Salary Week,Festival Sale
7139,4652,2025-02-28,False,False,2025,2,1,Regular Week,Regular Sale
7140,4182,2025-03-28,True,False,2025,3,1,Salary Week,Regular Sale
7141,3165,2025-04-10,True,True,2025,4,2,Salary Week,Festival Sale
7142,1776,2025-04-17,False,False,2025,4,2,Regular Week,Regular Sale
7143,2917,2025-03-06,False,True,2025,3,1,Regular Week,Festival Sale
7144,4519,2025-09-30,False,False,2025,9,3,Regular Week,Regular Sale
7145,2476,2025-10-29,False,False,2025,10,4,Regular Week,Regular Sale
7146,4036,2025-11-22,True,False,2025,11,4,Salary Week,Regular Sale
7147,3085,2025-05-26,True,False,2025,5,2,Salary Week,Regular Sale
7148,2737,2025-10-24,False,False,2025,10,4,Regular Week,Regular Sale
7149,3177,2025-12-03,False,False,2025,12,4,Regular Week,Regular Sale
7150,845,2025-12-03,False,True,2025,12,4,Regular Week,Festival Sale
7151,2081,2025-02-13,False,True,2025,2,1,Regular Week,Festival Sale
7152,2712,2025-04-10,True,False,2025,4,2,Salary Week,Regular Sale
7153,4245,2025-03-07,True,True,2025,3,1,Salary Week,Festival Sale
7154,3867,2025-09-08,True,False,2025,9,3,Salary Week,Regular Sale
7155,3328,2025-09-10,False,True,2025,9,3,Regular Week,Festival Sale
7156,3458,2025-08-21,False,False,2025,8,3,Regular Week,Regular Sale
7157,4386,2025-04-14,True,True,2025,4,2,Salary Week,Festival Sale
7158,1658,2025-06-19,True,False,2025,6,2,Salary Week,Regular Sale
7159,998,2025-10-11,True,True,2025,10,4,Salary Week,Festival Sale
7160,2152,2025-01-07,True,False,2025,1,1,Salary Week,Regular Sale
7161,138,2025-06-20,True,True,2025,6,2,Salary Week,Festival Sale
7162,4621,2025-10-14,False,False,2025,10,4,Regular Week,Regular Sale
7163,2525,2025-02-20,False,False,2025,2,1,Regular Week,Regular Sale
7164,1472,2025-10-15,True,False,2025,10,4,Salary Week,Regular Sale
7165,420,2025-12-12,True,False,2025,12,4,Salary Week,Regular Sale
7166,911,2025-09-06,False,True,2025,9,3,Regular Week,Festival Sale
7167,3453,2025-07-22,False,True,2025,7,3,Regular Week,Festival Sale
7168,3778,2025-08-19,True,True,2025,8,3,Salary Week,Festival Sale
7169,3985,2025-05-12,False,False,2025,5,2,Regular Week,Regular Sale
7170,769,2025-10-25,True,False,2025,10,4,Salary Week,Regular Sale
7171,1142,2025-11-30,True,False,2025,11,4,Salary Week,Regular Sale
7172,4300,2025-06-17,False,True,2025,6,2,Regular Week,Festival Sale
7173,2227,2025-01-31,True,False,2025,1,1,Salary Week,Regular Sale
7174,1980,2025-10-29,True,False,2025,10,4,Salary Week,Regular Sale
7175,2535,2025-04-12,False,True,2025,4,2,Regular Week,Festival Sale
7176,4048,2025-09-24,True,False,2025,9,3,Salary Week,Regular Sale
7177,4605,2025-08-21,False,True,2025,8,3,Regular Week,Festival Sale
7178,4394,2025-05-29,False,False,2025,5,2,Regular Week,Regular Sale
7179,921,2025-03-27,True,True,2025,3,1,Salary Week,Festival Sale
7180,3095,2025-06-29,False,True,2025,6,2,Regular Week,Festival Sale
7181,3602,2025-07-01,True,True,2025,7,3,Salary Week,Festival Sale
7182,2789,2025-01-09,False,False,2025,1,1,Regular Week,Regular Sale
7183,159,2025-10-29,False,True,2025,10,4,Regular Week,Festival Sale
7184,1617,2025-08-02,True,False,2025,8,3,Salary Week,Regular Sale
7185,610,2025-03-05,False,True,2025,3,1,Regular Week,Festival Sale
7186,3664,2025-06-09,False,True,2025,6,2,Regular Week,Festival Sale
7187,3285,2025-07-04,True,False,2025,7,3,Salary Week,Regular Sale
7188,2094,2025-05-30,False,True,2025,5,2,Regular Week,Festival Sale
7189,1753,2025-10-18,True,False,2025,10,4,Salary Week,Regular Sale
7190,2202,2025-09-06,True,True,2025,9,3,Salary Week,Festival Sale
7191,1857,2025-11-28,False,True,2025,11,4,Regular Week,Festival Sale
7192,234,2025-02-21,False,True,2025,2,1,Regular Week,Festival Sale
7193,1522,2025-11-07,False,False,2025,11,4,Regular Week,Regular Sale
7194,4863,2025-02-03,True,True,2025,2,1,Salary Week,Festival Sale
7195,4052,2025-06-25,True,True,2025,6,2,Salary Week,Festival Sale
7196,3650,2025-12-10,True,False,2025,12,4,Salary Week,Regular Sale
7197,1059,2025-03-05,True,False,2025,3,1,Salary Week,Regular Sale
7198,310,2025-05-06,False,True,2025,5,2,Regular Week,Festival Sale
7199,4855,2025-05-24,True,True,2025,5,2,Salary Week,Festival Sale
7200,370,2025-07-14,True,True,2025,7,3,Salary Week,Festival Sale
7201,1365,2025-02-09,False,False,2025,2,1,Regular Week,Regular Sale
7202,3084,2025-03-14,True,True,2025,3,1,Salary Week,Festival Sale
7203,3784,2025-09-16,True,True,2025,9,3,Salary Week,Festival Sale
7204,1978,2025-03-01,False,False,2025,3,1,Regular Week,Regular Sale
7205,820,2025-10-26,True,True,2025,10,4,Salary Week,Festival Sale
7206,2543,2025-03-06,False,False,2025,3,1,Regular Week,Regular Sale
7207,4565,2025-11-09,False,True,2025,11,4,Regular Week,Festival Sale
7208,1620,2025-09-27,True,True,2025,9,3,Salary Week,Festival Sale
7209,1534,2025-01-15,True,False,2025,1,1,Salary Week,Regular Sale
7210,806,2025-06-26,True,False,2025,6,2,Salary Week,Regular Sale
7211,4871,2025-03-29,False,False,2025,3,1,Regular Week,Regular Sale
7212,4949,2025-10-06,False,True,2025,10,4,Regular Week,Festival Sale
7213,2182,2026-01-04,True,True,2026,1,1,Salary Week,Festival Sale
7214,1054,2025-03-07,False,False,2025,3,1,Regular Week,Regular Sale
7215,294,2025-12-28,False,True,2025,12,4,Regular Week,Festival Sale
7216,801,2025-04-13,False,True,2025,4,2,Regular Week,Festival Sale
7217,624,2025-10-10,True,True,2025,10,4,Salary Week,Festival Sale
7218,1979,2025-03-28,True,False,2025,3,1,Salary Week,Regular Sale
7219,1711,2025-07-11,True,True,2025,7,3,Salary Week,Festival Sale
7220,2868,2025-11-19,True,False,2025,11,4,Salary Week,Regular Sale
7221,1925,2025-05-22,False,False,2025,5,2,Regular Week,Regular Sale
7222,1391,2025-12-20,True,False,2025,12,4,Salary Week,Regular Sale
7223,1111,2025-07-21,False,True,2025,7,3,Regular Week,Festival Sale
7224,1863,2025-01-26,True,True,2025,1,1,Salary Week,Festival Sale
7225,3040,2025-02-27,False,False,2025,2,1,Regular Week,Regular Sale
7226,3399,2025-03-12,False,True,2025,3,1,Regular Week,Festival Sale
7227,1301,2025-09-14,True,False,2025,9,3,Salary Week,Regular Sale
7228,1374,2025-12-05,False,True,2025,12,4,Regular Week,Festival Sale
7229,1888,2025-02-01,False,True,2025,2,1,Regular Week,Festival Sale
7230,4082,2025-06-03,False,True,2025,6,2,Regular Week,Festival Sale
7231,3330,2025-01-24,True,False,2025,1,1,Salary Week,Regular Sale
7232,4236,2025-09-09,True,False,2025,9,3,Salary Week,Regular Sale
7233,3504,2025-06-06,True,False,2025,6,2,Salary Week,Regular Sale
7234,4377,2025-05-27,False,True,2025,5,2,Regular Week,Festival Sale
7235,1906,2025-09-18,True,False,2025,9,3,Salary Week,Regular Sale
7236,3132,2025-05-18,True,True,2025,5,2,Salary Week,Festival Sale
7237,3554,2025-12-30,False,True,2025,12,4,Regular Week,Festival Sale
7238,4953,2025-01-11,True,False,2025,1,1,Salary Week,Regular Sale
7239,3752,2025-05-02,False,False,2025,5,2,Regular Week,Regular Sale
7240,2770,2025-05-15,False,True,2025,5,2,Regular Week,Festival Sale
7241,3815,2025-09-07,False,True,2025,9,3,Regular Week,Festival Sale
7242,483,2025-06-01,False,True,2025,6,2,Regular Week,Festival Sale
7243,3190,2025-10-06,True,False,2025,10,4,Salary Week,Regular Sale
7244,420,2025-05-12,True,False,2025,5,2,Salary Week,Regular Sale
7245,3107,2025-05-07,True,False,2025,5,2,Salary Week,Regular Sale
7246,4139,2025-08-02,False,True,2025,8,3,Regular Week,Festival Sale
7247,4689,2025-03-20,True,False,2025,3,1,Salary Week,Regular Sale
7248,4882,2025-06-14,False,False,2025,6,2,Regular Week,Regular Sale
7249,2197,2026-01-04,False,False,2026,1,1,Regular Week,Regular Sale
7250,3309,2025-04-17,False,True,2025,4,2,Regular Week,Festival Sale
7251,415,2025-11-18,True,True,2025,11,4,Salary Week,Festival Sale
7252,1337,2025-10-08,False,True,2025,10,4,Regular Week,Festival Sale
7253,429,2025-06-11,False,True,2025,6,2,Regular Week,Festival Sale
7254,929,2025-05-11,True,False,2025,5,2,Salary Week,Regular Sale
7255,4940,2025-02-09,True,False,2025,2,1,Salary Week,Regular Sale
7256,3733,2025-08-02,True,False,2025,8,3,Salary Week,Regular Sale
7257,3780,2025-06-07,True,True,2025,6,2,Salary Week,Festival Sale
7258,1886,2025-02-10,False,True,2025,2,1,Regular Week,Festival Sale
7259,2314,2025-07-30,False,False,2025,7,3,Regular Week,Regular Sale
7260,2656,2025-04-12,True,False,2025,4,2,Salary Week,Regular Sale
7261,2249,2025-04-13,False,False,2025,4,2,Regular Week,Regular Sale
7262,1595,2025-05-26,True,False,2025,5,2,Salary Week,Regular Sale
7263,214,2025-03-25,False,False,2025,3,1,Regular Week,Regular Sale
7264,3908,2025-02-12,True,True,2025,2,1,Salary Week,Festival Sale
7265,3993,2025-04-06,True,True,2025,4,2,Salary Week,Festival Sale
7266,3284,2025-05-28,True,True,2025,5,2,Salary Week,Festival Sale
7267,2493,2025-10-16,True,False,2025,10,4,Salary Week,Regular Sale
7268,856,2025-12-13,False,False,2025,12,4,Regular Week,Regular Sale
7269,2240,2025-02-15,False,False,2025,2,1,Regular Week,Regular Sale
7270,2566,2025-12-01,False,False,2025,12,4,Regular Week,Regular Sale
7271,1806,2025-05-01,True,True,2025,5,2,Salary Week,Festival Sale
7272,3798,2025-09-22,True,True,2025,9,3,Salary Week,Festival Sale
7273,1828,2025-03-15,False,False,2025,3,1,Regular Week,Regular Sale
7274,4544,2025-03-29,True,False,2025,3,1,Salary Week,Regular Sale
7275,1817,2025-11-28,True,False,2025,11,4,Salary Week,Regular Sale
7276,1505,2025-06-27,False,True,2025,6,2,Regular Week,Festival Sale
7277,2762,2025-08-20,False,True,2025,8,3,Regular Week,Festival Sale
7278,1431,2025-04-10,False,True,2025,4,2,Regular Week,Festival Sale
7279,3240,2025-09-06,False,False,2025,9,3,Regular Week,Regular Sale
7280,2290,2025-12-13,True,True,2025,12,4,Salary Week,Festival Sale
7281,2303,2025-01-29,True,True,2025,1,1,Salary Week,Festival Sale
7282,3865,2025-09-29,False,False,2025,9,3,Regular Week,Regular Sale
7283,4889,2025-11-23,True,True,2025,11,4,Salary Week,Festival Sale
7284,4022,2025-03-17,False,False,2025,3,1,Regular Week,Regular Sale
7285,574,2025-12-17,True,True,2025,12,4,Salary Week,Festival Sale
7286,4839,2025-03-15,False,True,2025,3,1,Regular Week,Festival Sale
7287,1784,2025-06-22,True,False,2025,6,2,Salary Week,Regular Sale
7288,4733,2025-01-19,False,True,2025,1,1,Regular Week,Festival Sale
7289,4730,2025-06-21,False,True,2025,6,2,Regular Week,Festival Sale
7290,1410,2025-12-16,True,False,2025,12,4,Salary Week,Regular Sale
7291,1798,2025-01-25,True,True,2025,1,1,Salary Week,Festival Sale
7292,2777,2025-12-01,False,False,2025,12,4,Regular Week,Regular Sale
7293,4772,2025-04-24,False,True,2025,4,2,Regular Week,Festival Sale
7294,3615,2025-09-18,True,True,2025,9,3,Salary Week,Festival Sale
7295,873,2025-11-28,True,False,2025,11,4,Salary Week,Regular Sale
7296,2187,2025-07-08,False,True,2025,7,3,Regular Week,Festival Sale
7297,2620,2025-12-01,True,True,2025,12,4,Salary Week,Festival Sale
7298,3799,2025-10-01,False,False,2025,10,4,Regular Week,Regular Sale
7299,2399,2025-09-03,True,True,2025,9,3,Salary Week,Festival Sale
7300,382,2025-05-20,False,False,2025,5,2,Regular Week,Regular Sale
7301,4982,2025-07-13,False,False,2025,7,3,Regular Week,Regular Sale
7302,2949,2025-02-05,True,False,2025,2,1,Salary Week,Regular Sale
7303,3816,2025-10-09,True,False,2025,10,4,Salary Week,Regular Sale
7304,3830,2025-11-30,True,False,2025,11,4,Salary Week,Regular Sale
7305,4827,2025-05-05,False,False,2025,5,2,Regular Week,Regular Sale
7306,2010,2025-04-17,False,False,2025,4,2,Regular Week,Regular Sale
7307,172,2025-06-18,False,True,2025,6,2,Regular Week,Festival Sale
7308,2594,2025-11-15,False,True,2025,11,4,Regular Week,Festival Sale
7309,2472,2025-01-06,True,False,2025,1,1,Salary Week,Regular Sale
7310,4684,2025-08-03,True,True,2025,8,3,Salary Week,Festival Sale
7311,4621,2025-09-22,False,False,2025,9,3,Regular Week,Regular Sale
7312,3464,2025-07-08,True,True,2025,7,3,Salary Week,Festival Sale
7313,2623,2025-06-28,True,False,2025,6,2,Salary Week,Regular Sale
7314,604,2025-04-04,False,False,2025,4,2,Regular Week,Regular Sale
7315,1370,2025-06-01,False,False,2025,6,2,Regular Week,Regular Sale
7316,1851,2025-08-05,True,False,2025,8,3,Salary Week,Regular Sale
7317,3682,2025-01-20,True,False,2025,1,1,Salary Week,Regular Sale
7318,447,2025-03-10,True,False,2025,3,1,Salary Week,Regular Sale
7319,1357,2025-10-19,False,False,2025,10,4,Regular Week,Regular Sale
7320,2082,2025-12-17,False,False,2025,12,4,Regular Week,Regular Sale
7321,168,2025-12-13,False,True,2025,12,4,Regular Week,Festival Sale
7322,1691,2025-08-20,True,False,2025,8,3,Salary Week,Regular Sale
7323,845,2025-03-17,True,False,2025,3,1,Salary Week,Regular Sale
7324,584,2025-05-08,True,True,2025,5,2,Salary Week,Festival Sale
7325,1717,2025-03-03,True,True,2025,3,1,Salary Week,Festival Sale
7326,3985,2025-06-18,False,True,2025,6,2,Regular Week,Festival Sale
7327,1076,2025-03-17,True,False,2025,3,1,Salary Week,Regular Sale
7328,1777,2025-04-11,True,False,2025,4,2,Salary Week,Regular Sale
7329,2992,2025-11-03,True,True,2025,11,4,Salary Week,Festival Sale
7330,3116,2025-01-10,False,False,2025,1,1,Regular Week,Regular Sale
7331,209,2025-01-24,True,True,2025,1,1,Salary Week,Festival Sale
7332,4965,2025-05-28,True,False,2025,5,2,Salary Week,Regular Sale
7333,2302,2025-11-14,False,True,2025,11,4,Regular Week,Festival Sale
7334,3442,2025-03-21,True,False,2025,3,1,Salary Week,Regular Sale
7335,430,2025-01-10,True,True,2025,1,1,Salary Week,Festival Sale
7336,3150,2025-07-02,False,False,2025,7,3,Regular Week,Regular Sale
7337,976,2025-12-17,True,True,2025,12,4,Salary Week,Festival Sale
7338,2209,2025-04-28,True,False,2025,4,2,Salary Week,Regular Sale
7339,886,2025-10-18,False,True,2025,10,4,Regular Week,Festival Sale
7340,3890,2025-02-20,False,False,2025,2,1,Regular Week,Regular Sale
7341,4501,2025-02-16,True,False,2025,2,1,Salary Week,Regular Sale
7342,4046,2025-06-12,False,False,2025,6,2,Regular Week,Regular Sale
7343,94,2025-03-12,True,False,2025,3,1,Salary Week,Regular Sale
7344,3073,2026-01-01,False,True,2026,1,1,Regular Week,Festival Sale
7345,1988,2025-06-12,False,False,2025,6,2,Regular Week,Regular Sale
7346,1471,2025-07-21,False,False,2025,7,3,Regular Week,Regular Sale
7347,670,2025-12-06,True,False,2025,12,4,Salary Week,Regular Sale
7348,528,2025-12-14,False,False,2025,12,4,Regular Week,Regular Sale
7349,2234,2025-02-03,False,False,2025,2,1,Regular Week,Regular Sale
7350,2201,2025-01-25,True,True,2025,1,1,Salary Week,Festival Sale
7351,2592,2025-10-11,True,True,2025,10,4,Salary Week,Festival Sale
7352,1593,2025-05-07,True,False,2025,5,2,Salary Week,Regular Sale
7353,4512,2025-10-19,True,True,2025,10,4,Salary Week,Festival Sale
7354,3426,2025-07-12,True,False,2025,7,3,Salary Week,Regular Sale
7355,1108,2025-11-26,True,True,2025,11,4,Salary Week,Festival Sale
7356,1041,2025-07-17,True,True,2025,7,3,Salary Week,Festival Sale
7357,838,2025-03-09,False,True,2025,3,1,Regular Week,Festival Sale
7358,361,2025-04-03,True,False,2025,4,2,Salary Week,Regular Sale
7359,3832,2025-06-06,True,False,2025,6,2,Salary Week,Regular Sale
7360,1511,2025-12-11,False,True,2025,12,4,Regular Week,Festival Sale
7361,686,2025-12-08,True,False,2025,12,4,Salary Week,Regular Sale
7362,2557,2025-02-22,False,True,2025,2,1,Regular Week,Festival Sale
7363,2551,2025-03-04,True,True,2025,3,1,Salary Week,Festival Sale
7364,2044,2025-05-26,False,False,2025,5,2,Regular Week,Regular Sale
7365,4965,2025-12-13,True,True,2025,12,4,Salary Week,Festival Sale
7366,867,2025-11-09,False,False,2025,11,4,Regular Week,Regular Sale
7367,3704,2025-06-20,False,True,2025,6,2,Regular Week,Festival Sale
7368,3435,2025-04-27,False,True,2025,4,2,Regular Week,Festival Sale
7369,2303,2025-06-03,False,True,2025,6,2,Regular Week,Festival Sale
7370,3843,2026-01-05,True,True,2026,1,1,Salary Week,Festival Sale
7371,746,2025-08-29,False,False,2025,8,3,Regular Week,Regular Sale
7372,69,2025-12-22,False,False,2025,12,4,Regular Week,Regular Sale
7373,3368,2025-02-22,False,True,2025,2,1,Regular Week,Festival Sale
7374,2145,2025-02-09,True,True,2025,2,1,Salary Week,Festival Sale
7375,2287,2025-08-25,False,True,2025,8,3,Regular Week,Festival Sale
7376,1265,2025-02-22,False,False,2025,2,1,Regular Week,Regular Sale
7377,2592,2025-09-13,True,True,2025,9,3,Salary Week,Festival Sale
7378,3872,2025-12-30,False,False,2025,12,4,Regular Week,Regular Sale
7379,3225,2025-12-19,True,False,2025,12,4,Salary Week,Regular Sale
7380,1982,2025-06-06,True,True,2025,6,2,Salary Week,Festival Sale
7381,562,2025-06-12,False,True,2025,6,2,Regular Week,Festival Sale
7382,1455,2025-05-03,False,True,2025,5,2,Regular Week,Festival Sale
7383,3999,2025-11-12,True,True,2025,11,4,Salary Week,Festival Sale
7384,1956,2025-04-07,True,True,2025,4,2,Salary Week,Festival Sale
7385,3825,2025-04-02,False,False,2025,4,2,Regular Week,Regular Sale
7386,1248,2025-09-12,True,True,2025,9,3,Salary Week,Festival Sale
7387,4747,2025-01-07,False,False,2025,1,1,Regular Week,Regular Sale
7388,1122,2025-04-08,False,True,2025,4,2,Regular Week,Festival Sale
7389,1658,2025-04-19,True,False,2025,4,2,Salary Week,Regular Sale
7390,2475,2025-04-29,False,False,2025,4,2,Regular Week,Regular Sale
7391,2055,2025-06-16,False,True,2025,6,2,Regular Week,Festival Sale
7392,3571,2025-08-29,True,True,2025,8,3,Salary Week,Festival Sale
7393,4960,2025-01-16,False,False,2025,1,1,Regular Week,Regular Sale
7394,3240,2025-04-19,False,True,2025,4,2,Regular Week,Festival Sale
7395,4734,2025-08-22,True,False,2025,8,3,Salary Week,Regular Sale
7396,4051,2025-05-29,False,False,2025,5,2,Regular Week,Regular Sale
7397,75,2025-02-26,True,True,2025,2,1,Salary Week,Festival Sale
7398,2329,2025-03-14,False,True,2025,3,1,Regular Week,Festival Sale
7399,4691,2025-06-28,True,True,2025,6,2,Salary Week,Festival Sale
7400,2822,2025-11-15,True,False,2025,11,4,Salary Week,Regular Sale
7401,2362,2025-02-07,True,True,2025,2,1,Salary Week,Festival Sale
7402,2235,2025-07-14,True,True,2025,7,3,Salary Week,Festival Sale
7403,2827,2025-02-17,True,True,2025,2,1,Salary Week,Festival Sale
7404,4414,2025-12-15,True,False,2025,12,4,Salary Week,Regular Sale
7405,3184,2025-12-03,False,False,2025,12,4,Regular Week,Regular Sale
7406,1705,2025-11-29,True,False,2025,11,4,Salary Week,Regular Sale
7407,2605,2025-12-08,True,False,2025,12,4,Salary Week,Regular Sale
7408,2553,2025-11-16,True,True,2025,11,4,Salary Week,Festival Sale
7409,3609,2025-09-26,True,False,2025,9,3,Salary Week,Regular Sale
7410,4776,2025-11-30,True,True,2025,11,4,Salary Week,Festival Sale
7411,113,2025-05-29,True,True,2025,5,2,Salary Week,Festival Sale
7412,3651,2025-11-08,False,False,2025,11,4,Regular Week,Regular Sale
7413,2581,2025-07-29,False,True,2025,7,3,Regular Week,Festival Sale
7414,2973,2025-10-01,True,True,2025,10,4,Salary Week,Festival Sale
7415,1784,2025-09-04,False,True,2025,9,3,Regular Week,Festival Sale
7416,2547,2025-02-02,True,False,2025,2,1,Salary Week,Regular Sale
7417,1493,2025-07-26,True,True,2025,7,3,Salary Week,Festival Sale
7418,3383,2025-05-01,False,True,2025,5,2,Regular Week,Festival Sale
7419,1264,2025-08-31,True,False,2025,8,3,Salary Week,Regular Sale
7420,4167,2025-02-21,True,False,2025,2,1,Salary Week,Regular Sale
7421,3634,2025-11-05,True,False,2025,11,4,Salary Week,Regular Sale
7422,4256,2025-07-07,False,False,2025,7,3,Regular Week,Regular Sale
7423,4310,2025-06-05,True,False,2025,6,2,Salary Week,Regular Sale
7424,336,2025-10-27,False,True,2025,10,4,Regular Week,Festival Sale
7425,2730,2025-01-16,True,True,2025,1,1,Salary Week,Festival Sale
7426,2937,2025-08-12,True,True,2025,8,3,Salary Week,Festival Sale
7427,3081,2025-06-15,True,True,2025,6,2,Salary Week,Festival Sale
7428,392,2026-01-02,True,True,2026,1,1,Salary Week,Festival Sale
7429,2611,2025-02-01,False,False,2025,2,1,Regular Week,Regular Sale
7430,885,2025-08-13,False,True,2025,8,3,Regular Week,Festival Sale
7431,4335,2025-02-03,True,False,2025,2,1,Salary Week,Regular Sale
7432,1564,2025-04-26,False,True,2025,4,2,Regular Week,Festival Sale
7433,1678,2025-03-16,False,True,2025,3,1,Regular Week,Festival Sale
7434,1344,2025-07-14,False,True,2025,7,3,Regular Week,Festival Sale
7435,1919,2025-03-18,True,False,2025,3,1,Salary Week,Regular Sale
7436,1825,2025-07-27,True,True,2025,7,3,Salary Week,Festival Sale
7437,2342,2025-09-10,True,True,2025,9,3,Salary Week,Festival Sale
7438,671,2025-03-01,True,False,2025,3,1,Salary Week,Regular Sale
7439,4647,2025-09-25,False,False,2025,9,3,Regular Week,Regular Sale
7440,4110,2025-02-10,True,False,2025,2,1,Salary Week,Regular Sale
7441,1898,2025-12-17,False,True,2025,12,4,Regular Week,Festival Sale
7442,1448,2025-05-30,True,True,2025,5,2,Salary Week,Festival Sale
7443,3313,2025-08-20,False,True,2025,8,3,Regular Week,Festival Sale
7444,2049,2025-02-16,False,True,2025,2,1,Regular Week,Festival Sale
7445,3643,2025-11-01,False,False,2025,11,4,Regular Week,Regular Sale
7446,4931,2025-10-20,False,True,2025,10,4,Regular Week,Festival Sale
7447,1986,2025-03-25,True,True,2025,3,1,Salary Week,Festival Sale
7448,1185,2025-11-04,False,False,2025,11,4,Regular Week,Regular Sale
7449,1376,2025-04-11,True,True,2025,4,2,Salary Week,Festival Sale
7450,4470,2025-12-27,False,True,2025,12,4,Regular Week,Festival Sale
7451,2932,2025-12-18,False,True,2025,12,4,Regular Week,Festival Sale
7452,171,2025-11-29,True,False,2025,11,4,Salary Week,Regular Sale
7453,4505,2025-07-16,True,False,2025,7,3,Salary Week,Regular Sale
7454,4650,2025-05-13,False,True,2025,5,2,Regular Week,Festival Sale
7455,2479,2025-02-09,False,False,2025,2,1,Regular Week,Regular Sale
7456,3775,2025-05-10,False,True,2025,5,2,Regular Week,Festival Sale
7457,3929,2025-10-23,True,False,2025,10,4,Salary Week,Regular Sale
7458,2035,2025-01-15,False,True,2025,1,1,Regular Week,Festival Sale
7459,2126,2025-09-03,False,False,2025,9,3,Regular Week,Regular Sale
7460,3700,2025-03-02,False,True,2025,3,1,Regular Week,Festival Sale
7461,4573,2025-01-26,False,True,2025,1,1,Regular Week,Festival Sale
7462,91,2025-06-26,True,False,2025,6,2,Salary Week,Regular Sale
7463,64,2025-02-07,True,False,2025,2,1,Salary Week,Regular Sale
7464,3657,2025-10-09,True,True,2025,10,4,Salary Week,Festival Sale
7465,3509,2025-10-15,False,True,2025,10,4,Regular Week,Festival Sale
7466,715,2025-04-13,False,False,2025,4,2,Regular Week,Regular Sale
7467,378,2025-03-22,True,False,2025,3,1,Salary Week,Regular Sale
7468,4663,2025-09-09,True,True,2025,9,3,Salary Week,Festival Sale
7469,4124,2025-07-29,False,False,2025,7,3,Regular Week,Regular Sale
7470,1063,2025-07-22,True,True,2025,7,3,Salary Week,Festival Sale
7471,3085,2025-09-02,False,True,2025,9,3,Regular Week,Festival Sale
7472,1853,2025-06-29,False,True,2025,6,2,Regular Week,Festival Sale
7473,2163,2025-06-02,True,True,2025,6,2,Salary Week,Festival Sale
7474,464,2025-02-12,True,True,2025,2,1,Salary Week,Festival Sale
7475,1753,2025-10-28,False,False,2025,10,4,Regular Week,Regular Sale
7476,103,2025-11-04,False,True,2025,11,4,Regular Week,Festival Sale
7477,489,2025-06-29,True,False,2025,6,2,Salary Week,Regular Sale
7478,1185,2025-02-14,True,False,2025,2,1,Salary Week,Regular Sale
7479,32,2025-07-20,True,False,2025,7,3,Salary Week,Regular Sale
7480,2761,2025-06-04,False,True,2025,6,2,Regular Week,Festival Sale
7481,2990,2025-07-12,False,True,2025,7,3,Regular Week,Festival Sale
7482,4247,2025-07-19,False,False,2025,7,3,Regular Week,Regular Sale
7483,3607,2025-02-17,True,True,2025,2,1,Salary Week,Festival Sale
7484,4152,2025-12-07,False,True,2025,12,4,Regular Week,Festival Sale
7485,4675,2025-09-04,False,True,2025,9,3,Regular Week,Festival Sale
7486,4808,2025-03-04,True,False,2025,3,1,Salary Week,Regular Sale
7487,4947,2025-07-13,False,False,2025,7,3,Regular Week,Regular Sale
7488,4026,2025-11-30,True,True,2025,11,4,Salary Week,Festival Sale
7489,18,2025-03-13,False,True,2025,3,1,Regular Week,Festival Sale
7490,3222,2025-01-15,True,False,2025,1,1,Salary Week,Regular Sale
7491,309,2025-08-16,True,True,2025,8,3,Salary Week,Festival Sale
7492,1155,2025-01-30,True,False,2025,1,1,Salary Week,Regular Sale
7493,3713,2025-01-10,True,True,2025,1,1,Salary Week,Festival Sale
7494,1392,2025-03-09,True,True,2025,3,1,Salary Week,Festival Sale
7495,648,2025-08-20,True,True,2025,8,3,Salary Week,Festival Sale
7496,2587,2025-07-10,True,False,2025,7,3,Salary Week,Regular Sale
7497,2835,2025-11-25,True,False,2025,11,4,Salary Week,Regular Sale
7498,3604,2025-10-27,False,True,2025,10,4,Regular Week,Festival Sale
7499,3728,2025-09-12,True,False,2025,9,3,Salary Week,Regular Sale
7500,3789,2025-06-19,False,False,2025,6,2,Regular Week,Regular Sale
7501,3007,2025-08-14,False,True,2025,8,3,Regular Week,Festival Sale
7502,3620,2025-06-11,False,False,2025,6,2,Regular Week,Regular Sale
7503,165,2025-08-12,True,False,2025,8,3,Salary Week,Regular Sale
7504,4566,2025-03-17,True,True,2025,3,1,Salary Week,Festival Sale
7505,2106,2025-03-07,False,False,2025,3,1,Regular Week,Regular Sale
7506,1308,2025-09-16,True,True,2025,9,3,Salary Week,Festival Sale
7507,4247,2025-12-01,False,True,2025,12,4,Regular Week,Festival Sale
7508,2083,2025-08-13,True,False,2025,8,3,Salary Week,Regular Sale
7509,2967,2025-08-31,True,True,2025,8,3,Salary Week,Festival Sale
7510,527,2025-01-11,False,False,2025,1,1,Regular Week,Regular Sale
7511,889,2025-03-04,False,False,2025,3,1,Regular Week,Regular Sale
7512,3229,2025-05-13,False,False,2025,5,2,Regular Week,Regular Sale
7513,2816,2025-01-19,True,False,2025,1,1,Salary Week,Regular Sale
7514,4292,2025-05-06,False,False,2025,5,2,Regular Week,Regular Sale
7515,4720,2025-03-01,True,True,2025,3,1,Salary Week,Festival Sale
7516,3516,2025-06-20,False,True,2025,6,2,Regular Week,Festival Sale
7517,4777,2025-02-26,False,True,2025,2,1,Regular Week,Festival Sale
7518,384,2025-01-14,False,False,2025,1,1,Regular Week,Regular Sale
7519,1641,2025-10-13,True,False,2025,10,4,Salary Week,Regular Sale
7520,3849,2025-03-18,True,True,2025,3,1,Salary Week,Festival Sale
7521,2208,2025-01-15,True,False,2025,1,1,Salary Week,Regular Sale
7522,2808,2025-08-16,True,True,2025,8,3,Salary Week,Festival Sale
7523,1489,2025-07-24,True,False,2025,7,3,Salary Week,Regular Sale
7524,1847,2025-12-01,False,True,2025,12,4,Regular Week,Festival Sale
7525,769,2025-07-18,False,False,2025,7,3,Regular Week,Regular Sale
7526,3805,2025-08-14,False,False,2025,8,3,Regular Week,Regular Sale
7527,4935,2025-11-24,True,False,2025,11,4,Salary Week,Regular Sale
7528,906,2025-03-16,True,True,2025,3,1,Salary Week,Festival Sale
7529,4865,2025-10-13,False,True,2025,10,4,Regular Week,Festival Sale
7530,3934,2025-07-29,False,False,2025,7,3,Regular Week,Regular Sale
7531,3458,2025-12-20,False,True,2025,12,4,Regular Week,Festival Sale
7532,2095,2025-08-10,False,False,2025,8,3,Regular Week,Regular Sale
7533,3164,2025-11-05,False,False,2025,11,4,Regular Week,Regular Sale
7534,1234,2025-03-31,False,True,2025,3,1,Regular Week,Festival Sale
7535,3541,2025-06-28,True,False,2025,6,2,Salary Week,Regular Sale
7536,3995,2025-07-06,False,False,2025,7,3,Regular Week,Regular Sale
7537,4910,2025-10-16,True,False,2025,10,4,Salary Week,Regular Sale
7538,991,2025-06-07,True,False,2025,6,2,Salary Week,Regular Sale
7539,218,2025-11-29,True,True,2025,11,4,Salary Week,Festival Sale
7540,511,2025-07-15,False,False,2025,7,3,Regular Week,Regular Sale
7541,53,2025-12-25,True,False,2025,12,4,Salary Week,Regular Sale
7542,855,2025-08-08,True,False,2025,8,3,Salary Week,Regular Sale
7543,1271,2025-07-06,False,False,2025,7,3,Regular Week,Regular Sale
7544,1796,2025-02-04,True,False,2025,2,1,Salary Week,Regular Sale
7545,3781,2025-01-15,True,True,2025,1,1,Salary Week,Festival Sale
7546,1762,2025-05-25,False,True,2025,5,2,Regular Week,Festival Sale
7547,2221,2025-04-26,False,True,2025,4,2,Regular Week,Festival Sale
7548,3998,2025-11-25,False,True,2025,11,4,Regular Week,Festival Sale
7549,855,2025-11-19,True,True,2025,11,4,Salary Week,Festival Sale
7550,3451,2025-03-24,True,False,2025,3,1,Salary Week,Regular Sale
7551,3127,2025-10-30,False,False,2025,10,4,Regular Week,Regular Sale
7552,163,2025-06-15,True,True,2025,6,2,Salary Week,Festival Sale
7553,2621,2025-11-10,True,True,2025,11,4,Salary Week,Festival Sale
7554,545,2025-11-14,True,False,2025,11,4,Salary Week,Regular Sale
7555,3664,2025-03-12,False,False,2025,3,1,Regular Week,Regular Sale
7556,3987,2025-09-18,False,True,2025,9,3,Regular Week,Festival Sale
7557,3530,2025-05-29,False,False,2025,5,2,Regular Week,Regular Sale
7558,4268,2025-12-21,False,True,2025,12,4,Regular Week,Festival Sale
7559,558,2025-06-25,True,True,2025,6,2,Salary Week,Festival Sale
7560,4283,2025-11-10,True,False,2025,11,4,Salary Week,Regular Sale
7561,373,2025-06-16,True,False,2025,6,2,Salary Week,Regular Sale
7562,975,2025-02-17,True,False,2025,2,1,Salary Week,Regular Sale
7563,2312,2025-08-04,True,True,2025,8,3,Salary Week,Festival Sale
7564,3831,2025-10-19,True,False,2025,10,4,Salary Week,Regular Sale
7565,2378,2025-09-15,False,True,2025,9,3,Regular Week,Festival Sale
7566,1519,2025-07-31,True,True,2025,7,3,Salary Week,Festival Sale
7567,3838,2025-05-26,False,False,2025,5,2,Regular Week,Regular Sale
7568,3697,2025-05-11,False,True,2025,5,2,Regular Week,Festival Sale
7569,2384,2025-11-17,True,True,2025,11,4,Salary Week,Festival Sale
7570,3859,2025-12-06,False,False,2025,12,4,Regular Week,Regular Sale
7571,2121,2025-06-25,True,True,2025,6,2,Salary Week,Festival Sale
7572,4616,2025-02-19,True,False,2025,2,1,Salary Week,Regular Sale
7573,228,2025-05-13,False,True,2025,5,2,Regular Week,Festival Sale
7574,1073,2025-07-28,False,True,2025,7,3,Regular Week,Festival Sale
7575,2355,2025-04-13,False,False,2025,4,2,Regular Week,Regular Sale
7576,4948,2025-09-03,True,True,2025,9,3,Salary Week,Festival Sale
7577,2593,2025-07-07,True,False,2025,7,3,Salary Week,Regular Sale
7578,4923,2025-12-24,True,True,2025,12,4,Salary Week,Festival Sale
7579,4124,2025-07-02,False,True,2025,7,3,Regular Week,Festival Sale
7580,3259,2025-09-09,True,False,2025,9,3,Salary Week,Regular Sale
7581,3432,2026-01-02,True,False,2026,1,1,Salary Week,Regular Sale
7582,2852,2025-01-25,True,True,2025,1,1,Salary Week,Festival Sale
7583,1181,2025-04-17,True,False,2025,4,2,Salary Week,Regular Sale
7584,4812,2025-10-24,False,True,2025,10,4,Regular Week,Festival Sale
7585,4953,2025-07-24,False,True,2025,7,3,Regular Week,Festival Sale
7586,1456,2025-09-12,True,True,2025,9,3,Salary Week,Festival Sale
7587,1635,2025-08-31,False,True,2025,8,3,Regular Week,Festival Sale
7588,51,2025-07-11,True,True,2025,7,3,Salary Week,Festival Sale
7589,4520,2025-06-10,False,True,2025,6,2,Regular Week,Festival Sale
7590,721,2025-07-06,False,False,2025,7,3,Regular Week,Regular Sale
7591,18,2025-01-15,False,True,2025,1,1,Regular Week,Festival Sale
7592,3332,2025-10-24,True,True,2025,10,4,Salary Week,Festival Sale
7593,3715,2025-03-17,True,False,2025,3,1,Salary Week,Regular Sale
7594,2005,2025-10-01,True,False,2025,10,4,Salary Week,Regular Sale
7595,2204,2025-03-31,False,False,2025,3,1,Regular Week,Regular Sale
7596,229,2025-04-05,True,False,2025,4,2,Salary Week,Regular Sale
7597,1105,2025-07-04,False,True,2025,7,3,Regular Week,Festival Sale
7598,159,2025-07-25,True,False,2025,7,3,Salary Week,Regular Sale
7599,708,2025-07-28,True,False,2025,7,3,Salary Week,Regular Sale
7600,3156,2025-01-28,False,False,2025,1,1,Regular Week,Regular Sale
7601,1086,2025-01-17,False,False,2025,1,1,Regular Week,Regular Sale
7602,3793,2025-05-29,False,True,2025,5,2,Regular Week,Festival Sale
7603,417,2025-11-13,False,True,2025,11,4,Regular Week,Festival Sale
7604,1075,2025-06-17,False,True,2025,6,2,Regular Week,Festival Sale
7605,4676,2025-08-16,False,True,2025,8,3,Regular Week,Festival Sale
7606,2146,2025-06-05,False,False,2025,6,2,Regular Week,Regular Sale
7607,588,2025-03-12,True,True,2025,3,1,Salary Week,Festival Sale
7608,1883,2025-02-17,False,False,2025,2,1,Regular Week,Regular Sale
7609,1787,2025-08-18,False,True,2025,8,3,Regular Week,Festival Sale
7610,1388,2025-03-22,False,False,2025,3,1,Regular Week,Regular Sale
7611,986,2025-07-01,True,True,2025,7,3,Salary Week,Festival Sale
7612,4174,2025-05-05,True,True,2025,5,2,Salary Week,Festival Sale
7613,2992,2025-10-30,False,False,2025,10,4,Regular Week,Regular Sale
7614,4661,2025-12-06,False,False,2025,12,4,Regular Week,Regular Sale
7615,4157,2025-02-10,False,True,2025,2,1,Regular Week,Festival Sale
7616,258,2025-10-23,True,True,2025,10,4,Salary Week,Festival Sale
7617,4090,2025-08-11,False,False,2025,8,3,Regular Week,Regular Sale
7618,90,2025-04-06,False,False,2025,4,2,Regular Week,Regular Sale
7619,2332,2025-02-15,True,True,2025,2,1,Salary Week,Festival Sale
7620,1243,2025-09-05,True,True,2025,9,3,Salary Week,Festival Sale
7621,3742,2025-02-15,True,False,2025,2,1,Salary Week,Regular Sale
7622,2638,2025-06-30,True,True,2025,6,2,Salary Week,Festival Sale
7623,2612,2025-03-19,True,False,2025,3,1,Salary Week,Regular Sale
7624,1461,2025-06-27,False,True,2025,6,2,Regular Week,Festival Sale
7625,2541,2025-02-05,False,True,2025,2,1,Regular Week,Festival Sale
7626,3794,2025-12-30,False,True,2025,12,4,Regular Week,Festival Sale
7627,344,2025-12-30,False,False,2025,12,4,Regular Week,Regular Sale
7628,3960,2025-06-29,False,False,2025,6,2,Regular Week,Regular Sale
7629,1275,2025-06-20,False,True,2025,6,2,Regular Week,Festival Sale
7630,4481,2025-12-07,False,False,2025,12,4,Regular Week,Regular Sale
7631,1030,2025-08-07,True,False,2025,8,3,Salary Week,Regular Sale
7632,2254,2025-03-19,True,False,2025,3,1,Salary Week,Regular Sale
7633,895,2025-09-04,False,True,2025,9,3,Regular Week,Festival Sale
7634,3225,2025-02-06,False,True,2025,2,1,Regular Week,Festival Sale
7635,1610,2025-10-06,False,True,2025,10,4,Regular Week,Festival Sale
7636,4325,2025-04-15,False,True,2025,4,2,Regular Week,Festival Sale
7637,2185,2025-04-11,False,True,2025,4,2,Regular Week,Festival Sale
7638,494,2025-11-08,True,False,2025,11,4,Salary Week,Regular Sale
7639,2594,2025-02-27,True,True,2025,2,1,Salary Week,Festival Sale
7640,1830,2025-12-01,False,True,2025,12,4,Regular Week,Festival Sale
7641,4805,2025-04-30,False,True,2025,4,2,Regular Week,Festival Sale
7642,4359,2025-03-11,False,True,2025,3,1,Regular Week,Festival Sale
7643,3156,2025-12-29,True,False,2025,12,4,Salary Week,Regular Sale
7644,2343,2025-04-27,True,True,2025,4,2,Salary Week,Festival Sale
7645,1166,2026-01-03,True,True,2026,1,1,Salary Week,Festival Sale
7646,4443,2025-06-21,True,True,2025,6,2,Salary Week,Festival Sale
7647,4603,2025-12-01,False,True,2025,12,4,Regular Week,Festival Sale
7648,2035,2025-08-28,True,False,2025,8,3,Salary Week,Regular Sale
7649,4009,2025-11-12,False,False,2025,11,4,Regular Week,Regular Sale
7650,2159,2025-04-23,True,True,2025,4,2,Salary Week,Festival Sale
7651,2616,2025-01-25,True,False,2025,1,1,Salary Week,Regular Sale
7652,4184,2025-12-10,True,False,2025,12,4,Salary Week,Regular Sale
7653,912,2025-03-20,True,True,2025,3,1,Salary Week,Festival Sale
7654,4583,2025-12-01,True,False,2025,12,4,Salary Week,Regular Sale
7655,845,2025-06-13,False,True,2025,6,2,Regular Week,Festival Sale
7656,4243,2025-05-24,True,False,2025,5,2,Salary Week,Regular Sale
7657,4699,2025-01-31,True,False,2025,1,1,Salary Week,Regular Sale
7658,3163,2025-03-13,False,True,2025,3,1,Regular Week,Festival Sale
7659,922,2025-11-08,True,True,2025,11,4,Salary Week,Festival Sale
7660,3094,2026-01-01,False,False,2026,1,1,Regular Week,Regular Sale
7661,1498,2025-11-20,True,False,2025,11,4,Salary Week,Regular Sale
7662,2257,2025-08-23,True,True,2025,8,3,Salary Week,Festival Sale
7663,870,2025-05-26,True,True,2025,5,2,Salary Week,Festival Sale
7664,1051,2025-09-23,False,False,2025,9,3,Regular Week,Regular Sale
7665,3692,2025-11-18,False,True,2025,11,4,Regular Week,Festival Sale
7666,1912,2025-12-04,False,True,2025,12,4,Regular Week,Festival Sale
7667,4353,2025-11-10,True,True,2025,11,4,Salary Week,Festival Sale
7668,1820,2025-05-24,False,False,2025,5,2,Regular Week,Regular Sale
7669,3549,2025-08-06,False,False,2025,8,3,Regular Week,Regular Sale
7670,2285,2025-07-07,False,True,2025,7,3,Regular Week,Festival Sale
7671,1740,2025-08-07,True,True,2025,8,3,Salary Week,Festival Sale
7672,576,2025-07-22,False,False,2025,7,3,Regular Week,Regular Sale
7673,274,2025-12-04,False,False,2025,12,4,Regular Week,Regular Sale
7674,2240,2025-05-22,True,False,2025,5,2,Salary Week,Regular Sale
7675,2879,2025-06-13,True,False,2025,6,2,Salary Week,Regular Sale
7676,13,2025-01-18,False,False,2025,1,1,Regular Week,Regular Sale
7677,443,2025-02-25,False,True,2025,2,1,Regular Week,Festival Sale
7678,3692,2025-05-31,False,True,2025,5,2,Regular Week,Festival Sale
7679,833,2025-09-11,False,False,2025,9,3,Regular Week,Regular Sale
7680,3533,2025-09-27,True,True,2025,9,3,Salary Week,Festival Sale
7681,229,2025-04-18,True,True,2025,4,2,Salary Week,Festival Sale
7682,865,2025-09-19,False,False,2025,9,3,Regular Week,Regular Sale
7683,4067,2026-01-01,True,False,2026,1,1,Salary Week,Regular Sale
7684,1896,2025-07-22,False,True,2025,7,3,Regular Week,Festival Sale
7685,3389,2025-03-18,True,False,2025,3,1,Salary Week,Regular Sale
7686,3461,2025-03-29,True,False,2025,3,1,Salary Week,Regular Sale
7687,881,2025-06-19,True,True,2025,6,2,Salary Week,Festival Sale
7688,2673,2025-10-07,True,False,2025,10,4,Salary Week,Regular Sale
7689,566,2025-11-03,False,True,2025,11,4,Regular Week,Festival Sale
7690,3926,2025-09-05,False,False,2025,9,3,Regular Week,Regular Sale
7691,3696,2025-04-21,True,False,2025,4,2,Salary Week,Regular Sale
7692,659,2025-09-07,True,True,2025,9,3,Salary Week,Festival Sale
7693,4998,2025-07-28,True,False,2025,7,3,Salary Week,Regular Sale
7694,3598,2025-06-02,True,False,2025,6,2,Salary Week,Regular Sale
7695,3036,2025-08-13,False,True,2025,8,3,Regular Week,Festival Sale
7696,1164,2025-07-23,True,False,2025,7,3,Salary Week,Regular Sale
7697,51,2025-09-24,True,False,2025,9,3,Salary Week,Regular Sale
7698,3904,2025-03-21,False,True,2025,3,1,Regular Week,Festival Sale
7699,4160,2025-07-03,True,False,2025,7,3,Salary Week,Regular Sale
7700,2932,2025-04-06,False,True,2025,4,2,Regular Week,Festival Sale
7701,3816,2025-05-22,False,False,2025,5,2,Regular Week,Regular Sale
7702,439,2025-08-31,False,False,2025,8,3,Regular Week,Regular Sale
7703,3262,2025-12-16,True,False,2025,12,4,Salary Week,Regular Sale
7704,4177,2025-06-02,True,True,2025,6,2,Salary Week,Festival Sale
7705,4739,2025-07-18,False,True,2025,7,3,Regular Week,Festival Sale
7706,3372,2025-06-16,False,True,2025,6,2,Regular Week,Festival Sale
7707,3077,2025-01-11,True,False,2025,1,1,Salary Week,Regular Sale
7708,107,2025-08-17,False,True,2025,8,3,Regular Week,Festival Sale
7709,348,2025-08-20,True,True,2025,8,3,Salary Week,Festival Sale
7710,3132,2025-04-26,False,True,2025,4,2,Regular Week,Festival Sale
7711,1808,2025-12-21,True,True,2025,12,4,Salary Week,Festival Sale
7712,2475,2025-04-28,True,True,2025,4,2,Salary Week,Festival Sale
7713,1166,2025-12-21,True,False,2025,12,4,Salary Week,Regular Sale
7714,3841,2025-09-25,False,True,2025,9,3,Regular Week,Festival Sale
7715,3321,2025-07-25,True,True,2025,7,3,Salary Week,Festival Sale
7716,877,2025-12-04,True,True,2025,12,4,Salary Week,Festival Sale
7717,4001,2025-04-11,False,False,2025,4,2,Regular Week,Regular Sale
7718,1146,2025-02-26,False,True,2025,2,1,Regular Week,Festival Sale
7719,2551,2025-11-07,True,True,2025,11,4,Salary Week,Festival Sale
7720,451,2025-06-03,True,False,2025,6,2,Salary Week,Regular Sale
7721,893,2025-09-06,True,True,2025,9,3,Salary Week,Festival Sale
7722,2917,2025-12-01,False,True,2025,12,4,Regular Week,Festival Sale
7723,479,2025-08-06,True,True,2025,8,3,Salary Week,Festival Sale
7724,952,2025-11-10,True,True,2025,11,4,Salary Week,Festival Sale
7725,79,2025-05-17,True,True,2025,5,2,Salary Week,Festival Sale
7726,380,2025-01-20,True,False,2025,1,1,Salary Week,Regular Sale
7727,3701,2025-04-14,True,False,2025,4,2,Salary Week,Regular Sale
7728,1597,2025-12-10,True,False,2025,12,4,Salary Week,Regular Sale
7729,584,2025-10-06,False,False,2025,10,4,Regular Week,Regular Sale
7730,1014,2025-11-03,True,True,2025,11,4,Salary Week,Festival Sale
7731,4185,2025-09-23,False,False,2025,9,3,Regular Week,Regular Sale
7732,4526,2025-02-03,True,True,2025,2,1,Salary Week,Festival Sale
7733,3442,2025-11-11,False,False,2025,11,4,Regular Week,Regular Sale
7734,1582,2025-09-09,True,True,2025,9,3,Salary Week,Festival Sale
7735,1941,2025-03-10,False,True,2025,3,1,Regular Week,Festival Sale
7736,1743,2025-10-02,True,False,2025,10,4,Salary Week,Regular Sale
7737,4965,2025-07-24,False,False,2025,7,3,Regular Week,Regular Sale
7738,4391,2025-10-17,False,True,2025,10,4,Regular Week,Festival Sale
7739,2282,2025-04-01,True,True,2025,4,2,Salary Week,Festival Sale
7740,302,2025-11-12,False,True,2025,11,4,Regular Week,Festival Sale
7741,1650,2025-08-20,False,False,2025,8,3,Regular Week,Regular Sale
7742,4453,2025-02-12,True,True,2025,2,1,Salary Week,Festival Sale
7743,2179,2025-06-22,False,False,2025,6,2,Regular Week,Regular Sale
7744,1034,2025-10-01,True,False,2025,10,4,Salary Week,Regular Sale
7745,2641,2025-09-01,False,True,2025,9,3,Regular Week,Festival Sale
7746,3333,2025-12-07,True,True,2025,12,4,Salary Week,Festival Sale
7747,2255,2025-11-01,True,True,2025,11,4,Salary Week,Festival Sale
7748,4872,2025-10-17,False,True,2025,10,4,Regular Week,Festival Sale
7749,3899,2025-08-28,False,True,2025,8,3,Regular Week,Festival Sale
7750,2849,2025-03-13,False,False,2025,3,1,Regular Week,Regular Sale
7751,3629,2025-10-10,False,True,2025,10,4,Regular Week,Festival Sale
7752,1795,2025-09-15,False,True,2025,9,3,Regular Week,Festival Sale
7753,852,2025-08-31,True,False,2025,8,3,Salary Week,Regular Sale
7754,1939,2025-11-08,True,False,2025,11,4,Salary Week,Regular Sale
7755,464,2025-06-04,True,False,2025,6,2,Salary Week,Regular Sale
7756,1441,2025-04-24,True,False,2025,4,2,Salary Week,Regular Sale
7757,31,2025-10-13,False,False,2025,10,4,Regular Week,Regular Sale
7758,2903,2025-01-14,False,True,2025,1,1,Regular Week,Festival Sale
7759,1774,2025-04-25,True,False,2025,4,2,Salary Week,Regular Sale
7760,2944,2025-09-09,True,True,2025,9,3,Salary Week,Festival Sale
7761,1694,2025-07-16,False,True,2025,7,3,Regular Week,Festival Sale
7762,659,2025-11-20,True,True,2025,11,4,Salary Week,Festival Sale
7763,3645,2025-10-03,True,False,2025,10,4,Salary Week,Regular Sale
7764,1818,2025-10-18,False,False,2025,10,4,Regular Week,Regular Sale
7765,502,2025-04-30,True,False,2025,4,2,Salary Week,Regular Sale
7766,2327,2025-05-21,True,True,2025,5,2,Salary Week,Festival Sale
7767,3940,2025-01-21,False,False,2025,1,1,Regular Week,Regular Sale
7768,2286,2025-08-05,True,False,2025,8,3,Salary Week,Regular Sale
7769,3999,2025-01-15,True,True,2025,1,1,Salary Week,Festival Sale
7770,1713,2025-12-05,False,False,2025,12,4,Regular Week,Regular Sale
7771,3474,2025-08-31,False,True,2025,8,3,Regular Week,Festival Sale
7772,3311,2025-09-30,False,False,2025,9,3,Regular Week,Regular Sale
7773,2240,2025-12-05,False,True,2025,12,4,Regular Week,Festival Sale
7774,4767,2025-08-06,True,False,2025,8,3,Salary Week,Regular Sale
7775,2724,2025-10-28,True,True,2025,10,4,Salary Week,Festival Sale
7776,161,2025-03-17,True,False,2025,3,1,Salary Week,Regular Sale
7777,4470,2025-03-27,False,False,2025,3,1,Regular Week,Regular Sale
7778,877,2025-02-04,True,True,2025,2,1,Salary Week,Festival Sale
7779,3240,2025-09-01,True,False,2025,9,3,Salary Week,Regular Sale
7780,1849,2025-01-25,False,False,2025,1,1,Regular Week,Regular Sale
7781,797,2025-09-06,False,False,2025,9,3,Regular Week,Regular Sale
7782,3431,2025-09-18,True,False,2025,9,3,Salary Week,Regular Sale
7783,2988,2025-08-12,True,True,2025,8,3,Salary Week,Festival Sale
7784,255,2025-01-28,False,True,2025,1,1,Regular Week,Festival Sale
7785,2268,2025-04-27,False,True,2025,4,2,Regular Week,Festival Sale
7786,3249,2025-10-13,True,False,2025,10,4,Salary Week,Regular Sale
7787,2957,2025-07-30,True,False,2025,7,3,Salary Week,Regular Sale
7788,1469,2025-05-06,True,True,2025,5,2,Salary Week,Festival Sale
7789,853,2025-09-03,False,True,2025,9,3,Regular Week,Festival Sale
7790,2262,2025-09-09,False,False,2025,9,3,Regular Week,Regular Sale
7791,1705,2025-10-28,True,True,2025,10,4,Salary Week,Festival Sale
7792,2577,2025-12-11,True,False,2025,12,4,Salary Week,Regular Sale
7793,1092,2025-01-23,False,False,2025,1,1,Regular Week,Regular Sale
7794,2982,2025-05-09,True,False,2025,5,2,Salary Week,Regular Sale
7795,529,2025-11-25,False,False,2025,11,4,Regular Week,Regular Sale
7796,1060,2025-04-15,True,False,2025,4,2,Salary Week,Regular Sale
7797,2898,2025-03-31,True,True,2025,3,1,Salary Week,Festival Sale
7798,931,2025-01-25,False,False,2025,1,1,Regular Week,Regular Sale
7799,1586,2025-12-30,True,True,2025,12,4,Salary Week,Festival Sale
7800,2906,2025-01-30,True,False,2025,1,1,Salary Week,Regular Sale
7801,2498,2025-04-13,True,True,2025,4,2,Salary Week,Festival Sale
7802,3445,2025-06-06,True,False,2025,6,2,Salary Week,Regular Sale
7803,2151,2025-07-21,False,True,2025,7,3,Regular Week,Festival Sale
7804,4645,2025-04-15,False,True,2025,4,2,Regular Week,Festival Sale
7805,174,2025-02-21,True,False,2025,2,1,Salary Week,Regular Sale
7806,3763,2025-02-22,False,False,2025,2,1,Regular Week,Regular Sale
7807,6,2025-05-17,False,False,2025,5,2,Regular Week,Regular Sale
7808,1579,2025-08-29,True,False,2025,8,3,Salary Week,Regular Sale
7809,1335,2025-09-20,False,False,2025,9,3,Regular Week,Regular Sale
7810,4084,2025-05-26,False,True,2025,5,2,Regular Week,Festival Sale
7811,481,2025-12-25,True,False,2025,12,4,Salary Week,Regular Sale
7812,1760,2025-04-01,False,True,2025,4,2,Regular Week,Festival Sale
7813,1882,2025-10-15,True,False,2025,10,4,Salary Week,Regular Sale
7814,1055,2025-04-11,False,False,2025,4,2,Regular Week,Regular Sale
7815,4754,2025-09-13,True,True,2025,9,3,Salary Week,Festival Sale
7816,3039,2025-06-20,False,False,2025,6,2,Regular Week,Regular Sale
7817,594,2025-04-19,False,False,2025,4,2,Regular Week,Regular Sale
7818,4583,2025-11-09,True,True,2025,11,4,Salary Week,Festival Sale
7819,3727,2025-09-04,False,False,2025,9,3,Regular Week,Regular Sale
7820,4131,2025-04-08,True,True,2025,4,2,Salary Week,Festival Sale
7821,656,2025-01-16,False,True,2025,1,1,Regular Week,Festival Sale
7822,416,2025-04-25,True,True,2025,4,2,Salary Week,Festival Sale
7823,1753,2025-01-31,True,False,2025,1,1,Salary Week,Regular Sale
7824,4537,2025-01-09,True,False,2025,1,1,Salary Week,Regular Sale
7825,776,2025-05-11,True,False,2025,5,2,Salary Week,Regular Sale
7826,1023,2025-08-08,False,False,2025,8,3,Regular Week,Regular Sale
7827,1889,2025-08-03,True,True,2025,8,3,Salary Week,Festival Sale
7828,3725,2025-09-14,True,False,2025,9,3,Salary Week,Regular Sale
7829,3717,2025-05-27,False,False,2025,5,2,Regular Week,Regular Sale
7830,488,2025-12-04,False,True,2025,12,4,Regular Week,Festival Sale
7831,1374,2025-07-27,True,True,2025,7,3,Salary Week,Festival Sale
7832,3117,2025-02-08,True,False,2025,2,1,Salary Week,Regular Sale
7833,1962,2025-08-04,True,False,2025,8,3,Salary Week,Regular Sale
7834,3452,2025-07-08,True,True,2025,7,3,Salary Week,Festival Sale
7835,3435,2025-05-16,False,True,2025,5,2,Regular Week,Festival Sale
7836,2444,2025-03-25,False,False,2025,3,1,Regular Week,Regular Sale
7837,397,2025-03-12,True,False,2025,3,1,Salary Week,Regular Sale
7838,4159,2025-10-12,False,True,2025,10,4,Regular Week,Festival Sale
7839,3304,2025-07-18,False,True,2025,7,3,Regular Week,Festival Sale
7840,2842,2025-03-04,True,False,2025,3,1,Salary Week,Regular Sale
7841,4149,2025-10-23,True,True,2025,10,4,Salary Week,Festival Sale
7842,4269,2025-10-28,False,False,2025,10,4,Regular Week,Regular Sale
7843,3464,2025-04-29,False,False,2025,4,2,Regular Week,Regular Sale
7844,2384,2025-11-19,True,True,2025,11,4,Salary Week,Festival Sale
7845,4586,2025-09-15,False,True,2025,9,3,Regular Week,Festival Sale
7846,582,2025-04-13,False,True,2025,4,2,Regular Week,Festival Sale
7847,526,2025-12-26,True,True,2025,12,4,Salary Week,Festival Sale
7848,1427,2025-05-29,True,True,2025,5,2,Salary Week,Festival Sale
7849,2971,2025-01-29,True,False,2025,1,1,Salary Week,Regular Sale
7850,1369,2025-09-17,False,False,2025,9,3,Regular Week,Regular Sale
7851,1111,2025-09-17,False,False,2025,9,3,Regular Week,Regular Sale
7852,421,2025-04-02,True,True,2025,4,2,Salary Week,Festival Sale
7853,1371,2025-05-04,True,False,2025,5,2,Salary Week,Regular Sale
7854,2632,2025-03-15,True,True,2025,3,1,Salary Week,Festival Sale
7855,3694,2025-01-07,False,True,2025,1,1,Regular Week,Festival Sale
7856,440,2025-05-04,True,False,2025,5,2,Salary Week,Regular Sale
7857,3017,2025-10-11,False,True,2025,10,4,Regular Week,Festival Sale
7858,804,2025-10-30,True,True,2025,10,4,Salary Week,Festival Sale
7859,2288,2025-04-13,True,False,2025,4,2,Salary Week,Regular Sale
7860,2273,2025-02-25,False,False,2025,2,1,Regular Week,Regular Sale
7861,4619,2025-07-06,False,False,2025,7,3,Regular Week,Regular Sale
7862,2281,2026-01-02,False,False,2026,1,1,Regular Week,Regular Sale
7863,275,2025-12-17,False,False,2025,12,4,Regular Week,Regular Sale
7864,4296,2025-03-13,True,True,2025,3,1,Salary Week,Festival Sale
7865,4039,2025-08-24,False,False,2025,8,3,Regular Week,Regular Sale
7866,4894,2025-06-15,True,True,2025,6,2,Salary Week,Festival Sale
7867,4796,2025-01-09,False,False,2025,1,1,Regular Week,Regular Sale
7868,4624,2025-01-31,True,True,2025,1,1,Salary Week,Festival Sale
7869,3568,2025-04-17,False,True,2025,4,2,Regular Week,Festival Sale
7870,3001,2025-06-01,True,False,2025,6,2,Salary Week,Regular Sale
7871,4595,2025-09-09,False,False,2025,9,3,Regular Week,Regular Sale
7872,2770,2025-10-27,True,False,2025,10,4,Salary Week,Regular Sale
7873,920,2025-02-11,True,False,2025,2,1,Salary Week,Regular Sale
7874,1231,2025-10-05,True,False,2025,10,4,Salary Week,Regular Sale
7875,341,2025-08-09,False,False,2025,8,3,Regular Week,Regular Sale
7876,3709,2025-10-29,True,True,2025,10,4,Salary Week,Festival Sale
7877,3981,2025-02-19,False,True,2025,2,1,Regular Week,Festival Sale
7878,1010,2025-04-06,False,True,2025,4,2,Regular Week,Festival Sale
7879,1605,2025-12-07,True,True,2025,12,4,Salary Week,Festival Sale
7880,1726,2025-10-28,True,True,2025,10,4,Salary Week,Festival Sale
7881,3648,2025-05-12,False,False,2025,5,2,Regular Week,Regular Sale
7882,1329,2025-01-06,False,True,2025,1,1,Regular Week,Festival Sale
7883,3055,2025-10-03,True,True,2025,10,4,Salary Week,Festival Sale
7884,4906,2025-07-02,True,True,2025,7,3,Salary Week,Festival Sale
7885,4462,2025-08-31,False,True,2025,8,3,Regular Week,Festival Sale
7886,1261,2025-07-04,True,False,2025,7,3,Salary Week,Regular Sale
7887,3814,2025-10-09,False,True,2025,10,4,Regular Week,Festival Sale
7888,3788,2025-01-25,False,True,2025,1,1,Regular Week,Festival Sale
7889,4861,2025-05-03,True,True,2025,5,2,Salary Week,Festival Sale
7890,4844,2025-06-17,True,True,2025,6,2,Salary Week,Festival Sale
7891,4488,2025-03-18,True,False,2025,3,1,Salary Week,Regular Sale
7892,958,2025-09-19,True,False,2025,9,3,Salary Week,Regular Sale
7893,589,2025-07-20,True,True,2025,7,3,Salary Week,Festival Sale
7894,343,2025-02-07,True,False,2025,2,1,Salary Week,Regular Sale
7895,3294,2025-05-24,False,True,2025,5,2,Regular Week,Festival Sale
7896,329,2025-06-25,False,True,2025,6,2,Regular Week,Festival Sale
7897,1564,2025-05-18,True,False,2025,5,2,Salary Week,Regular Sale
7898,4830,2025-07-22,False,False,2025,7,3,Regular Week,Regular Sale
7899,3866,2025-06-27,False,True,2025,6,2,Regular Week,Festival Sale
7900,1499,2025-05-02,True,True,2025,5,2,Salary Week,Festival Sale
7901,3382,2025-08-27,True,True,2025,8,3,Salary Week,Festival Sale
7902,45,2025-03-19,False,False,2025,3,1,Regular Week,Regular Sale
7903,3503,2025-06-29,True,False,2025,6,2,Salary Week,Regular Sale
7904,1749,2025-05-22,True,False,2025,5,2,Salary Week,Regular Sale
7905,2841,2025-02-23,False,True,2025,2,1,Regular Week,Festival Sale
7906,4227,2025-01-26,True,True,2025,1,1,Salary Week,Festival Sale
7907,4348,2025-06-23,True,False,2025,6,2,Salary Week,Regular Sale
7908,4925,2025-04-27,False,False,2025,4,2,Regular Week,Regular Sale
7909,394,2025-08-07,True,False,2025,8,3,Salary Week,Regular Sale
7910,436,2025-06-25,True,False,2025,6,2,Salary Week,Regular Sale
7911,2165,2025-01-08,True,False,2025,1,1,Salary Week,Regular Sale
7912,4203,2025-05-14,True,False,2025,5,2,Salary Week,Regular Sale
7913,4010,2025-10-12,False,False,2025,10,4,Regular Week,Regular Sale
7914,1153,2025-05-17,True,False,2025,5,2,Salary Week,Regular Sale
7915,3957,2025-01-15,True,False,2025,1,1,Salary Week,Regular Sale
7916,2098,2025-06-28,False,False,2025,6,2,Regular Week,Regular Sale
7917,3226,2025-06-22,False,True,2025,6,2,Regular Week,Festival Sale
7918,901,2025-08-26,True,False,2025,8,3,Salary Week,Regular Sale
7919,4642,2025-01-21,True,False,2025,1,1,Salary Week,Regular Sale
7920,4398,2025-07-18,True,False,2025,7,3,Salary Week,Regular Sale
7921,1648,2025-09-27,True,True,2025,9,3,Salary Week,Festival Sale
7922,758,2025-04-03,False,False,2025,4,2,Regular Week,Regular Sale
7923,3247,2025-07-18,False,True,2025,7,3,Regular Week,Festival Sale
7924,3965,2025-10-29,True,False,2025,10,4,Salary Week,Regular Sale
7925,2219,2025-03-16,False,True,2025,3,1,Regular Week,Festival Sale
7926,3021,2025-09-22,False,True,2025,9,3,Regular Week,Festival Sale
7927,1414,2025-10-28,False,True,2025,10,4,Regular Week,Festival Sale
7928,90,2025-05-20,True,True,2025,5,2,Salary Week,Festival Sale
7929,3201,2025-08-28,True,True,2025,8,3,Salary Week,Festival Sale
7930,1556,2025-06-11,True,False,2025,6,2,Salary Week,Regular Sale
7931,1313,2025-08-06,True,True,2025,8,3,Salary Week,Festival Sale
7932,1105,2025-10-12,False,True,2025,10,4,Regular Week,Festival Sale
7933,195,2025-10-04,True,True,2025,10,4,Salary Week,Festival Sale
7934,2388,2025-11-25,False,False,2025,11,4,Regular Week,Regular Sale
7935,4188,2025-02-05,True,False,2025,2,1,Salary Week,Regular Sale
7936,358,2025-11-03,False,False,2025,11,4,Regular Week,Regular Sale
7937,4771,2025-11-21,True,False,2025,11,4,Salary Week,Regular Sale
7938,3545,2025-07-02,False,False,2025,7,3,Regular Week,Regular Sale
7939,3101,2025-12-06,True,True,2025,12,4,Salary Week,Festival Sale
7940,971,2025-08-17,False,True,2025,8,3,Regular Week,Festival Sale
7941,4980,2026-01-05,True,True,2026,1,1,Salary Week,Festival Sale
7942,4418,2025-04-22,False,False,2025,4,2,Regular Week,Regular Sale
7943,4062,2025-07-25,False,True,2025,7,3,Regular Week,Festival Sale
7944,4086,2025-11-05,False,True,2025,11,4,Regular Week,Festival Sale
7945,4423,2025-05-26,False,False,2025,5,2,Regular Week,Regular Sale
7946,2907,2025-04-01,False,True,2025,4,2,Regular Week,Festival Sale
7947,2269,2025-11-27,False,True,2025,11,4,Regular Week,Festival Sale
7948,1666,2026-01-04,False,True,2026,1,1,Regular Week,Festival Sale
7949,4426,2025-09-30,False,True,2025,9,3,Regular Week,Festival Sale
7950,3385,2025-12-10,False,True,2025,12,4,Regular Week,Festival Sale
7951,554,2025-12-29,True,False,2025,12,4,Salary Week,Regular Sale
7952,83,2025-07-13,True,True,2025,7,3,Salary Week,Festival Sale
7953,1280,2025-06-19,True,False,2025,6,2,Salary Week,Regular Sale
7954,2673,2025-06-17,False,False,2025,6,2,Regular Week,Regular Sale
7955,1480,2025-05-28,False,False,2025,5,2,Regular Week,Regular Sale
7956,2514,2025-11-14,False,False,2025,11,4,Regular Week,Regular Sale
7957,30,2025-02-25,False,False,2025,2,1,Regular Week,Regular Sale
7958,620,2025-08-06,False,True,2025,8,3,Regular Week,Festival Sale
7959,3643,2025-07-30,False,True,2025,7,3,Regular Week,Festival Sale
7960,1474,2025-06-08,False,True,2025,6,2,Regular Week,Festival Sale
7961,1774,2025-06-06,False,True,2025,6,2,Regular Week,Festival Sale
7962,1295,2025-08-29,False,False,2025,8,3,Regular Week,Regular Sale
7963,2804,2025-02-25,True,True,2025,2,1,Salary Week,Festival Sale
7964,3307,2025-03-27,False,True,2025,3,1,Regular Week,Festival Sale
7965,3772,2025-11-13,False,False,2025,11,4,Regular Week,Regular Sale
7966,2640,2026-01-01,False,True,2026,1,1,Regular Week,Festival Sale
7967,3403,2025-02-05,True,True,2025,2,1,Salary Week,Festival Sale
7968,1378,2025-06-21,False,True,2025,6,2,Regular Week,Festival Sale
7969,3994,2025-03-11,False,False,2025,3,1,Regular Week,Regular Sale
7970,4064,2025-11-10,True,True,2025,11,4,Salary Week,Festival Sale
7971,2288,2025-01-20,False,False,2025,1,1,Regular Week,Regular Sale
7972,1834,2025-10-25,True,False,2025,10,4,Salary Week,Regular Sale
7973,672,2025-02-16,False,False,2025,2,1,Regular Week,Regular Sale
7974,4404,2025-02-02,True,True,2025,2,1,Salary Week,Festival Sale
7975,2181,2025-07-27,False,True,2025,7,3,Regular Week,Festival Sale
7976,3924,2025-12-14,True,False,2025,12,4,Salary Week,Regular Sale
7977,3479,2025-11-27,False,False,2025,11,4,Regular Week,Regular Sale
7978,3098,2025-06-25,True,True,2025,6,2,Salary Week,Festival Sale
7979,3196,2025-03-04,False,True,2025,3,1,Regular Week,Festival Sale
7980,982,2025-09-07,True,False,2025,9,3,Salary Week,Regular Sale
7981,881,2025-06-17,False,False,2025,6,2,Regular Week,Regular Sale
7982,1510,2025-04-12,False,True,2025,4,2,Regular Week,Festival Sale
7983,1391,2025-05-24,False,False,2025,5,2,Regular Week,Regular Sale
7984,3015,2025-04-18,False,True,2025,4,2,Regular Week,Festival Sale
7985,1632,2025-10-15,False,True,2025,10,4,Regular Week,Festival Sale
7986,2711,2025-02-22,False,False,2025,2,1,Regular Week,Regular Sale
7987,4706,2025-07-20,True,False,2025,7,3,Salary Week,Regular Sale
7988,1784,2025-03-02,True,False,2025,3,1,Salary Week,Regular Sale
7989,3894,2025-05-25,True,False,2025,5,2,Salary Week,Regular Sale
7990,4680,2025-05-05,False,True,2025,5,2,Regular Week,Festival Sale
7991,3344,2025-05-02,True,False,2025,5,2,Salary Week,Regular Sale
7992,4438,2025-05-29,True,True,2025,5,2,Salary Week,Festival Sale
7993,4805,2025-11-05,False,True,2025,11,4,Regular Week,Festival Sale
7994,4230,2025-01-23,False,False,2025,1,1,Regular Week,Regular Sale
7995,3263,2025-02-20,False,True,2025,2,1,Regular Week,Festival Sale
7996,1968,2025-03-18,False,True,2025,3,1,Regular Week,Festival Sale
7997,243,2025-10-06,True,False,2025,10,4,Salary Week,Regular Sale
7998,3553,2026-01-02,True,True,2026,1,1,Salary Week,Festival Sale
7999,3101,2025-04-13,False,True,2025,4,2,Regular Week,Festival Sale
8000,505,2025-02-15,True,True,2025,2,1,Salary Week,Festival Sale
8001,4764,2025-10-30,False,False,2025,10,4,Regular Week,Regular Sale
8002,3588,2025-07-04,False,True,2025,7,3,Regular Week,Festival Sale
8003,3771,2025-04-04,True,False,2025,4,2,Salary Week,Regular Sale
8004,918,2026-01-06,False,False,2026,1,1,Regular Week,Regular Sale
8005,2291,2025-09-26,False,False,2025,9,3,Regular Week,Regular Sale
8006,1769,2025-02-26,False,False,2025,2,1,Regular Week,Regular Sale
8007,4108,2025-05-04,False,True,2025,5,2,Regular Week,Festival Sale
8008,1951,2025-03-23,True,True,2025,3,1,Salary Week,Festival Sale
8009,886,2025-08-08,True,False,2025,8,3,Salary Week,Regular Sale
8010,4932,2025-01-18,True,True,2025,1,1,Salary Week,Festival Sale
8011,1866,2025-04-12,False,True,2025,4,2,Regular Week,Festival Sale
8012,4521,2025-06-24,False,True,2025,6,2,Regular Week,Festival Sale
8013,4562,2025-08-14,True,False,2025,8,3,Salary Week,Regular Sale
8014,2089,2025-05-21,True,True,2025,5,2,Salary Week,Festival Sale
8015,815,2025-03-31,True,True,2025,3,1,Salary Week,Festival Sale
8016,2572,2025-07-19,True,False,2025,7,3,Salary Week,Regular Sale
8017,4691,2025-11-02,True,True,2025,11,4,Salary Week,Festival Sale
8018,1550,2025-03-11,False,True,2025,3,1,Regular Week,Festival Sale
8019,1315,2025-02-27,False,False,2025,2,1,Regular Week,Regular Sale
8020,2194,2025-06-19,False,False,2025,6,2,Regular Week,Regular Sale
8021,3107,2025-11-17,False,True,2025,11,4,Regular Week,Festival Sale
8022,703,2025-07-16,False,True,2025,7,3,Regular Week,Festival Sale
8023,362,2025-07-03,False,False,2025,7,3,Regular Week,Regular Sale
8024,4528,2025-08-18,True,True,2025,8,3,Salary Week,Festival Sale
8025,1794,2026-01-05,True,False,2026,1,1,Salary Week,Regular Sale
8026,1851,2025-02-26,True,True,2025,2,1,Salary Week,Festival Sale
8027,2306,2025-08-11,True,False,2025,8,3,Salary Week,Regular Sale
8028,4636,2025-01-28,True,False,2025,1,1,Salary Week,Regular Sale
8029,4105,2025-11-20,True,False,2025,11,4,Salary Week,Regular Sale
8030,4492,2025-09-06,True,True,2025,9,3,Salary Week,Festival Sale
8031,4472,2025-09-03,True,False,2025,9,3,Salary Week,Regular Sale
8032,1634,2025-04-02,True,True,2025,4,2,Salary Week,Festival Sale
8033,823,2025-02-13,False,True,2025,2,1,Regular Week,Festival Sale
8034,4669,2025-04-18,True,True,2025,4,2,Salary Week,Festival Sale
8035,3763,2025-03-20,False,True,2025,3,1,Regular Week,Festival Sale
8036,3014,2025-10-01,True,True,2025,10,4,Salary Week,Festival Sale
8037,1530,2025-01-22,True,True,2025,1,1,Salary Week,Festival Sale
8038,1459,2025-10-15,False,False,2025,10,4,Regular Week,Regular Sale
8039,61,2025-05-04,False,False,2025,5,2,Regular Week,Regular Sale
8040,1850,2025-04-01,True,True,2025,4,2,Salary Week,Festival Sale
8041,1062,2025-10-22,False,False,2025,10,4,Regular Week,Regular Sale
8042,4948,2025-05-24,False,True,2025,5,2,Regular Week,Festival Sale
8043,4949,2025-02-22,True,False,2025,2,1,Salary Week,Regular Sale
8044,405,2025-09-05,False,False,2025,9,3,Regular Week,Regular Sale
8045,4793,2025-05-07,False,False,2025,5,2,Regular Week,Regular Sale
8046,254,2025-02-15,False,False,2025,2,1,Regular Week,Regular Sale
8047,4637,2025-07-12,False,True,2025,7,3,Regular Week,Festival Sale
8048,4279,2025-11-29,True,True,2025,11,4,Salary Week,Festival Sale
8049,4070,2025-01-08,True,False,2025,1,1,Salary Week,Regular Sale
8050,2470,2025-12-01,True,True,2025,12,4,Salary Week,Festival Sale
8051,4534,2025-08-29,False,True,2025,8,3,Regular Week,Festival Sale
8052,1403,2026-01-06,False,True,2026,1,1,Regular Week,Festival Sale
8053,3229,2025-11-10,False,True,2025,11,4,Regular Week,Festival Sale
8054,247,2025-06-02,False,True,2025,6,2,Regular Week,Festival Sale
8055,762,2025-07-04,True,True,2025,7,3,Salary Week,Festival Sale
8056,2433,2025-12-12,False,True,2025,12,4,Regular Week,Festival Sale
8057,358,2026-01-01,False,False,2026,1,1,Regular Week,Regular Sale
8058,2724,2025-01-21,True,True,2025,1,1,Salary Week,Festival Sale
8059,2928,2025-11-08,True,False,2025,11,4,Salary Week,Regular Sale
8060,1379,2025-02-19,True,True,2025,2,1,Salary Week,Festival Sale
8061,655,2025-12-24,False,False,2025,12,4,Regular Week,Regular Sale
8062,4264,2025-06-02,False,True,2025,6,2,Regular Week,Festival Sale
8063,4216,2025-01-15,False,False,2025,1,1,Regular Week,Regular Sale
8064,2562,2025-06-05,False,True,2025,6,2,Regular Week,Festival Sale
8065,4921,2025-07-04,True,True,2025,7,3,Salary Week,Festival Sale
8066,2900,2025-09-30,False,False,2025,9,3,Regular Week,Regular Sale
8067,3844,2025-06-19,True,True,2025,6,2,Salary Week,Festival Sale
8068,198,2025-01-15,False,True,2025,1,1,Regular Week,Festival Sale
8069,4709,2025-07-12,True,True,2025,7,3,Salary Week,Festival Sale
8070,3050,2025-01-10,True,False,2025,1,1,Salary Week,Regular Sale
8071,3023,2025-03-19,True,False,2025,3,1,Salary Week,Regular Sale
8072,3691,2025-03-29,False,False,2025,3,1,Regular Week,Regular Sale
8073,4055,2025-10-31,True,False,2025,10,4,Salary Week,Regular Sale
8074,4782,2025-05-17,True,False,2025,5,2,Salary Week,Regular Sale
8075,2200,2025-08-19,True,False,2025,8,3,Salary Week,Regular Sale
8076,258,2025-11-07,False,False,2025,11,4,Regular Week,Regular Sale
8077,3301,2025-12-18,False,True,2025,12,4,Regular Week,Festival Sale
8078,4967,2025-01-27,True,True,2025,1,1,Salary Week,Festival Sale
8079,2810,2025-07-19,True,True,2025,7,3,Salary Week,Festival Sale
8080,2279,2025-11-05,False,True,2025,11,4,Regular Week,Festival Sale
8081,4791,2025-11-19,False,True,2025,11,4,Regular Week,Festival Sale
8082,2642,2025-10-09,True,True,2025,10,4,Salary Week,Festival Sale
8083,4596,2025-02-26,True,True,2025,2,1,Salary Week,Festival Sale
8084,4590,2025-10-04,True,True,2025,10,4,Salary Week,Festival Sale
8085,388,2025-05-01,False,True,2025,5,2,Regular Week,Festival Sale
8086,4697,2025-01-07,False,True,2025,1,1,Regular Week,Festival Sale
8087,751,2025-06-14,True,True,2025,6,2,Salary Week,Festival Sale
8088,1222,2025-05-26,False,True,2025,5,2,Regular Week,Festival Sale
8089,765,2025-03-09,False,True,2025,3,1,Regular Week,Festival Sale
8090,2555,2025-12-23,False,True,2025,12,4,Regular Week,Festival Sale
8091,4417,2025-11-18,False,False,2025,11,4,Regular Week,Regular Sale
8092,1107,2025-05-13,True,True,2025,5,2,Salary Week,Festival Sale
8093,471,2025-02-11,True,False,2025,2,1,Salary Week,Regular Sale
8094,1099,2025-02-12,False,True,2025,2,1,Regular Week,Festival Sale
8095,771,2025-10-15,True,False,2025,10,4,Salary Week,Regular Sale
8096,4317,2025-10-29,False,True,2025,10,4,Regular Week,Festival Sale
8097,1012,2025-07-12,True,True,2025,7,3,Salary Week,Festival Sale
8098,2973,2025-08-27,False,False,2025,8,3,Regular Week,Regular Sale
8099,1332,2025-04-06,False,False,2025,4,2,Regular Week,Regular Sale
8100,2843,2025-07-22,True,False,2025,7,3,Salary Week,Regular Sale
8101,1883,2025-04-17,False,False,2025,4,2,Regular Week,Regular Sale
8102,7,2025-04-28,False,True,2025,4,2,Regular Week,Festival Sale
8103,3495,2025-12-08,True,True,2025,12,4,Salary Week,Festival Sale
8104,2768,2025-10-08,True,False,2025,10,4,Salary Week,Regular Sale
8105,705,2025-09-03,False,True,2025,9,3,Regular Week,Festival Sale
8106,2812,2025-08-10,False,True,2025,8,3,Regular Week,Festival Sale
8107,3984,2025-07-11,True,True,2025,7,3,Salary Week,Festival Sale
8108,20,2025-05-30,False,True,2025,5,2,Regular Week,Festival Sale
8109,2356,2025-03-10,False,True,2025,3,1,Regular Week,Festival Sale
8110,670,2025-09-02,False,False,2025,9,3,Regular Week,Regular Sale
8111,3658,2025-03-21,False,False,2025,3,1,Regular Week,Regular Sale
8112,3991,2025-02-07,False,True,2025,2,1,Regular Week,Festival Sale
8113,4010,2025-01-06,False,False,2025,1,1,Regular Week,Regular Sale
8114,3148,2025-11-07,False,False,2025,11,4,Regular Week,Regular Sale
8115,3124,2025-04-30,False,False,2025,4,2,Regular Week,Regular Sale
8116,3426,2025-05-06,True,False,2025,5,2,Salary Week,Regular Sale
8117,2380,2026-01-06,True,False,2026,1,1,Salary Week,Regular Sale
8118,4271,2025-10-24,False,False,2025,10,4,Regular Week,Regular Sale
8119,545,2025-03-11,True,False,2025,3,1,Salary Week,Regular Sale
8120,4601,2025-02-11,False,True,2025,2,1,Regular Week,Festival Sale
8121,3724,2025-05-14,True,True,2025,5,2,Salary Week,Festival Sale
8122,4182,2025-10-04,True,True,2025,10,4,Salary Week,Festival Sale
8123,3819,2025-01-06,False,False,2025,1,1,Regular Week,Regular Sale
8124,2841,2025-12-03,True,True,2025,12,4,Salary Week,Festival Sale
8125,1853,2025-08-20,True,False,2025,8,3,Salary Week,Regular Sale
8126,1199,2025-09-02,True,False,2025,9,3,Salary Week,Regular Sale
8127,2542,2025-07-10,False,False,2025,7,3,Regular Week,Regular Sale
8128,4873,2025-04-02,False,True,2025,4,2,Regular Week,Festival Sale
8129,2281,2025-11-19,False,False,2025,11,4,Regular Week,Regular Sale
8130,2662,2025-02-02,False,True,2025,2,1,Regular Week,Festival Sale
8131,2161,2025-10-16,True,True,2025,10,4,Salary Week,Festival Sale
8132,2833,2025-07-22,False,False,2025,7,3,Regular Week,Regular Sale
8133,1254,2025-04-03,True,False,2025,4,2,Salary Week,Regular Sale
8134,4903,2025-01-13,False,False,2025,1,1,Regular Week,Regular Sale
8135,4430,2025-06-02,True,True,2025,6,2,Salary Week,Festival Sale
8136,4793,2025-10-08,True,True,2025,10,4,Salary Week,Festival Sale
8137,30,2025-11-14,True,True,2025,11,4,Salary Week,Festival Sale
8138,3688,2025-05-23,False,False,2025,5,2,Regular Week,Regular Sale
8139,4086,2025-07-22,True,False,2025,7,3,Salary Week,Regular Sale
8140,1103,2025-02-02,False,True,2025,2,1,Regular Week,Festival Sale
8141,1771,2025-04-15,True,False,2025,4,2,Salary Week,Regular Sale
8142,3958,2025-10-18,True,True,2025,10,4,Salary Week,Festival Sale
8143,540,2025-02-10,False,False,2025,2,1,Regular Week,Regular Sale
8144,2479,2025-09-07,True,True,2025,9,3,Salary Week,Festival Sale
8145,910,2025-08-23,False,False,2025,8,3,Regular Week,Regular Sale
8146,2679,2025-04-20,True,True,2025,4,2,Salary Week,Festival Sale
8147,4445,2025-05-07,True,True,2025,5,2,Salary Week,Festival Sale
8148,4873,2025-06-07,False,True,2025,6,2,Regular Week,Festival Sale
8149,345,2025-06-30,True,False,2025,6,2,Salary Week,Regular Sale
8150,3091,2025-08-25,False,True,2025,8,3,Regular Week,Festival Sale
8151,1498,2025-09-13,True,False,2025,9,3,Salary Week,Regular Sale
8152,745,2025-08-12,False,False,2025,8,3,Regular Week,Regular Sale
8153,3508,2025-11-30,False,False,2025,11,4,Regular Week,Regular Sale
8154,2738,2025-02-17,False,True,2025,2,1,Regular Week,Festival Sale
8155,4799,2026-01-05,True,True,2026,1,1,Salary Week,Festival Sale
8156,562,2025-03-25,False,True,2025,3,1,Regular Week,Festival Sale
8157,3591,2025-10-03,False,False,2025,10,4,Regular Week,Regular Sale
8158,136,2025-02-11,False,False,2025,2,1,Regular Week,Regular Sale
8159,3695,2025-07-22,True,True,2025,7,3,Salary Week,Festival Sale
8160,1427,2025-01-24,False,False,2025,1,1,Regular Week,Regular Sale
8161,4264,2025-03-08,False,False,2025,3,1,Regular Week,Regular Sale
8162,4367,2025-06-03,False,False,2025,6,2,Regular Week,Regular Sale
8163,579,2025-08-07,True,True,2025,8,3,Salary Week,Festival Sale
8164,104,2025-02-16,False,True,2025,2,1,Regular Week,Festival Sale
8165,367,2025-02-01,True,False,2025,2,1,Salary Week,Regular Sale
8166,4186,2025-01-24,False,False,2025,1,1,Regular Week,Regular Sale
8167,2874,2025-11-22,False,False,2025,11,4,Regular Week,Regular Sale
8168,2097,2025-04-12,True,True,2025,4,2,Salary Week,Festival Sale
8169,4994,2025-04-03,True,False,2025,4,2,Salary Week,Regular Sale
8170,3858,2026-01-06,True,False,2026,1,1,Salary Week,Regular Sale
8171,696,2025-06-29,True,False,2025,6,2,Salary Week,Regular Sale
8172,1398,2025-08-17,True,False,2025,8,3,Salary Week,Regular Sale
8173,400,2025-10-22,True,False,2025,10,4,Salary Week,Regular Sale
8174,3406,2025-12-24,False,False,2025,12,4,Regular Week,Regular Sale
8175,3736,2025-01-24,False,True,2025,1,1,Regular Week,Festival Sale
8176,2549,2025-05-11,False,False,2025,5,2,Regular Week,Regular Sale
8177,4649,2025-11-03,True,False,2025,11,4,Salary Week,Regular Sale
8178,3840,2025-06-06,False,True,2025,6,2,Regular Week,Festival Sale
8179,3016,2025-07-02,True,True,2025,7,3,Salary Week,Festival Sale
8180,287,2025-02-06,False,True,2025,2,1,Regular Week,Festival Sale
8181,24,2025-05-31,True,True,2025,5,2,Salary Week,Festival Sale
8182,3962,2025-06-29,False,False,2025,6,2,Regular Week,Regular Sale
8183,994,2025-06-04,False,True,2025,6,2,Regular Week,Festival Sale
8184,3278,2025-02-25,False,True,2025,2,1,Regular Week,Festival Sale
8185,2184,2025-06-06,False,True,2025,6,2,Regular Week,Festival Sale
8186,4446,2025-08-11,True,False,2025,8,3,Salary Week,Regular Sale
8187,706,2025-06-11,True,True,2025,6,2,Salary Week,Festival Sale
8188,1142,2025-04-25,True,False,2025,4,2,Salary Week,Regular Sale
8189,4555,2025-09-09,False,True,2025,9,3,Regular Week,Festival Sale
8190,741,2025-09-20,True,False,2025,9,3,Salary Week,Regular Sale
8191,4568,2025-07-01,True,True,2025,7,3,Salary Week,Festival Sale
8192,586,2025-02-22,True,False,2025,2,1,Salary Week,Regular Sale
8193,2000,2025-07-21,True,True,2025,7,3,Salary Week,Festival Sale
8194,2402,2025-01-08,False,False,2025,1,1,Regular Week,Regular Sale
8195,2684,2025-09-19,True,True,2025,9,3,Salary Week,Festival Sale
8196,4421,2025-12-18,True,False,2025,12,4,Salary Week,Regular Sale
8197,3564,2025-12-06,True,True,2025,12,4,Salary Week,Festival Sale
8198,4648,2025-07-23,True,True,2025,7,3,Salary Week,Festival Sale
8199,2379,2025-03-29,False,True,2025,3,1,Regular Week,Festival Sale
8200,353,2025-06-15,True,True,2025,6,2,Salary Week,Festival Sale
8201,3377,2025-12-18,True,True,2025,12,4,Salary Week,Festival Sale
8202,52,2025-03-08,False,False,2025,3,1,Regular Week,Regular Sale
8203,4743,2025-07-04,True,True,2025,7,3,Salary Week,Festival Sale
8204,4581,2025-11-25,False,False,2025,11,4,Regular Week,Regular Sale
8205,2021,2025-07-25,False,True,2025,7,3,Regular Week,Festival Sale
8206,4845,2025-12-29,True,True,2025,12,4,Salary Week,Festival Sale
8207,2858,2025-07-08,True,True,2025,7,3,Salary Week,Festival Sale
8208,2500,2025-09-20,True,True,2025,9,3,Salary Week,Festival Sale
8209,3848,2025-07-07,False,False,2025,7,3,Regular Week,Regular Sale
8210,815,2025-11-06,False,True,2025,11,4,Regular Week,Festival Sale
8211,3203,2025-01-23,True,True,2025,1,1,Salary Week,Festival Sale
8212,673,2025-02-01,False,True,2025,2,1,Regular Week,Festival Sale
8213,2293,2025-04-15,False,False,2025,4,2,Regular Week,Regular Sale
8214,28,2025-10-20,True,False,2025,10,4,Salary Week,Regular Sale
8215,4657,2025-08-18,False,True,2025,8,3,Regular Week,Festival Sale
8216,3333,2025-01-31,False,False,2025,1,1,Regular Week,Regular Sale
8217,2898,2025-09-16,False,True,2025,9,3,Regular Week,Festival Sale
8218,382,2025-03-14,False,True,2025,3,1,Regular Week,Festival Sale
8219,4654,2025-02-16,False,True,2025,2,1,Regular Week,Festival Sale
8220,4695,2025-06-05,True,True,2025,6,2,Salary Week,Festival Sale
8221,1646,2025-09-12,True,True,2025,9,3,Salary Week,Festival Sale
8222,4456,2025-12-13,True,True,2025,12,4,Salary Week,Festival Sale
8223,1218,2025-02-14,False,False,2025,2,1,Regular Week,Regular Sale
8224,504,2025-12-21,True,False,2025,12,4,Salary Week,Regular Sale
8225,4460,2025-12-08,True,True,2025,12,4,Salary Week,Festival Sale
8226,3968,2025-12-15,True,True,2025,12,4,Salary Week,Festival Sale
8227,1361,2025-05-27,True,True,2025,5,2,Salary Week,Festival Sale
8228,3491,2025-12-29,True,True,2025,12,4,Salary Week,Festival Sale
8229,4951,2025-12-14,False,False,2025,12,4,Regular Week,Regular Sale
8230,24,2025-04-17,False,False,2025,4,2,Regular Week,Regular Sale
8231,4505,2025-06-04,True,False,2025,6,2,Salary Week,Regular Sale
8232,2584,2025-09-02,True,False,2025,9,3,Salary Week,Regular Sale
8233,2361,2025-10-30,True,False,2025,10,4,Salary Week,Regular Sale
8234,3167,2025-11-28,True,True,2025,11,4,Salary Week,Festival Sale
8235,4990,2025-05-26,False,False,2025,5,2,Regular Week,Regular Sale
8236,3735,2025-11-30,False,False,2025,11,4,Regular Week,Regular Sale
8237,2782,2025-04-18,False,False,2025,4,2,Regular Week,Regular Sale
8238,11,2025-12-25,False,True,2025,12,4,Regular Week,Festival Sale
8239,3075,2025-11-23,True,True,2025,11,4,Salary Week,Festival Sale
8240,175,2025-01-22,False,False,2025,1,1,Regular Week,Regular Sale
8241,1075,2025-09-15,False,True,2025,9,3,Regular Week,Festival Sale
8242,261,2025-12-24,False,False,2025,12,4,Regular Week,Regular Sale
8243,1374,2025-08-30,False,False,2025,8,3,Regular Week,Regular Sale
8244,714,2025-10-18,False,False,2025,10,4,Regular Week,Regular Sale
8245,2609,2025-05-09,True,True,2025,5,2,Salary Week,Festival Sale
8246,1051,2025-05-09,False,False,2025,5,2,Regular Week,Regular Sale
8247,2037,2025-08-19,True,True,2025,8,3,Salary Week,Festival Sale
8248,4898,2025-01-06,False,True,2025,1,1,Regular Week,Festival Sale
8249,1790,2025-12-23,False,False,2025,12,4,Regular Week,Regular Sale
8250,3976,2025-08-19,True,False,2025,8,3,Salary Week,Regular Sale
8251,4148,2025-07-27,False,True,2025,7,3,Regular Week,Festival Sale
8252,375,2025-11-01,True,True,2025,11,4,Salary Week,Festival Sale
8253,1819,2025-06-22,False,False,2025,6,2,Regular Week,Regular Sale
8254,2031,2025-03-18,True,False,2025,3,1,Salary Week,Regular Sale
8255,4105,2025-06-09,False,False,2025,6,2,Regular Week,Regular Sale
8256,2583,2025-09-03,True,True,2025,9,3,Salary Week,Festival Sale
8257,4782,2025-07-25,True,True,2025,7,3,Salary Week,Festival Sale
8258,4654,2025-02-27,True,False,2025,2,1,Salary Week,Regular Sale
8259,4788,2025-11-08,False,True,2025,11,4,Regular Week,Festival Sale
8260,3810,2025-01-21,False,False,2025,1,1,Regular Week,Regular Sale
8261,1282,2026-01-02,True,True,2026,1,1,Salary Week,Festival Sale
8262,864,2025-11-18,True,False,2025,11,4,Salary Week,Regular Sale
8263,2981,2025-02-02,False,True,2025,2,1,Regular Week,Festival Sale
8264,3317,2025-03-24,False,False,2025,3,1,Regular Week,Regular Sale
8265,680,2025-06-14,False,False,2025,6,2,Regular Week,Regular Sale
8266,1394,2025-10-21,False,False,2025,10,4,Regular Week,Regular Sale
8267,418,2025-01-14,False,True,2025,1,1,Regular Week,Festival Sale
8268,216,2025-10-03,False,True,2025,10,4,Regular Week,Festival Sale
8269,866,2025-11-02,False,True,2025,11,4,Regular Week,Festival Sale
8270,3672,2025-01-31,True,False,2025,1,1,Salary Week,Regular Sale
8271,3797,2025-01-22,False,True,2025,1,1,Regular Week,Festival Sale
8272,4807,2025-09-18,True,True,2025,9,3,Salary Week,Festival Sale
8273,3620,2025-10-28,True,False,2025,10,4,Salary Week,Regular Sale
8274,4045,2025-04-10,True,True,2025,4,2,Salary Week,Festival Sale
8275,4989,2025-04-24,False,True,2025,4,2,Regular Week,Festival Sale
8276,2001,2025-11-16,False,True,2025,11,4,Regular Week,Festival Sale
8277,4161,2025-03-17,True,True,2025,3,1,Salary Week,Festival Sale
8278,1544,2025-10-10,True,False,2025,10,4,Salary Week,Regular Sale
8279,634,2026-01-05,True,True,2026,1,1,Salary Week,Festival Sale
8280,4479,2025-06-11,False,True,2025,6,2,Regular Week,Festival Sale
8281,4885,2025-01-28,True,False,2025,1,1,Salary Week,Regular Sale
8282,2124,2025-10-23,False,True,2025,10,4,Regular Week,Festival Sale
8283,4977,2025-12-24,False,False,2025,12,4,Regular Week,Regular Sale
8284,328,2025-05-03,False,False,2025,5,2,Regular Week,Regular Sale
8285,245,2025-08-29,False,True,2025,8,3,Regular Week,Festival Sale
8286,3365,2025-07-25,True,False,2025,7,3,Salary Week,Regular Sale
8287,1919,2025-01-13,True,True,2025,1,1,Salary Week,Festival Sale
8288,3178,2025-01-23,False,False,2025,1,1,Regular Week,Regular Sale
8289,691,2025-11-04,False,False,2025,11,4,Regular Week,Regular Sale
8290,3927,2025-03-09,True,False,2025,3,1,Salary Week,Regular Sale
8291,4045,2025-11-11,False,False,2025,11,4,Regular Week,Regular Sale
8292,882,2025-05-26,False,False,2025,5,2,Regular Week,Regular Sale
8293,872,2025-06-29,False,True,2025,6,2,Regular Week,Festival Sale
8294,2124,2025-05-02,False,True,2025,5,2,Regular Week,Festival Sale
8295,4546,2025-11-05,False,False,2025,11,4,Regular Week,Regular Sale
8296,441,2025-05-29,True,False,2025,5,2,Salary Week,Regular Sale
8297,483,2025-06-04,True,False,2025,6,2,Salary Week,Regular Sale
8298,3320,2025-03-30,False,False,2025,3,1,Regular Week,Regular Sale
8299,2576,2025-08-27,False,True,2025,8,3,Regular Week,Festival Sale
8300,1118,2025-11-25,False,True,2025,11,4,Regular Week,Festival Sale
8301,2196,2025-04-05,True,True,2025,4,2,Salary Week,Festival Sale
8302,4187,2025-11-24,True,False,2025,11,4,Salary Week,Regular Sale
8303,418,2025-12-04,False,False,2025,12,4,Regular Week,Regular Sale
8304,473,2025-12-07,False,True,2025,12,4,Regular Week,Festival Sale
8305,3749,2025-11-30,True,False,2025,11,4,Salary Week,Regular Sale
8306,3058,2025-01-07,False,False,2025,1,1,Regular Week,Regular Sale
8307,1699,2025-08-14,False,True,2025,8,3,Regular Week,Festival Sale
8308,2493,2025-04-09,True,False,2025,4,2,Salary Week,Regular Sale
8309,1663,2025-09-10,True,False,2025,9,3,Salary Week,Regular Sale
8310,2962,2025-04-04,True,False,2025,4,2,Salary Week,Regular Sale
8311,1980,2025-07-16,False,True,2025,7,3,Regular Week,Festival Sale
8312,191,2025-10-27,True,False,2025,10,4,Salary Week,Regular Sale
8313,2861,2025-08-24,True,False,2025,8,3,Salary Week,Regular Sale
8314,4154,2025-01-27,False,True,2025,1,1,Regular Week,Festival Sale
8315,4096,2025-06-14,True,True,2025,6,2,Salary Week,Festival Sale
8316,2188,2025-01-07,True,False,2025,1,1,Salary Week,Regular Sale
8317,4484,2025-01-07,True,True,2025,1,1,Salary Week,Festival Sale
8318,873,2025-09-01,True,False,2025,9,3,Salary Week,Regular Sale
8319,3068,2025-12-08,True,False,2025,12,4,Salary Week,Regular Sale
8320,3139,2025-11-23,False,True,2025,11,4,Regular Week,Festival Sale
8321,1440,2025-08-01,True,True,2025,8,3,Salary Week,Festival Sale
8322,1001,2025-04-07,True,True,2025,4,2,Salary Week,Festival Sale
8323,4687,2025-08-01,False,False,2025,8,3,Regular Week,Regular Sale
8324,2141,2025-06-27,True,True,2025,6,2,Salary Week,Festival Sale
8325,4993,2025-04-20,True,False,2025,4,2,Salary Week,Regular Sale
8326,4068,2025-07-29,False,True,2025,7,3,Regular Week,Festival Sale
8327,3331,2025-12-18,False,False,2025,12,4,Regular Week,Regular Sale
8328,1255,2026-01-03,False,True,2026,1,1,Regular Week,Festival Sale
8329,3320,2025-07-04,False,False,2025,7,3,Regular Week,Regular Sale
8330,1328,2025-04-25,False,True,2025,4,2,Regular Week,Festival Sale
8331,4619,2025-01-24,False,False,2025,1,1,Regular Week,Regular Sale
8332,39,2025-01-23,True,True,2025,1,1,Salary Week,Festival Sale
8333,4094,2026-01-05,False,False,2026,1,1,Regular Week,Regular Sale
8334,4342,2025-01-31,False,False,2025,1,1,Regular Week,Regular Sale
8335,4252,2025-05-05,True,True,2025,5,2,Salary Week,Festival Sale
8336,481,2025-05-01,False,False,2025,5,2,Regular Week,Regular Sale
8337,2434,2025-06-20,True,False,2025,6,2,Salary Week,Regular Sale
8338,890,2025-08-21,False,False,2025,8,3,Regular Week,Regular Sale
8339,2864,2025-04-01,True,False,2025,4,2,Salary Week,Regular Sale
8340,2708,2025-04-06,True,True,2025,4,2,Salary Week,Festival Sale
8341,4065,2025-10-08,False,False,2025,10,4,Regular Week,Regular Sale
8342,4618,2025-04-02,True,False,2025,4,2,Salary Week,Regular Sale
8343,3376,2025-06-21,False,False,2025,6,2,Regular Week,Regular Sale
8344,4274,2025-03-28,False,False,2025,3,1,Regular Week,Regular Sale
8345,890,2025-11-08,True,True,2025,11,4,Salary Week,Festival Sale
8346,2581,2025-05-13,False,False,2025,5,2,Regular Week,Regular Sale
8347,3585,2025-11-15,True,True,2025,11,4,Salary Week,Festival Sale
8348,2419,2025-07-15,False,True,2025,7,3,Regular Week,Festival Sale
8349,781,2025-02-22,False,False,2025,2,1,Regular Week,Regular Sale
8350,4043,2025-07-16,True,False,2025,7,3,Salary Week,Regular Sale
8351,2817,2026-01-02,True,False,2026,1,1,Salary Week,Regular Sale
8352,1440,2025-03-26,False,True,2025,3,1,Regular Week,Festival Sale
8353,4877,2025-12-09,True,True,2025,12,4,Salary Week,Festival Sale
8354,831,2025-02-15,True,False,2025,2,1,Salary Week,Regular Sale
8355,4166,2025-10-01,True,True,2025,10,4,Salary Week,Festival Sale
8356,4732,2025-03-16,True,True,2025,3,1,Salary Week,Festival Sale
8357,4513,2025-04-05,False,True,2025,4,2,Regular Week,Festival Sale
8358,1064,2025-05-10,False,False,2025,5,2,Regular Week,Regular Sale
8359,2771,2025-11-12,True,False,2025,11,4,Salary Week,Regular Sale
8360,3258,2025-09-29,True,False,2025,9,3,Salary Week,Regular Sale
8361,3061,2025-04-09,False,False,2025,4,2,Regular Week,Regular Sale
8362,3931,2025-11-16,False,False,2025,11,4,Regular Week,Regular Sale
8363,4240,2025-09-09,False,False,2025,9,3,Regular Week,Regular Sale
8364,1451,2025-10-29,False,True,2025,10,4,Regular Week,Festival Sale
8365,544,2025-10-01,False,False,2025,10,4,Regular Week,Regular Sale
8366,4044,2025-09-06,True,True,2025,9,3,Salary Week,Festival Sale
8367,12,2025-01-10,False,True,2025,1,1,Regular Week,Festival Sale
8368,428,2025-11-01,False,False,2025,11,4,Regular Week,Regular Sale
8369,4288,2025-03-01,False,True,2025,3,1,Regular Week,Festival Sale
8370,927,2025-07-21,True,False,2025,7,3,Salary Week,Regular Sale
8371,4166,2025-10-05,True,True,2025,10,4,Salary Week,Festival Sale
8372,1881,2025-11-08,False,True,2025,11,4,Regular Week,Festival Sale
8373,3889,2025-04-25,False,True,2025,4,2,Regular Week,Festival Sale
8374,643,2025-01-16,True,False,2025,1,1,Salary Week,Regular Sale
8375,3904,2025-09-14,False,False,2025,9,3,Regular Week,Regular Sale
8376,464,2025-04-05,True,True,2025,4,2,Salary Week,Festival Sale
8377,4633,2025-10-17,False,True,2025,10,4,Regular Week,Festival Sale
8378,4758,2025-12-13,True,True,2025,12,4,Salary Week,Festival Sale
8379,2286,2025-11-25,False,False,2025,11,4,Regular Week,Regular Sale
8380,4830,2025-06-22,True,False,2025,6,2,Salary Week,Regular Sale
8381,1502,2025-12-12,True,False,2025,12,4,Salary Week,Regular Sale
8382,1848,2025-02-16,True,True,2025,2,1,Salary Week,Festival Sale
8383,1742,2025-12-01,False,True,2025,12,4,Regular Week,Festival Sale
8384,4449,2025-06-02,True,True,2025,6,2,Salary Week,Festival Sale
8385,262,2025-04-04,True,True,2025,4,2,Salary Week,Festival Sale
8386,2318,2025-09-11,False,True,2025,9,3,Regular Week,Festival Sale
8387,2203,2025-02-21,True,False,2025,2,1,Salary Week,Regular Sale
8388,3896,2025-02-23,False,True,2025,2,1,Regular Week,Festival Sale
8389,1538,2025-01-09,True,False,2025,1,1,Salary Week,Regular Sale
8390,312,2025-12-10,True,True,2025,12,4,Salary Week,Festival Sale
8391,2144,2025-08-31,False,True,2025,8,3,Regular Week,Festival Sale
8392,3435,2025-04-25,True,True,2025,4,2,Salary Week,Festival Sale
8393,3053,2025-01-06,False,False,2025,1,1,Regular Week,Regular Sale
8394,272,2025-07-10,False,True,2025,7,3,Regular Week,Festival Sale
8395,691,2025-03-25,False,True,2025,3,1,Regular Week,Festival Sale
8396,3972,2025-12-06,True,True,2025,12,4,Salary Week,Festival Sale
8397,2641,2025-11-23,False,True,2025,11,4,Regular Week,Festival Sale
8398,4607,2025-07-19,False,True,2025,7,3,Regular Week,Festival Sale
8399,4810,2025-11-16,False,False,2025,11,4,Regular Week,Regular Sale
8400,4134,2025-09-02,True,False,2025,9,3,Salary Week,Regular Sale
8401,748,2025-10-29,True,False,2025,10,4,Salary Week,Regular Sale
8402,3085,2025-05-08,True,False,2025,5,2,Salary Week,Regular Sale
8403,3739,2025-11-27,False,True,2025,11,4,Regular Week,Festival Sale
8404,3336,2025-04-22,True,False,2025,4,2,Salary Week,Regular Sale
8405,4696,2025-03-19,False,True,2025,3,1,Regular Week,Festival Sale
8406,2961,2025-10-13,True,False,2025,10,4,Salary Week,Regular Sale
8407,2820,2025-04-02,True,True,2025,4,2,Salary Week,Festival Sale
8408,3929,2025-05-17,False,False,2025,5,2,Regular Week,Regular Sale
8409,408,2025-02-05,False,True,2025,2,1,Regular Week,Festival Sale
8410,2756,2025-05-30,True,False,2025,5,2,Salary Week,Regular Sale
8411,2559,2025-01-21,True,False,2025,1,1,Salary Week,Regular Sale
8412,532,2025-01-19,False,False,2025,1,1,Regular Week,Regular Sale
8413,3048,2025-08-20,False,False,2025,8,3,Regular Week,Regular Sale
8414,801,2025-04-30,True,False,2025,4,2,Salary Week,Regular Sale
8415,4849,2025-01-14,False,False,2025,1,1,Regular Week,Regular Sale
8416,2413,2025-02-26,True,False,2025,2,1,Salary Week,Regular Sale
8417,1684,2025-11-07,False,False,2025,11,4,Regular Week,Regular Sale
8418,1021,2025-05-05,True,False,2025,5,2,Salary Week,Regular Sale
8419,839,2025-05-15,True,True,2025,5,2,Salary Week,Festival Sale
8420,3862,2025-06-09,False,True,2025,6,2,Regular Week,Festival Sale
8421,4669,2025-07-19,True,True,2025,7,3,Salary Week,Festival Sale
8422,1811,2025-12-22,True,False,2025,12,4,Salary Week,Regular Sale
8423,3984,2025-12-02,False,False,2025,12,4,Regular Week,Regular Sale
8424,1534,2025-07-08,False,True,2025,7,3,Regular Week,Festival Sale
8425,4096,2025-04-17,False,False,2025,4,2,Regular Week,Regular Sale
8426,3767,2025-11-18,True,True,2025,11,4,Salary Week,Festival Sale
8427,2526,2025-06-24,True,True,2025,6,2,Salary Week,Festival Sale
8428,2934,2025-04-19,True,True,2025,4,2,Salary Week,Festival Sale
8429,2201,2025-05-31,True,True,2025,5,2,Salary Week,Festival Sale
8430,2417,2025-04-24,False,False,2025,4,2,Regular Week,Regular Sale
8431,4853,2025-07-20,False,True,2025,7,3,Regular Week,Festival Sale
8432,4366,2025-04-12,True,True,2025,4,2,Salary Week,Festival Sale
8433,1056,2025-02-17,False,True,2025,2,1,Regular Week,Festival Sale
8434,3804,2025-03-05,False,True,2025,3,1,Regular Week,Festival Sale
8435,3135,2025-01-15,True,True,2025,1,1,Salary Week,Festival Sale
8436,2651,2025-08-05,True,False,2025,8,3,Salary Week,Regular Sale
8437,860,2025-11-08,False,True,2025,11,4,Regular Week,Festival Sale
8438,2805,2025-10-06,True,True,2025,10,4,Salary Week,Festival Sale
8439,2065,2025-05-08,False,False,2025,5,2,Regular Week,Regular Sale
8440,2729,2025-01-26,True,False,2025,1,1,Salary Week,Regular Sale
8441,2640,2025-02-09,True,True,2025,2,1,Salary Week,Festival Sale
8442,738,2025-11-18,False,False,2025,11,4,Regular Week,Regular Sale
8443,1457,2025-10-21,True,False,2025,10,4,Salary Week,Regular Sale
8444,614,2025-05-11,False,False,2025,5,2,Regular Week,Regular Sale
8445,1658,2025-03-23,True,True,2025,3,1,Salary Week,Festival Sale
8446,2559,2025-09-21,False,True,2025,9,3,Regular Week,Festival Sale
8447,2377,2025-06-16,False,False,2025,6,2,Regular Week,Regular Sale
8448,4172,2025-07-30,False,False,2025,7,3,Regular Week,Regular Sale
8449,2711,2025-10-30,True,False,2025,10,4,Salary Week,Regular Sale
8450,1266,2025-07-27,False,False,2025,7,3,Regular Week,Regular Sale
8451,628,2025-09-13,False,False,2025,9,3,Regular Week,Regular Sale
8452,2782,2025-10-20,False,True,2025,10,4,Regular Week,Festival Sale
8453,882,2025-02-28,True,False,2025,2,1,Salary Week,Regular Sale
8454,2890,2025-08-29,True,True,2025,8,3,Salary Week,Festival Sale
8455,429,2025-05-15,True,True,2025,5,2,Salary Week,Festival Sale
8456,2742,2025-12-28,False,False,2025,12,4,Regular Week,Regular Sale
8457,689,2025-02-20,True,True,2025,2,1,Salary Week,Festival Sale
8458,820,2025-05-15,False,True,2025,5,2,Regular Week,Festival Sale
8459,1183,2025-10-10,True,True,2025,10,4,Salary Week,Festival Sale
8460,4758,2025-07-23,False,True,2025,7,3,Regular Week,Festival Sale
8461,885,2025-05-13,False,True,2025,5,2,Regular Week,Festival Sale
8462,1375,2025-08-03,True,True,2025,8,3,Salary Week,Festival Sale
8463,246,2025-12-21,True,False,2025,12,4,Salary Week,Regular Sale
8464,4791,2025-09-25,False,False,2025,9,3,Regular Week,Regular Sale
8465,4242,2025-09-25,False,True,2025,9,3,Regular Week,Festival Sale
8466,1976,2025-02-24,False,True,2025,2,1,Regular Week,Festival Sale
8467,2856,2025-06-30,True,True,2025,6,2,Salary Week,Festival Sale
8468,3177,2025-04-18,False,True,2025,4,2,Regular Week,Festival Sale
8469,3895,2025-04-26,True,False,2025,4,2,Salary Week,Regular Sale
8470,2715,2025-05-20,True,False,2025,5,2,Salary Week,Regular Sale
8471,1007,2025-02-28,False,True,2025,2,1,Regular Week,Festival Sale
8472,3097,2025-09-26,True,False,2025,9,3,Salary Week,Regular Sale
8473,4071,2025-03-17,True,False,2025,3,1,Salary Week,Regular Sale
8474,4604,2025-02-21,True,False,2025,2,1,Salary Week,Regular Sale
8475,879,2025-09-22,True,False,2025,9,3,Salary Week,Regular Sale
8476,3944,2025-11-22,False,False,2025,11,4,Regular Week,Regular Sale
8477,4209,2025-04-13,False,True,2025,4,2,Regular Week,Festival Sale
8478,205,2025-03-07,True,True,2025,3,1,Salary Week,Festival Sale
8479,695,2025-05-13,True,True,2025,5,2,Salary Week,Festival Sale
8480,509,2025-05-21,True,False,2025,5,2,Salary Week,Regular Sale
8481,4806,2025-11-25,False,True,2025,11,4,Regular Week,Festival Sale
8482,808,2025-09-09,False,False,2025,9,3,Regular Week,Regular Sale
8483,226,2025-07-31,False,False,2025,7,3,Regular Week,Regular Sale
8484,2436,2026-01-01,False,False,2026,1,1,Regular Week,Regular Sale
8485,2062,2025-05-25,False,False,2025,5,2,Regular Week,Regular Sale
8486,598,2025-03-05,False,False,2025,3,1,Regular Week,Regular Sale
8487,4032,2025-05-18,False,False,2025,5,2,Regular Week,Regular Sale
8488,3032,2025-09-26,True,False,2025,9,3,Salary Week,Regular Sale
8489,671,2025-09-13,False,True,2025,9,3,Regular Week,Festival Sale
8490,3546,2025-02-21,False,True,2025,2,1,Regular Week,Festival Sale
8491,2796,2025-12-13,False,True,2025,12,4,Regular Week,Festival Sale
8492,2362,2025-12-25,True,False,2025,12,4,Salary Week,Regular Sale
8493,4697,2025-10-03,True,True,2025,10,4,Salary Week,Festival Sale
8494,4653,2025-04-04,True,False,2025,4,2,Salary Week,Regular Sale
8495,2712,2025-10-29,True,True,2025,10,4,Salary Week,Festival Sale
8496,806,2025-05-22,True,False,2025,5,2,Salary Week,Regular Sale
8497,3876,2025-02-13,True,True,2025,2,1,Salary Week,Festival Sale
8498,2434,2025-12-05,True,True,2025,12,4,Salary Week,Festival Sale
8499,850,2025-07-04,True,False,2025,7,3,Salary Week,Regular Sale
8500,1030,2025-04-06,True,True,2025,4,2,Salary Week,Festival Sale
8501,3961,2025-06-30,False,False,2025,6,2,Regular Week,Regular Sale
8502,1348,2025-06-17,False,True,2025,6,2,Regular Week,Festival Sale
8503,921,2025-10-21,False,False,2025,10,4,Regular Week,Regular Sale
8504,4622,2025-01-24,True,False,2025,1,1,Salary Week,Regular Sale
8505,67,2025-01-09,False,True,2025,1,1,Regular Week,Festival Sale
8506,4908,2025-02-06,True,False,2025,2,1,Salary Week,Regular Sale
8507,1134,2025-02-20,True,False,2025,2,1,Salary Week,Regular Sale
8508,4762,2025-03-13,False,True,2025,3,1,Regular Week,Festival Sale
8509,2894,2025-08-06,False,True,2025,8,3,Regular Week,Festival Sale
8510,2793,2025-08-30,False,False,2025,8,3,Regular Week,Regular Sale
8511,2896,2025-05-06,False,True,2025,5,2,Regular Week,Festival Sale
8512,2229,2025-11-08,True,False,2025,11,4,Salary Week,Regular Sale
8513,2353,2025-09-16,True,True,2025,9,3,Salary Week,Festival Sale
8514,1487,2025-05-23,True,False,2025,5,2,Salary Week,Regular Sale
8515,2745,2025-05-19,False,False,2025,5,2,Regular Week,Regular Sale
8516,2937,2025-03-09,True,False,2025,3,1,Salary Week,Regular Sale
8517,4861,2025-03-07,False,False,2025,3,1,Regular Week,Regular Sale
8518,4933,2025-09-04,False,True,2025,9,3,Regular Week,Festival Sale
8519,3376,2025-04-11,False,False,2025,4,2,Regular Week,Regular Sale
8520,3183,2025-06-02,False,True,2025,6,2,Regular Week,Festival Sale
8521,4153,2025-12-09,False,True,2025,12,4,Regular Week,Festival Sale
8522,1870,2025-01-27,True,False,2025,1,1,Salary Week,Regular Sale
8523,2391,2025-12-14,True,True,2025,12,4,Salary Week,Festival Sale
8524,3484,2025-06-13,False,False,2025,6,2,Regular Week,Regular Sale
8525,1039,2025-11-09,False,False,2025,11,4,Regular Week,Regular Sale
8526,2675,2025-02-19,True,True,2025,2,1,Salary Week,Festival Sale
8527,3910,2025-09-02,True,True,2025,9,3,Salary Week,Festival Sale
8528,585,2025-09-17,True,True,2025,9,3,Salary Week,Festival Sale
8529,1518,2025-06-01,False,True,2025,6,2,Regular Week,Festival Sale
8530,599,2025-05-08,False,False,2025,5,2,Regular Week,Regular Sale
8531,1182,2025-09-29,True,True,2025,9,3,Salary Week,Festival Sale
8532,1294,2025-05-25,True,False,2025,5,2,Salary Week,Regular Sale
8533,999,2025-12-27,True,True,2025,12,4,Salary Week,Festival Sale
8534,1587,2025-08-13,False,False,2025,8,3,Regular Week,Regular Sale
8535,4642,2025-04-23,True,False,2025,4,2,Salary Week,Regular Sale
8536,351,2025-09-10,False,False,2025,9,3,Regular Week,Regular Sale
8537,2657,2025-07-04,False,True,2025,7,3,Regular Week,Festival Sale
8538,468,2025-05-05,False,True,2025,5,2,Regular Week,Festival Sale
8539,1696,2025-11-29,False,True,2025,11,4,Regular Week,Festival Sale
8540,4490,2025-02-26,False,True,2025,2,1,Regular Week,Festival Sale
8541,2923,2025-08-12,True,True,2025,8,3,Salary Week,Festival Sale
8542,2742,2025-05-07,True,False,2025,5,2,Salary Week,Regular Sale
8543,1899,2025-10-22,True,True,2025,10,4,Salary Week,Festival Sale
8544,433,2025-01-15,True,False,2025,1,1,Salary Week,Regular Sale
8545,671,2025-12-26,True,True,2025,12,4,Salary Week,Festival Sale
8546,617,2025-08-10,True,True,2025,8,3,Salary Week,Festival Sale
8547,2540,2025-12-17,True,True,2025,12,4,Salary Week,Festival Sale
8548,1790,2025-01-31,True,True,2025,1,1,Salary Week,Festival Sale
8549,682,2026-01-04,False,True,2026,1,1,Regular Week,Festival Sale
8550,2669,2025-05-28,True,False,2025,5,2,Salary Week,Regular Sale
8551,4824,2025-08-02,False,True,2025,8,3,Regular Week,Festival Sale
8552,700,2025-06-23,False,False,2025,6,2,Regular Week,Regular Sale
8553,799,2025-12-17,False,False,2025,12,4,Regular Week,Regular Sale
8554,3342,2025-07-28,False,True,2025,7,3,Regular Week,Festival Sale
8555,3157,2025-10-01,True,True,2025,10,4,Salary Week,Festival Sale
8556,4900,2025-09-10,False,False,2025,9,3,Regular Week,Regular Sale
8557,979,2025-06-28,True,False,2025,6,2,Salary Week,Regular Sale
8558,155,2025-02-06,True,False,2025,2,1,Salary Week,Regular Sale
8559,4356,2025-02-03,True,True,2025,2,1,Salary Week,Festival Sale
8560,4182,2025-07-07,True,False,2025,7,3,Salary Week,Regular Sale
8561,3861,2025-12-09,False,False,2025,12,4,Regular Week,Regular Sale
8562,1986,2025-10-08,True,False,2025,10,4,Salary Week,Regular Sale
8563,4987,2025-09-21,False,False,2025,9,3,Regular Week,Regular Sale
8564,2044,2025-04-29,False,True,2025,4,2,Regular Week,Festival Sale
8565,959,2025-03-30,False,True,2025,3,1,Regular Week,Festival Sale
8566,3093,2025-01-21,True,False,2025,1,1,Salary Week,Regular Sale
8567,754,2025-10-19,True,False,2025,10,4,Salary Week,Regular Sale
8568,4222,2025-12-06,False,True,2025,12,4,Regular Week,Festival Sale
8569,1177,2025-01-29,False,False,2025,1,1,Regular Week,Regular Sale
8570,3266,2025-04-04,True,True,2025,4,2,Salary Week,Festival Sale
8571,3493,2025-08-08,True,True,2025,8,3,Salary Week,Festival Sale
8572,453,2025-07-23,False,False,2025,7,3,Regular Week,Regular Sale
8573,92,2025-10-24,False,True,2025,10,4,Regular Week,Festival Sale
8574,1890,2025-10-10,False,True,2025,10,4,Regular Week,Festival Sale
8575,4940,2025-02-11,False,True,2025,2,1,Regular Week,Festival Sale
8576,3918,2025-12-12,True,False,2025,12,4,Salary Week,Regular Sale
8577,919,2025-12-05,False,True,2025,12,4,Regular Week,Festival Sale
8578,2406,2025-03-25,False,False,2025,3,1,Regular Week,Regular Sale
8579,3619,2025-08-14,True,True,2025,8,3,Salary Week,Festival Sale
8580,792,2025-12-24,False,True,2025,12,4,Regular Week,Festival Sale
8581,3240,2025-11-04,False,False,2025,11,4,Regular Week,Regular Sale
8582,1266,2025-01-09,False,False,2025,1,1,Regular Week,Regular Sale
8583,2893,2025-05-01,False,False,2025,5,2,Regular Week,Regular Sale
8584,4990,2025-10-27,False,False,2025,10,4,Regular Week,Regular Sale
8585,4372,2025-07-29,True,True,2025,7,3,Salary Week,Festival Sale
8586,4838,2025-03-31,True,False,2025,3,1,Salary Week,Regular Sale
8587,1040,2025-10-07,False,False,2025,10,4,Regular Week,Regular Sale
8588,1257,2025-08-31,False,True,2025,8,3,Regular Week,Festival Sale
8589,2047,2025-11-19,True,False,2025,11,4,Salary Week,Regular Sale
8590,2915,2025-05-24,True,False,2025,5,2,Salary Week,Regular Sale
8591,4824,2025-10-10,False,True,2025,10,4,Regular Week,Festival Sale
8592,2998,2025-10-28,False,True,2025,10,4,Regular Week,Festival Sale
8593,541,2025-07-23,False,False,2025,7,3,Regular Week,Regular Sale
8594,3294,2025-08-11,False,False,2025,8,3,Regular Week,Regular Sale
8595,3718,2025-04-16,True,False,2025,4,2,Salary Week,Regular Sale
8596,759,2025-07-28,False,False,2025,7,3,Regular Week,Regular Sale
8597,101,2026-01-03,True,True,2026,1,1,Salary Week,Festival Sale
8598,4537,2025-02-27,True,True,2025,2,1,Salary Week,Festival Sale
8599,1317,2025-07-02,True,True,2025,7,3,Salary Week,Festival Sale
8600,600,2025-05-15,True,False,2025,5,2,Salary Week,Regular Sale
8601,4843,2025-10-22,False,True,2025,10,4,Regular Week,Festival Sale
8602,602,2025-09-09,False,True,2025,9,3,Regular Week,Festival Sale
8603,4807,2025-12-18,False,True,2025,12,4,Regular Week,Festival Sale
8604,1397,2025-11-01,True,True,2025,11,4,Salary Week,Festival Sale
8605,2235,2025-10-18,False,False,2025,10,4,Regular Week,Regular Sale
8606,2985,2025-03-10,True,False,2025,3,1,Salary Week,Regular Sale
8607,2936,2025-10-24,False,True,2025,10,4,Regular Week,Festival Sale
8608,3179,2025-03-24,True,True,2025,3,1,Salary Week,Festival Sale
8609,2116,2025-04-22,False,False,2025,4,2,Regular Week,Regular Sale
8610,2938,2025-12-25,False,False,2025,12,4,Regular Week,Regular Sale
8611,3395,2025-07-25,True,True,2025,7,3,Salary Week,Festival Sale
8612,380,2025-12-02,False,True,2025,12,4,Regular Week,Festival Sale
8613,4150,2025-10-14,False,True,2025,10,4,Regular Week,Festival Sale
8614,307,2026-01-05,False,True,2026,1,1,Regular Week,Festival Sale
8615,4108,2025-01-06,False,False,2025,1,1,Regular Week,Regular Sale
8616,3893,2025-07-24,True,False,2025,7,3,Salary Week,Regular Sale
8617,4631,2025-12-27,True,True,2025,12,4,Salary Week,Festival Sale
8618,2924,2025-07-12,True,True,2025,7,3,Salary Week,Festival Sale
8619,1967,2025-08-24,False,False,2025,8,3,Regular Week,Regular Sale
8620,2661,2026-01-04,True,True,2026,1,1,Salary Week,Festival Sale
8621,1350,2025-01-10,True,True,2025,1,1,Salary Week,Festival Sale
8622,2189,2025-07-19,False,True,2025,7,3,Regular Week,Festival Sale
8623,3428,2025-12-05,True,True,2025,12,4,Salary Week,Festival Sale
8624,2964,2025-12-09,False,True,2025,12,4,Regular Week,Festival Sale
8625,1220,2025-07-01,True,True,2025,7,3,Salary Week,Festival Sale
8626,4748,2025-04-23,False,True,2025,4,2,Regular Week,Festival Sale
8627,1328,2025-02-17,True,True,2025,2,1,Salary Week,Festival Sale
8628,2227,2025-06-07,False,True,2025,6,2,Regular Week,Festival Sale
8629,3101,2025-08-13,False,True,2025,8,3,Regular Week,Festival Sale
8630,2436,2025-10-25,True,True,2025,10,4,Salary Week,Festival Sale
8631,2429,2025-07-29,False,True,2025,7,3,Regular Week,Festival Sale
8632,4010,2025-11-16,False,True,2025,11,4,Regular Week,Festival Sale
8633,1649,2025-07-27,False,True,2025,7,3,Regular Week,Festival Sale
8634,3185,2025-12-05,False,True,2025,12,4,Regular Week,Festival Sale
8635,2215,2025-02-09,False,True,2025,2,1,Regular Week,Festival Sale
8636,1891,2025-06-01,True,False,2025,6,2,Salary Week,Regular Sale
8637,695,2025-03-26,True,True,2025,3,1,Salary Week,Festival Sale
8638,484,2025-08-25,False,False,2025,8,3,Regular Week,Regular Sale
8639,3929,2025-04-11,True,False,2025,4,2,Salary Week,Regular Sale
8640,1985,2025-10-19,False,False,2025,10,4,Regular Week,Regular Sale
8641,3643,2025-10-09,True,False,2025,10,4,Salary Week,Regular Sale
8642,317,2025-01-11,True,True,2025,1,1,Salary Week,Festival Sale
8643,2655,2025-02-20,True,True,2025,2,1,Salary Week,Festival Sale
8644,2090,2025-01-28,False,False,2025,1,1,Regular Week,Regular Sale
8645,3819,2025-05-09,True,False,2025,5,2,Salary Week,Regular Sale
8646,1316,2025-01-13,True,False,2025,1,1,Salary Week,Regular Sale
8647,3926,2025-04-09,True,True,2025,4,2,Salary Week,Festival Sale
8648,11,2025-05-19,False,True,2025,5,2,Regular Week,Festival Sale
8649,1934,2025-08-30,True,False,2025,8,3,Salary Week,Regular Sale
8650,465,2025-06-01,True,True,2025,6,2,Salary Week,Festival Sale
8651,103,2025-09-04,False,True,2025,9,3,Regular Week,Festival Sale
8652,3077,2025-12-31,True,True,2025,12,4,Salary Week,Festival Sale
8653,4541,2025-02-05,False,True,2025,2,1,Regular Week,Festival Sale
8654,857,2025-09-03,True,False,2025,9,3,Salary Week,Regular Sale
8655,1040,2025-12-23,False,True,2025,12,4,Regular Week,Festival Sale
8656,2981,2025-01-31,False,False,2025,1,1,Regular Week,Regular Sale
8657,1221,2025-11-03,True,True,2025,11,4,Salary Week,Festival Sale
8658,2357,2025-05-24,False,False,2025,5,2,Regular Week,Regular Sale
8659,2862,2025-10-17,True,False,2025,10,4,Salary Week,Regular Sale
8660,4933,2025-02-02,True,False,2025,2,1,Salary Week,Regular Sale
8661,2362,2025-09-27,False,False,2025,9,3,Regular Week,Regular Sale
8662,1881,2025-12-06,False,False,2025,12,4,Regular Week,Regular Sale
8663,1788,2025-09-15,False,True,2025,9,3,Regular Week,Festival Sale
8664,1895,2025-01-27,False,False,2025,1,1,Regular Week,Regular Sale
8665,271,2025-01-20,True,True,2025,1,1,Salary Week,Festival Sale
8666,2828,2025-08-07,False,True,2025,8,3,Regular Week,Festival Sale
8667,3283,2025-10-09,False,True,2025,10,4,Regular Week,Festival Sale
8668,780,2025-01-18,True,True,2025,1,1,Salary Week,Festival Sale
8669,3743,2025-07-27,True,False,2025,7,3,Salary Week,Regular Sale
8670,4450,2025-12-23,False,True,2025,12,4,Regular Week,Festival Sale
8671,3366,2025-04-25,False,False,2025,4,2,Regular Week,Regular Sale
8672,1550,2025-06-30,True,False,2025,6,2,Salary Week,Regular Sale
8673,273,2025-05-26,False,True,2025,5,2,Regular Week,Festival Sale
8674,4650,2025-05-10,False,False,2025,5,2,Regular Week,Regular Sale
8675,388,2025-11-11,True,False,2025,11,4,Salary Week,Regular Sale
8676,2955,2025-01-23,True,False,2025,1,1,Salary Week,Regular Sale
8677,3636,2025-05-10,False,True,2025,5,2,Regular Week,Festival Sale
8678,2381,2025-08-06,False,True,2025,8,3,Regular Week,Festival Sale
8679,82,2025-01-27,True,False,2025,1,1,Salary Week,Regular Sale
8680,3259,2025-05-13,False,False,2025,5,2,Regular Week,Regular Sale
8681,3218,2025-01-26,False,False,2025,1,1,Regular Week,Regular Sale
8682,3050,2025-04-08,True,False,2025,4,2,Salary Week,Regular Sale
8683,3042,2025-12-18,True,False,2025,12,4,Salary Week,Regular Sale
8684,824,2025-12-09,True,False,2025,12,4,Salary Week,Regular Sale
8685,4985,2025-10-19,True,True,2025,10,4,Salary Week,Festival Sale
8686,805,2025-10-08,False,True,2025,10,4,Regular Week,Festival Sale
8687,4297,2025-06-03,True,False,2025,6,2,Salary Week,Regular Sale
8688,1902,2025-07-25,False,False,2025,7,3,Regular Week,Regular Sale
8689,555,2025-03-12,False,False,2025,3,1,Regular Week,Regular Sale
8690,1413,2025-11-19,False,True,2025,11,4,Regular Week,Festival Sale
8691,2680,2025-10-21,True,True,2025,10,4,Salary Week,Festival Sale
8692,1305,2025-06-11,False,True,2025,6,2,Regular Week,Festival Sale
8693,790,2025-01-20,True,True,2025,1,1,Salary Week,Festival Sale
8694,3219,2025-01-17,True,True,2025,1,1,Salary Week,Festival Sale
8695,4290,2025-10-28,True,False,2025,10,4,Salary Week,Regular Sale
8696,1603,2025-07-04,False,False,2025,7,3,Regular Week,Regular Sale
8697,161,2025-06-10,True,True,2025,6,2,Salary Week,Festival Sale
8698,4550,2026-01-03,False,False,2026,1,1,Regular Week,Regular Sale
8699,274,2025-05-25,False,True,2025,5,2,Regular Week,Festival Sale
8700,3592,2025-04-15,True,True,2025,4,2,Salary Week,Festival Sale
8701,3776,2025-06-18,False,True,2025,6,2,Regular Week,Festival Sale
8702,4375,2025-01-19,True,False,2025,1,1,Salary Week,Regular Sale
8703,999,2025-05-27,False,False,2025,5,2,Regular Week,Regular Sale
8704,2274,2025-01-21,False,False,2025,1,1,Regular Week,Regular Sale
8705,2809,2025-11-20,False,True,2025,11,4,Regular Week,Festival Sale
8706,1738,2025-09-02,False,False,2025,9,3,Regular Week,Regular Sale
8707,4539,2025-03-14,True,False,2025,3,1,Salary Week,Regular Sale
8708,4800,2025-03-07,True,True,2025,3,1,Salary Week,Festival Sale
8709,2424,2026-01-06,True,True,2026,1,1,Salary Week,Festival Sale
8710,2771,2025-07-16,False,False,2025,7,3,Regular Week,Regular Sale
8711,4118,2025-09-20,True,False,2025,9,3,Salary Week,Regular Sale
8712,2284,2025-06-22,False,True,2025,6,2,Regular Week,Festival Sale
8713,4681,2025-02-28,False,True,2025,2,1,Regular Week,Festival Sale
8714,1316,2025-04-20,False,True,2025,4,2,Regular Week,Festival Sale
8715,1045,2025-04-05,False,False,2025,4,2,Regular Week,Regular Sale
8716,3575,2025-09-05,False,True,2025,9,3,Regular Week,Festival Sale
8717,3833,2025-02-04,True,True,2025,2,1,Salary Week,Festival Sale
8718,1082,2025-01-25,False,False,2025,1,1,Regular Week,Regular Sale
8719,1497,2025-04-19,False,True,2025,4,2,Regular Week,Festival Sale
8720,1982,2025-08-07,False,False,2025,8,3,Regular Week,Regular Sale
8721,4555,2025-09-04,True,True,2025,9,3,Salary Week,Festival Sale
8722,3264,2025-04-28,True,True,2025,4,2,Salary Week,Festival Sale
8723,3541,2025-07-26,False,True,2025,7,3,Regular Week,Festival Sale
8724,2754,2025-05-28,True,False,2025,5,2,Salary Week,Regular Sale
8725,1610,2025-06-06,True,False,2025,6,2,Salary Week,Regular Sale
8726,4275,2025-02-05,False,False,2025,2,1,Regular Week,Regular Sale
8727,1972,2025-11-14,False,False,2025,11,4,Regular Week,Regular Sale
8728,2574,2025-03-01,False,True,2025,3,1,Regular Week,Festival Sale
8729,679,2025-10-14,False,True,2025,10,4,Regular Week,Festival Sale
8730,3828,2025-09-01,True,False,2025,9,3,Salary Week,Regular Sale
8731,1945,2025-07-03,True,True,2025,7,3,Salary Week,Festival Sale
8732,3741,2025-08-29,True,True,2025,8,3,Salary Week,Festival Sale
8733,469,2025-05-24,True,True,2025,5,2,Salary Week,Festival Sale
8734,1467,2025-04-09,True,True,2025,4,2,Salary Week,Festival Sale
8735,949,2025-05-19,False,True,2025,5,2,Regular Week,Festival Sale
8736,1085,2025-11-30,False,False,2025,11,4,Regular Week,Regular Sale
8737,4487,2025-06-16,False,True,2025,6,2,Regular Week,Festival Sale
8738,1807,2025-09-29,True,False,2025,9,3,Salary Week,Regular Sale
8739,2235,2025-01-24,False,False,2025,1,1,Regular Week,Regular Sale
8740,4101,2025-08-16,True,False,2025,8,3,Salary Week,Regular Sale
8741,4661,2025-07-07,True,False,2025,7,3,Salary Week,Regular Sale
8742,578,2025-09-22,False,False,2025,9,3,Regular Week,Regular Sale
8743,4983,2025-04-20,True,True,2025,4,2,Salary Week,Festival Sale
8744,4379,2025-05-02,False,True,2025,5,2,Regular Week,Festival Sale
8745,4021,2025-12-19,False,False,2025,12,4,Regular Week,Regular Sale
8746,1025,2025-04-19,False,False,2025,4,2,Regular Week,Regular Sale
8747,799,2025-05-17,True,False,2025,5,2,Salary Week,Regular Sale
8748,25,2025-12-13,False,False,2025,12,4,Regular Week,Regular Sale
8749,2845,2025-02-21,False,False,2025,2,1,Regular Week,Regular Sale
8750,809,2025-07-16,False,True,2025,7,3,Regular Week,Festival Sale
8751,4427,2025-11-27,True,True,2025,11,4,Salary Week,Festival Sale
8752,601,2025-07-05,True,False,2025,7,3,Salary Week,Regular Sale
8753,4005,2025-04-06,True,False,2025,4,2,Salary Week,Regular Sale
8754,4640,2025-12-12,False,False,2025,12,4,Regular Week,Regular Sale
8755,1352,2025-07-05,True,False,2025,7,3,Salary Week,Regular Sale
8756,2772,2025-04-15,False,False,2025,4,2,Regular Week,Regular Sale
8757,3571,2025-04-23,True,True,2025,4,2,Salary Week,Festival Sale
8758,1069,2025-07-18,False,False,2025,7,3,Regular Week,Regular Sale
8759,2748,2025-07-04,False,True,2025,7,3,Regular Week,Festival Sale
8760,2156,2025-04-28,False,False,2025,4,2,Regular Week,Regular Sale
8761,3569,2025-12-02,False,True,2025,12,4,Regular Week,Festival Sale
8762,1276,2025-11-26,False,True,2025,11,4,Regular Week,Festival Sale
8763,1627,2025-09-28,True,True,2025,9,3,Salary Week,Festival Sale
8764,21,2025-01-16,False,False,2025,1,1,Regular Week,Regular Sale
8765,3413,2025-09-26,True,False,2025,9,3,Salary Week,Regular Sale
8766,3628,2025-11-21,False,False,2025,11,4,Regular Week,Regular Sale
8767,2372,2025-10-27,True,False,2025,10,4,Salary Week,Regular Sale
8768,2403,2025-07-20,False,False,2025,7,3,Regular Week,Regular Sale
8769,1926,2025-06-29,False,False,2025,6,2,Regular Week,Regular Sale
8770,1035,2025-06-27,True,False,2025,6,2,Salary Week,Regular Sale
8771,2853,2025-01-21,True,False,2025,1,1,Salary Week,Regular Sale
8772,3482,2025-06-06,True,False,2025,6,2,Salary Week,Regular Sale
8773,4202,2025-04-13,True,True,2025,4,2,Salary Week,Festival Sale
8774,440,2025-10-05,False,True,2025,10,4,Regular Week,Festival Sale
8775,912,2025-04-04,False,True,2025,4,2,Regular Week,Festival Sale
8776,2777,2025-03-19,False,False,2025,3,1,Regular Week,Regular Sale
8777,493,2025-01-19,True,True,2025,1,1,Salary Week,Festival Sale
8778,1081,2025-10-21,False,True,2025,10,4,Regular Week,Festival Sale
8779,52,2025-12-04,True,True,2025,12,4,Salary Week,Festival Sale
8780,3006,2025-07-05,True,True,2025,7,3,Salary Week,Festival Sale
8781,3975,2025-05-14,False,True,2025,5,2,Regular Week,Festival Sale
8782,4821,2025-09-03,True,True,2025,9,3,Salary Week,Festival Sale
8783,2194,2025-01-25,True,False,2025,1,1,Salary Week,Regular Sale
8784,2664,2025-09-15,True,True,2025,9,3,Salary Week,Festival Sale
8785,3895,2025-02-18,False,False,2025,2,1,Regular Week,Regular Sale
8786,4799,2025-05-14,True,True,2025,5,2,Salary Week,Festival Sale
8787,3434,2025-07-27,False,True,2025,7,3,Regular Week,Festival Sale
8788,4422,2025-01-21,False,True,2025,1,1,Regular Week,Festival Sale
8789,3538,2025-06-01,False,False,2025,6,2,Regular Week,Regular Sale
8790,1203,2025-01-29,False,False,2025,1,1,Regular Week,Regular Sale
8791,2066,2025-10-14,True,True,2025,10,4,Salary Week,Festival Sale
8792,2017,2025-03-31,True,False,2025,3,1,Salary Week,Regular Sale
8793,1045,2026-01-06,False,True,2026,1,1,Regular Week,Festival Sale
8794,4331,2025-07-25,False,True,2025,7,3,Regular Week,Festival Sale
8795,332,2025-09-24,False,True,2025,9,3,Regular Week,Festival Sale
8796,391,2025-05-15,False,True,2025,5,2,Regular Week,Festival Sale
8797,714,2025-09-23,True,True,2025,9,3,Salary Week,Festival Sale
8798,238,2025-03-24,False,False,2025,3,1,Regular Week,Regular Sale
8799,284,2025-09-29,True,False,2025,9,3,Salary Week,Regular Sale
8800,4375,2025-10-18,False,True,2025,10,4,Regular Week,Festival Sale
8801,376,2025-08-13,False,True,2025,8,3,Regular Week,Festival Sale
8802,4100,2025-02-04,True,True,2025,2,1,Salary Week,Festival Sale
8803,3150,2025-08-02,True,False,2025,8,3,Salary Week,Regular Sale
8804,4659,2025-04-17,True,False,2025,4,2,Salary Week,Regular Sale
8805,207,2025-11-18,True,False,2025,11,4,Salary Week,Regular Sale
8806,3926,2025-07-02,True,True,2025,7,3,Salary Week,Festival Sale
8807,3117,2025-01-26,False,True,2025,1,1,Regular Week,Festival Sale
8808,2542,2025-11-10,True,True,2025,11,4,Salary Week,Festival Sale
8809,3312,2025-12-05,False,False,2025,12,4,Regular Week,Regular Sale
8810,1601,2025-12-16,True,True,2025,12,4,Salary Week,Festival Sale
8811,1084,2025-03-20,False,True,2025,3,1,Regular Week,Festival Sale
8812,678,2025-10-13,True,True,2025,10,4,Salary Week,Festival Sale
8813,817,2025-03-27,False,False,2025,3,1,Regular Week,Regular Sale
8814,1364,2025-07-11,True,False,2025,7,3,Salary Week,Regular Sale
8815,780,2025-02-28,False,True,2025,2,1,Regular Week,Festival Sale
8816,4785,2025-02-21,False,True,2025,2,1,Regular Week,Festival Sale
8817,3116,2025-07-30,True,True,2025,7,3,Salary Week,Festival Sale
8818,2669,2025-11-11,False,False,2025,11,4,Regular Week,Regular Sale
8819,647,2025-09-03,False,False,2025,9,3,Regular Week,Regular Sale
8820,3771,2025-09-26,False,False,2025,9,3,Regular Week,Regular Sale
8821,2447,2025-11-24,False,True,2025,11,4,Regular Week,Festival Sale
8822,407,2025-10-10,True,False,2025,10,4,Salary Week,Regular Sale
8823,4256,2025-06-28,False,True,2025,6,2,Regular Week,Festival Sale
8824,1909,2025-04-30,False,True,2025,4,2,Regular Week,Festival Sale
8825,1508,2025-06-28,False,False,2025,6,2,Regular Week,Regular Sale
8826,462,2025-03-23,False,False,2025,3,1,Regular Week,Regular Sale
8827,2840,2025-12-18,True,False,2025,12,4,Salary Week,Regular Sale
8828,1455,2025-02-19,False,False,2025,2,1,Regular Week,Regular Sale
8829,2850,2025-02-04,False,False,2025,2,1,Regular Week,Regular Sale
8830,1491,2025-09-11,False,False,2025,9,3,Regular Week,Regular Sale
8831,4235,2025-05-15,False,False,2025,5,2,Regular Week,Regular Sale
8832,2328,2025-11-21,True,True,2025,11,4,Salary Week,Festival Sale
8833,1887,2025-03-21,True,False,2025,3,1,Salary Week,Regular Sale
8834,1119,2025-01-09,False,True,2025,1,1,Regular Week,Festival Sale
8835,190,2025-03-09,False,True,2025,3,1,Regular Week,Festival Sale
8836,4861,2025-11-28,True,False,2025,11,4,Salary Week,Regular Sale
8837,2192,2025-04-10,False,False,2025,4,2,Regular Week,Regular Sale
8838,2287,2025-08-20,False,True,2025,8,3,Regular Week,Festival Sale
8839,2691,2025-09-11,True,True,2025,9,3,Salary Week,Festival Sale
8840,4556,2025-10-04,False,True,2025,10,4,Regular Week,Festival Sale
8841,3796,2025-03-29,True,True,2025,3,1,Salary Week,Festival Sale
8842,4470,2025-11-16,False,True,2025,11,4,Regular Week,Festival Sale
8843,1646,2025-04-03,True,True,2025,4,2,Salary Week,Festival Sale
8844,707,2026-01-06,False,False,2026,1,1,Regular Week,Regular Sale
8845,1227,2025-07-09,False,True,2025,7,3,Regular Week,Festival Sale
8846,4276,2025-09-25,False,False,2025,9,3,Regular Week,Regular Sale
8847,4392,2025-12-04,False,True,2025,12,4,Regular Week,Festival Sale
8848,4981,2025-09-21,False,True,2025,9,3,Regular Week,Festival Sale
8849,2409,2025-08-20,True,True,2025,8,3,Salary Week,Festival Sale
8850,2302,2025-04-02,True,False,2025,4,2,Salary Week,Regular Sale
8851,2778,2025-04-20,True,True,2025,4,2,Salary Week,Festival Sale
8852,3105,2025-02-16,False,False,2025,2,1,Regular Week,Regular Sale
8853,92,2025-07-01,True,True,2025,7,3,Salary Week,Festival Sale
8854,988,2025-05-30,False,False,2025,5,2,Regular Week,Regular Sale
8855,3190,2025-04-04,False,False,2025,4,2,Regular Week,Regular Sale
8856,1964,2025-05-24,True,False,2025,5,2,Salary Week,Regular Sale
8857,2742,2025-01-26,False,True,2025,1,1,Regular Week,Festival Sale
8858,4927,2025-10-04,True,False,2025,10,4,Salary Week,Regular Sale
8859,63,2025-04-02,False,False,2025,4,2,Regular Week,Regular Sale
8860,262,2025-12-26,True,False,2025,12,4,Salary Week,Regular Sale
8861,2126,2025-12-09,True,True,2025,12,4,Salary Week,Festival Sale
8862,4162,2025-08-20,False,False,2025,8,3,Regular Week,Regular Sale
8863,2875,2025-02-05,True,True,2025,2,1,Salary Week,Festival Sale
8864,3069,2025-11-22,True,False,2025,11,4,Salary Week,Regular Sale
8865,2007,2025-08-19,True,True,2025,8,3,Salary Week,Festival Sale
8866,731,2025-06-24,True,True,2025,6,2,Salary Week,Festival Sale
8867,595,2025-10-27,False,False,2025,10,4,Regular Week,Regular Sale
8868,690,2025-10-12,False,False,2025,10,4,Regular Week,Regular Sale
8869,623,2025-06-23,False,True,2025,6,2,Regular Week,Festival Sale
8870,4081,2025-08-30,True,True,2025,8,3,Salary Week,Festival Sale
8871,2138,2025-06-05,True,True,2025,6,2,Salary Week,Festival Sale
8872,1857,2025-07-19,True,False,2025,7,3,Salary Week,Regular Sale
8873,60,2025-08-31,False,False,2025,8,3,Regular Week,Regular Sale
8874,3597,2025-04-04,True,True,2025,4,2,Salary Week,Festival Sale
8875,4137,2025-07-27,False,False,2025,7,3,Regular Week,Regular Sale
8876,2055,2025-12-26,True,True,2025,12,4,Salary Week,Festival Sale
8877,3088,2025-12-24,True,True,2025,12,4,Salary Week,Festival Sale
8878,1476,2025-07-04,True,True,2025,7,3,Salary Week,Festival Sale
8879,2068,2025-08-19,False,True,2025,8,3,Regular Week,Festival Sale
8880,234,2025-03-04,True,True,2025,3,1,Salary Week,Festival Sale
8881,1779,2025-12-13,False,True,2025,12,4,Regular Week,Festival Sale
8882,327,2025-12-13,False,True,2025,12,4,Regular Week,Festival Sale
8883,3038,2025-03-09,False,False,2025,3,1,Regular Week,Regular Sale
8884,1555,2025-02-28,True,True,2025,2,1,Salary Week,Festival Sale
8885,1939,2025-10-18,True,False,2025,10,4,Salary Week,Regular Sale
8886,245,2025-07-08,False,True,2025,7,3,Regular Week,Festival Sale
8887,883,2025-12-11,False,True,2025,12,4,Regular Week,Festival Sale
8888,4366,2025-09-17,True,True,2025,9,3,Salary Week,Festival Sale
8889,1836,2025-04-20,False,False,2025,4,2,Regular Week,Regular Sale
8890,2490,2025-07-24,False,False,2025,7,3,Regular Week,Regular Sale
8891,3935,2025-07-12,False,False,2025,7,3,Regular Week,Regular Sale
8892,2802,2025-04-19,True,True,2025,4,2,Salary Week,Festival Sale
8893,4898,2025-04-23,True,True,2025,4,2,Salary Week,Festival Sale
8894,1101,2025-06-24,True,False,2025,6,2,Salary Week,Regular Sale
8895,4003,2025-08-03,False,False,2025,8,3,Regular Week,Regular Sale
8896,2419,2025-03-02,False,True,2025,3,1,Regular Week,Festival Sale
8897,1171,2025-02-28,True,False,2025,2,1,Salary Week,Regular Sale
8898,3260,2025-08-29,False,True,2025,8,3,Regular Week,Festival Sale
8899,729,2025-05-21,True,True,2025,5,2,Salary Week,Festival Sale
8900,4374,2025-06-21,True,True,2025,6,2,Salary Week,Festival Sale
8901,1238,2025-10-30,False,False,2025,10,4,Regular Week,Regular Sale
8902,2740,2025-04-14,True,False,2025,4,2,Salary Week,Regular Sale
8903,2284,2025-03-11,True,True,2025,3,1,Salary Week,Festival Sale
8904,67,2025-09-11,False,True,2025,9,3,Regular Week,Festival Sale
8905,1878,2025-08-26,True,False,2025,8,3,Salary Week,Regular Sale
8906,960,2025-08-18,True,True,2025,8,3,Salary Week,Festival Sale
8907,3786,2025-05-14,True,False,2025,5,2,Salary Week,Regular Sale
8908,285,2025-10-05,True,False,2025,10,4,Salary Week,Regular Sale
8909,2080,2025-01-12,True,True,2025,1,1,Salary Week,Festival Sale
8910,1933,2025-02-07,True,False,2025,2,1,Salary Week,Regular Sale
8911,3485,2025-01-19,False,True,2025,1,1,Regular Week,Festival Sale
8912,2029,2025-06-11,False,False,2025,6,2,Regular Week,Regular Sale
8913,4827,2025-05-05,True,False,2025,5,2,Salary Week,Regular Sale
8914,2786,2025-03-26,False,True,2025,3,1,Regular Week,Festival Sale
8915,2715,2025-05-20,True,False,2025,5,2,Salary Week,Regular Sale
8916,4742,2025-12-09,False,False,2025,12,4,Regular Week,Regular Sale
8917,800,2025-07-17,False,False,2025,7,3,Regular Week,Regular Sale
8918,4737,2025-11-27,True,True,2025,11,4,Salary Week,Festival Sale
8919,471,2025-07-21,False,False,2025,7,3,Regular Week,Regular Sale
8920,2796,2025-04-05,False,False,2025,4,2,Regular Week,Regular Sale
8921,4139,2025-08-26,False,False,2025,8,3,Regular Week,Regular Sale
8922,3767,2025-04-10,False,False,2025,4,2,Regular Week,Regular Sale
8923,1664,2025-09-02,True,False,2025,9,3,Salary Week,Regular Sale
8924,2524,2025-01-21,False,True,2025,1,1,Regular Week,Festival Sale
8925,1783,2025-01-24,True,False,2025,1,1,Salary Week,Regular Sale
8926,2728,2026-01-01,True,False,2026,1,1,Salary Week,Regular Sale
8927,1438,2025-01-12,False,False,2025,1,1,Regular Week,Regular Sale
8928,1282,2025-09-28,False,False,2025,9,3,Regular Week,Regular Sale
8929,1550,2025-08-15,False,True,2025,8,3,Regular Week,Festival Sale
8930,4839,2025-12-28,False,False,2025,12,4,Regular Week,Regular Sale
8931,3438,2025-04-05,True,True,2025,4,2,Salary Week,Festival Sale
8932,1385,2025-10-19,True,True,2025,10,4,Salary Week,Festival Sale
8933,4349,2025-10-26,True,True,2025,10,4,Salary Week,Festival Sale
8934,4611,2025-07-14,False,True,2025,7,3,Regular Week,Festival Sale
8935,3720,2025-06-22,False,True,2025,6,2,Regular Week,Festival Sale
8936,1719,2025-01-19,True,False,2025,1,1,Salary Week,Regular Sale
8937,3426,2025-06-01,False,True,2025,6,2,Regular Week,Festival Sale
8938,4925,2025-02-24,True,False,2025,2,1,Salary Week,Regular Sale
8939,528,2025-01-11,False,True,2025,1,1,Regular Week,Festival Sale
8940,2044,2025-05-27,True,True,2025,5,2,Salary Week,Festival Sale
8941,2107,2025-04-23,False,False,2025,4,2,Regular Week,Regular Sale
8942,727,2025-01-14,True,False,2025,1,1,Salary Week,Regular Sale
8943,3507,2025-12-25,True,True,2025,12,4,Salary Week,Festival Sale
8944,4217,2025-05-09,False,False,2025,5,2,Regular Week,Regular Sale
8945,4238,2025-02-20,True,False,2025,2,1,Salary Week,Regular Sale
8946,3093,2025-06-09,False,False,2025,6,2,Regular Week,Regular Sale
8947,3927,2025-02-27,False,True,2025,2,1,Regular Week,Festival Sale
8948,1540,2025-09-22,True,False,2025,9,3,Salary Week,Regular Sale
8949,3046,2025-07-30,False,True,2025,7,3,Regular Week,Festival Sale
8950,4282,2025-04-04,False,True,2025,4,2,Regular Week,Festival Sale
8951,4018,2025-04-09,False,True,2025,4,2,Regular Week,Festival Sale
8952,521,2025-08-05,False,False,2025,8,3,Regular Week,Regular Sale
8953,1635,2025-04-15,True,False,2025,4,2,Salary Week,Regular Sale
8954,980,2025-11-17,True,True,2025,11,4,Salary Week,Festival Sale
8955,2697,2025-06-10,False,False,2025,6,2,Regular Week,Regular Sale
8956,1039,2025-07-31,True,False,2025,7,3,Salary Week,Regular Sale
8957,4759,2025-01-25,False,False,2025,1,1,Regular Week,Regular Sale
8958,4381,2025-03-30,False,True,2025,3,1,Regular Week,Festival Sale
8959,4094,2025-12-20,False,False,2025,12,4,Regular Week,Regular Sale
8960,195,2025-05-01,False,False,2025,5,2,Regular Week,Regular Sale
8961,3616,2025-06-16,True,False,2025,6,2,Salary Week,Regular Sale
8962,2288,2025-01-07,True,True,2025,1,1,Salary Week,Festival Sale
8963,120,2025-02-28,True,True,2025,2,1,Salary Week,Festival Sale
8964,502,2025-08-16,True,True,2025,8,3,Salary Week,Festival Sale
8965,3274,2025-10-21,False,False,2025,10,4,Regular Week,Regular Sale
8966,4676,2025-10-07,True,False,2025,10,4,Salary Week,Regular Sale
8967,4043,2025-02-11,False,True,2025,2,1,Regular Week,Festival Sale
8968,4240,2025-03-06,False,False,2025,3,1,Regular Week,Regular Sale
8969,4384,2025-03-21,False,True,2025,3,1,Regular Week,Festival Sale
8970,3376,2025-07-13,True,True,2025,7,3,Salary Week,Festival Sale
8971,4378,2025-08-10,True,False,2025,8,3,Salary Week,Regular Sale
8972,4072,2025-10-28,False,False,2025,10,4,Regular Week,Regular Sale
8973,3689,2025-05-11,True,False,2025,5,2,Salary Week,Regular Sale
8974,2744,2025-09-30,True,True,2025,9,3,Salary Week,Festival Sale
8975,4768,2025-01-16,True,False,2025,1,1,Salary Week,Regular Sale
8976,372,2025-01-14,True,True,2025,1,1,Salary Week,Festival Sale
8977,1373,2025-09-06,True,False,2025,9,3,Salary Week,Regular Sale
8978,1620,2025-06-10,True,True,2025,6,2,Salary Week,Festival Sale
8979,1590,2025-05-18,False,False,2025,5,2,Regular Week,Regular Sale
8980,2644,2025-02-06,True,True,2025,2,1,Salary Week,Festival Sale
8981,1313,2025-11-14,True,False,2025,11,4,Salary Week,Regular Sale
8982,3079,2025-06-11,False,False,2025,6,2,Regular Week,Regular Sale
8983,255,2025-11-16,False,False,2025,11,4,Regular Week,Regular Sale
8984,2507,2025-01-16,True,True,2025,1,1,Salary Week,Festival Sale
8985,2034,2025-06-02,True,False,2025,6,2,Salary Week,Regular Sale
8986,907,2025-02-04,True,False,2025,2,1,Salary Week,Regular Sale
8987,4986,2025-12-12,True,False,2025,12,4,Salary Week,Regular Sale
8988,3931,2025-10-21,False,False,2025,10,4,Regular Week,Regular Sale
8989,3552,2025-06-27,True,False,2025,6,2,Salary Week,Regular Sale
8990,4093,2025-03-09,False,False,2025,3,1,Regular Week,Regular Sale
8991,3731,2025-01-22,True,False,2025,1,1,Salary Week,Regular Sale
8992,3822,2025-02-06,True,False,2025,2,1,Salary Week,Regular Sale
8993,2223,2025-01-10,True,False,2025,1,1,Salary Week,Regular Sale
8994,1149,2025-09-23,False,True,2025,9,3,Regular Week,Festival Sale
8995,3378,2025-07-11,True,False,2025,7,3,Salary Week,Regular Sale
8996,373,2025-10-15,True,False,2025,10,4,Salary Week,Regular Sale
8997,899,2025-11-27,False,True,2025,11,4,Regular Week,Festival Sale
8998,2182,2025-05-10,True,True,2025,5,2,Salary Week,Festival Sale
8999,4043,2025-07-19,True,True,2025,7,3,Salary Week,Festival Sale
9000,2445,2025-03-14,True,False,2025,3,1,Salary Week,Regular Sale
9001,1118,2025-08-02,True,True,2025,8,3,Salary Week,Festival Sale
9002,1173,2025-09-01,True,False,2025,9,3,Salary Week,Regular Sale
9003,883,2025-06-28,True,False,2025,6,2,Salary Week,Regular Sale
9004,3894,2025-08-05,True,True,2025,8,3,Salary Week,Festival Sale
9005,2185,2025-10-27,True,True,2025,10,4,Salary Week,Festival Sale
9006,887,2025-03-12,False,True,2025,3,1,Regular Week,Festival Sale
9007,1095,2025-11-20,False,False,2025,11,4,Regular Week,Regular Sale
9008,1839,2025-07-03,True,True,2025,7,3,Salary Week,Festival Sale
9009,3232,2025-08-08,False,True,2025,8,3,Regular Week,Festival Sale
9010,4161,2025-03-02,False,True,2025,3,1,Regular Week,Festival Sale
9011,1102,2025-06-25,True,False,2025,6,2,Salary Week,Regular Sale
9012,375,2025-12-02,False,False,2025,12,4,Regular Week,Regular Sale
9013,928,2025-11-21,False,False,2025,11,4,Regular Week,Regular Sale
9014,1102,2025-02-01,True,True,2025,2,1,Salary Week,Festival Sale
9015,386,2025-07-10,False,True,2025,7,3,Regular Week,Festival Sale
9016,2831,2025-06-04,False,False,2025,6,2,Regular Week,Regular Sale
9017,3114,2025-10-08,True,True,2025,10,4,Salary Week,Festival Sale
9018,1170,2025-12-29,True,False,2025,12,4,Salary Week,Regular Sale
9019,746,2025-07-17,True,False,2025,7,3,Salary Week,Regular Sale
9020,3823,2025-12-05,False,True,2025,12,4,Regular Week,Festival Sale
9021,676,2025-12-22,True,False,2025,12,4,Salary Week,Regular Sale
9022,2404,2025-09-08,False,False,2025,9,3,Regular Week,Regular Sale
9023,2997,2025-05-19,True,False,2025,5,2,Salary Week,Regular Sale
9024,2374,2025-07-10,True,False,2025,7,3,Salary Week,Regular Sale
9025,2472,2025-04-10,False,False,2025,4,2,Regular Week,Regular Sale
9026,4694,2025-02-27,True,False,2025,2,1,Salary Week,Regular Sale
9027,521,2025-04-02,False,True,2025,4,2,Regular Week,Festival Sale
9028,301,2025-12-20,True,True,2025,12,4,Salary Week,Festival Sale
9029,1945,2025-10-20,False,True,2025,10,4,Regular Week,Festival Sale
9030,2254,2025-03-18,False,False,2025,3,1,Regular Week,Regular Sale
9031,3758,2025-02-23,True,False,2025,2,1,Salary Week,Regular Sale
9032,1342,2025-11-18,False,True,2025,11,4,Regular Week,Festival Sale
9033,2582,2025-01-21,True,False,2025,1,1,Salary Week,Regular Sale
9034,4879,2025-11-08,True,False,2025,11,4,Salary Week,Regular Sale
9035,1714,2025-02-17,False,False,2025,2,1,Regular Week,Regular Sale
9036,3620,2025-05-03,False,True,2025,5,2,Regular Week,Festival Sale
9037,4176,2025-10-02,False,True,2025,10,4,Regular Week,Festival Sale
9038,1137,2025-02-06,False,False,2025,2,1,Regular Week,Regular Sale
9039,3475,2025-04-19,False,False,2025,4,2,Regular Week,Regular Sale
9040,516,2025-07-01,True,True,2025,7,3,Salary Week,Festival Sale
9041,2704,2026-01-03,True,False,2026,1,1,Salary Week,Regular Sale
9042,3567,2025-11-18,False,False,2025,11,4,Regular Week,Regular Sale
9043,4512,2025-10-08,True,True,2025,10,4,Salary Week,Festival Sale
9044,1260,2025-09-16,False,True,2025,9,3,Regular Week,Festival Sale
9045,4728,2025-10-03,False,False,2025,10,4,Regular Week,Regular Sale
9046,4053,2025-05-02,True,False,2025,5,2,Salary Week,Regular Sale
9047,1958,2025-05-07,True,True,2025,5,2,Salary Week,Festival Sale
9048,2301,2025-06-16,True,True,2025,6,2,Salary Week,Festival Sale
9049,3202,2025-08-09,False,False,2025,8,3,Regular Week,Regular Sale
9050,4644,2025-12-14,False,True,2025,12,4,Regular Week,Festival Sale
9051,2389,2025-09-08,False,False,2025,9,3,Regular Week,Regular Sale
9052,1449,2025-05-26,True,False,2025,5,2,Salary Week,Regular Sale
9053,4318,2026-01-04,True,True,2026,1,1,Salary Week,Festival Sale
9054,2401,2025-02-05,False,True,2025,2,1,Regular Week,Festival Sale
9055,541,2025-09-08,True,True,2025,9,3,Salary Week,Festival Sale
9056,890,2025-12-05,True,False,2025,12,4,Salary Week,Regular Sale
9057,1348,2025-02-12,True,True,2025,2,1,Salary Week,Festival Sale
9058,2874,2025-04-17,True,True,2025,4,2,Salary Week,Festival Sale
9059,4226,2025-03-09,False,False,2025,3,1,Regular Week,Regular Sale
9060,4741,2025-11-16,False,True,2025,11,4,Regular Week,Festival Sale
9061,3735,2025-05-30,True,True,2025,5,2,Salary Week,Festival Sale
9062,1252,2025-10-29,False,True,2025,10,4,Regular Week,Festival Sale
9063,1815,2025-09-26,True,True,2025,9,3,Salary Week,Festival Sale
9064,3676,2025-05-04,False,False,2025,5,2,Regular Week,Regular Sale
9065,4859,2025-10-20,True,False,2025,10,4,Salary Week,Regular Sale
9066,4243,2025-07-18,True,True,2025,7,3,Salary Week,Festival Sale
9067,4494,2025-05-06,False,False,2025,5,2,Regular Week,Regular Sale
9068,4492,2025-07-12,True,False,2025,7,3,Salary Week,Regular Sale
9069,4599,2025-07-13,True,False,2025,7,3,Salary Week,Regular Sale
9070,1137,2025-05-18,True,False,2025,5,2,Salary Week,Regular Sale
9071,1348,2025-07-09,True,True,2025,7,3,Salary Week,Festival Sale
9072,2307,2025-03-31,False,True,2025,3,1,Regular Week,Festival Sale
9073,3596,2025-11-27,True,True,2025,11,4,Salary Week,Festival Sale
9074,4917,2025-10-25,False,False,2025,10,4,Regular Week,Regular Sale
9075,3767,2025-07-11,False,True,2025,7,3,Regular Week,Festival Sale
9076,1246,2025-10-26,False,True,2025,10,4,Regular Week,Festival Sale
9077,4059,2025-12-18,True,False,2025,12,4,Salary Week,Regular Sale
9078,91,2025-01-29,True,False,2025,1,1,Salary Week,Regular Sale
9079,2877,2025-06-27,True,False,2025,6,2,Salary Week,Regular Sale
9080,4099,2025-06-15,False,True,2025,6,2,Regular Week,Festival Sale
9081,230,2025-04-21,False,True,2025,4,2,Regular Week,Festival Sale
9082,2228,2025-10-21,True,True,2025,10,4,Salary Week,Festival Sale
9083,3739,2025-11-16,False,False,2025,11,4,Regular Week,Regular Sale
9084,2574,2026-01-01,False,True,2026,1,1,Regular Week,Festival Sale
9085,435,2025-10-27,False,False,2025,10,4,Regular Week,Regular Sale
9086,1659,2025-05-15,True,True,2025,5,2,Salary Week,Festival Sale
9087,174,2025-01-19,True,False,2025,1,1,Salary Week,Regular Sale
9088,292,2025-07-22,True,True,2025,7,3,Salary Week,Festival Sale
9089,1800,2025-12-06,True,True,2025,12,4,Salary Week,Festival Sale
9090,4322,2025-10-23,False,False,2025,10,4,Regular Week,Regular Sale
9091,602,2025-03-10,True,False,2025,3,1,Salary Week,Regular Sale
9092,3947,2025-09-10,False,False,2025,9,3,Regular Week,Regular Sale
9093,2707,2025-07-21,False,True,2025,7,3,Regular Week,Festival Sale
9094,440,2025-08-11,True,True,2025,8,3,Salary Week,Festival Sale
9095,4194,2025-08-04,False,True,2025,8,3,Regular Week,Festival Sale
9096,2407,2025-03-19,True,True,2025,3,1,Salary Week,Festival Sale
9097,2382,2025-08-14,False,False,2025,8,3,Regular Week,Regular Sale
9098,1886,2025-09-13,True,True,2025,9,3,Salary Week,Festival Sale
9099,3002,2026-01-06,False,False,2026,1,1,Regular Week,Regular Sale
9100,786,2025-12-07,True,False,2025,12,4,Salary Week,Regular Sale
9101,1961,2025-02-17,True,False,2025,2,1,Salary Week,Regular Sale
9102,4745,2025-05-20,True,False,2025,5,2,Salary Week,Regular Sale
9103,1925,2025-10-07,False,True,2025,10,4,Regular Week,Festival Sale
9104,2510,2025-11-14,True,False,2025,11,4,Salary Week,Regular Sale
9105,1060,2025-12-13,True,False,2025,12,4,Salary Week,Regular Sale
9106,190,2025-12-16,True,True,2025,12,4,Salary Week,Festival Sale
9107,994,2025-02-05,True,False,2025,2,1,Salary Week,Regular Sale
9108,1786,2025-05-15,True,True,2025,5,2,Salary Week,Festival Sale
9109,2810,2025-05-02,False,True,2025,5,2,Regular Week,Festival Sale
9110,4586,2025-12-13,True,False,2025,12,4,Salary Week,Regular Sale
9111,2959,2025-02-02,True,True,2025,2,1,Salary Week,Festival Sale
9112,4991,2025-09-18,False,True,2025,9,3,Regular Week,Festival Sale
9113,66,2025-08-31,False,True,2025,8,3,Regular Week,Festival Sale
9114,1284,2025-02-10,False,True,2025,2,1,Regular Week,Festival Sale
9115,4049,2025-05-25,False,False,2025,5,2,Regular Week,Regular Sale
9116,4260,2025-01-28,False,False,2025,1,1,Regular Week,Regular Sale
9117,2348,2025-03-17,True,True,2025,3,1,Salary Week,Festival Sale
9118,888,2025-12-09,False,True,2025,12,4,Regular Week,Festival Sale
9119,4665,2025-09-16,False,True,2025,9,3,Regular Week,Festival Sale
9120,4509,2025-08-19,False,False,2025,8,3,Regular Week,Regular Sale
9121,3731,2025-10-04,True,False,2025,10,4,Salary Week,Regular Sale
9122,2193,2025-08-20,True,True,2025,8,3,Salary Week,Festival Sale
9123,2351,2025-03-23,False,True,2025,3,1,Regular Week,Festival Sale
9124,2484,2025-11-22,True,True,2025,11,4,Salary Week,Festival Sale
9125,4670,2025-05-31,False,True,2025,5,2,Regular Week,Festival Sale
9126,4382,2025-09-26,True,False,2025,9,3,Salary Week,Regular Sale
9127,2796,2025-11-22,True,False,2025,11,4,Salary Week,Regular Sale
9128,4805,2025-05-17,False,True,2025,5,2,Regular Week,Festival Sale
9129,3986,2025-04-08,True,False,2025,4,2,Salary Week,Regular Sale
9130,3596,2025-02-20,False,False,2025,2,1,Regular Week,Regular Sale
9131,3619,2025-03-29,False,False,2025,3,1,Regular Week,Regular Sale
9132,4936,2025-07-01,True,False,2025,7,3,Salary Week,Regular Sale
9133,2959,2025-05-03,False,True,2025,5,2,Regular Week,Festival Sale
9134,3475,2025-04-26,False,False,2025,4,2,Regular Week,Regular Sale
9135,3679,2025-10-29,False,False,2025,10,4,Regular Week,Regular Sale
9136,4399,2025-04-13,False,False,2025,4,2,Regular Week,Regular Sale
9137,2064,2025-03-13,False,False,2025,3,1,Regular Week,Regular Sale
9138,2089,2025-06-01,True,False,2025,6,2,Salary Week,Regular Sale
9139,3937,2025-08-22,True,False,2025,8,3,Salary Week,Regular Sale
9140,4048,2025-06-07,False,True,2025,6,2,Regular Week,Festival Sale
9141,4517,2025-01-08,True,True,2025,1,1,Salary Week,Festival Sale
9142,3053,2025-06-01,False,True,2025,6,2,Regular Week,Festival Sale
9143,1069,2025-10-07,False,False,2025,10,4,Regular Week,Regular Sale
9144,1564,2025-06-13,False,True,2025,6,2,Regular Week,Festival Sale
9145,2179,2025-08-12,False,False,2025,8,3,Regular Week,Regular Sale
9146,2026,2025-01-10,False,False,2025,1,1,Regular Week,Regular Sale
9147,2264,2025-03-24,True,False,2025,3,1,Salary Week,Regular Sale
9148,4766,2025-12-10,True,True,2025,12,4,Salary Week,Festival Sale
9149,230,2025-09-08,False,True,2025,9,3,Regular Week,Festival Sale
9150,2698,2025-10-14,False,True,2025,10,4,Regular Week,Festival Sale
9151,4087,2025-06-01,False,True,2025,6,2,Regular Week,Festival Sale
9152,3907,2025-09-08,False,False,2025,9,3,Regular Week,Regular Sale
9153,603,2025-03-09,False,False,2025,3,1,Regular Week,Regular Sale
9154,2344,2025-10-01,False,True,2025,10,4,Regular Week,Festival Sale
9155,1221,2025-06-19,True,False,2025,6,2,Salary Week,Regular Sale
9156,1908,2025-08-21,True,True,2025,8,3,Salary Week,Festival Sale
9157,3238,2025-11-04,True,True,2025,11,4,Salary Week,Festival Sale
9158,225,2025-02-03,False,False,2025,2,1,Regular Week,Regular Sale
9159,1448,2025-07-29,False,True,2025,7,3,Regular Week,Festival Sale
9160,3132,2025-06-29,False,True,2025,6,2,Regular Week,Festival Sale
9161,4078,2025-09-28,False,True,2025,9,3,Regular Week,Festival Sale
9162,4344,2025-02-28,True,True,2025,2,1,Salary Week,Festival Sale
9163,230,2025-02-14,False,False,2025,2,1,Regular Week,Regular Sale
9164,2451,2025-03-11,False,False,2025,3,1,Regular Week,Regular Sale
9165,4336,2025-03-31,True,False,2025,3,1,Salary Week,Regular Sale
9166,4060,2025-01-29,False,False,2025,1,1,Regular Week,Regular Sale
9167,4262,2025-04-10,True,True,2025,4,2,Salary Week,Festival Sale
9168,1172,2025-06-15,False,True,2025,6,2,Regular Week,Festival Sale
9169,300,2025-06-03,True,False,2025,6,2,Salary Week,Regular Sale
9170,1012,2025-10-04,True,False,2025,10,4,Salary Week,Regular Sale
9171,586,2025-06-09,True,False,2025,6,2,Salary Week,Regular Sale
9172,3790,2025-08-24,False,True,2025,8,3,Regular Week,Festival Sale
9173,741,2025-04-06,True,True,2025,4,2,Salary Week,Festival Sale
9174,128,2025-02-22,True,False,2025,2,1,Salary Week,Regular Sale
9175,366,2025-06-15,False,True,2025,6,2,Regular Week,Festival Sale
9176,4118,2025-06-20,False,False,2025,6,2,Regular Week,Regular Sale
9177,4147,2025-04-27,True,True,2025,4,2,Salary Week,Festival Sale
9178,1037,2025-07-24,False,False,2025,7,3,Regular Week,Regular Sale
9179,4697,2025-09-02,True,True,2025,9,3,Salary Week,Festival Sale
9180,4016,2025-11-22,True,False,2025,11,4,Salary Week,Regular Sale
9181,2541,2025-11-02,True,False,2025,11,4,Salary Week,Regular Sale
9182,700,2025-11-21,False,False,2025,11,4,Regular Week,Regular Sale
9183,4721,2025-03-07,False,True,2025,3,1,Regular Week,Festival Sale
9184,2203,2025-09-13,False,False,2025,9,3,Regular Week,Regular Sale
9185,258,2025-09-29,True,False,2025,9,3,Salary Week,Regular Sale
9186,2828,2025-05-08,True,True,2025,5,2,Salary Week,Festival Sale
9187,1561,2025-06-03,True,True,2025,6,2,Salary Week,Festival Sale
9188,4078,2025-06-13,True,False,2025,6,2,Salary Week,Regular Sale
9189,2576,2025-02-08,True,True,2025,2,1,Salary Week,Festival Sale
9190,4896,2025-12-10,True,False,2025,12,4,Salary Week,Regular Sale
9191,4818,2025-10-12,False,False,2025,10,4,Regular Week,Regular Sale
9192,4842,2025-10-13,True,False,2025,10,4,Salary Week,Regular Sale
9193,1484,2025-03-27,False,False,2025,3,1,Regular Week,Regular Sale
9194,2216,2026-01-05,False,True,2026,1,1,Regular Week,Festival Sale
9195,1502,2025-09-15,False,False,2025,9,3,Regular Week,Regular Sale
9196,3120,2025-05-13,True,True,2025,5,2,Salary Week,Festival Sale
9197,228,2025-11-24,True,False,2025,11,4,Salary Week,Regular Sale
9198,3287,2025-12-01,True,False,2025,12,4,Salary Week,Regular Sale
9199,3984,2025-12-09,True,False,2025,12,4,Salary Week,Regular Sale
9200,592,2025-05-26,False,False,2025,5,2,Regular Week,Regular Sale
9201,3049,2025-12-25,False,True,2025,12,4,Regular Week,Festival Sale
9202,731,2025-12-02,False,True,2025,12,4,Regular Week,Festival Sale
9203,2283,2025-04-24,True,True,2025,4,2,Salary Week,Festival Sale
9204,4971,2025-08-11,False,True,2025,8,3,Regular Week,Festival Sale
9205,1100,2025-03-19,False,False,2025,3,1,Regular Week,Regular Sale
9206,2763,2025-11-02,True,False,2025,11,4,Salary Week,Regular Sale
9207,2153,2025-12-20,True,False,2025,12,4,Salary Week,Regular Sale
9208,146,2025-11-30,True,True,2025,11,4,Salary Week,Festival Sale
9209,2592,2025-02-21,False,False,2025,2,1,Regular Week,Regular Sale
9210,4708,2025-05-28,True,False,2025,5,2,Salary Week,Regular Sale
9211,3378,2025-01-30,True,True,2025,1,1,Salary Week,Festival Sale
9212,3735,2025-09-21,True,False,2025,9,3,Salary Week,Regular Sale
9213,4296,2025-04-08,True,True,2025,4,2,Salary Week,Festival Sale
9214,4820,2025-10-30,False,True,2025,10,4,Regular Week,Festival Sale
9215,717,2025-03-30,True,True,2025,3,1,Salary Week,Festival Sale
9216,2151,2025-09-04,True,True,2025,9,3,Salary Week,Festival Sale
9217,2064,2025-08-26,True,False,2025,8,3,Salary Week,Regular Sale
9218,3695,2025-08-21,True,False,2025,8,3,Salary Week,Regular Sale
9219,2502,2025-01-07,True,False,2025,1,1,Salary Week,Regular Sale
9220,2969,2025-08-15,True,True,2025,8,3,Salary Week,Festival Sale
9221,3805,2025-03-14,True,False,2025,3,1,Salary Week,Regular Sale
9222,1004,2025-01-11,True,True,2025,1,1,Salary Week,Festival Sale
9223,510,2025-03-29,True,False,2025,3,1,Salary Week,Regular Sale
9224,4784,2025-01-11,True,False,2025,1,1,Salary Week,Regular Sale
9225,2475,2025-05-20,True,False,2025,5,2,Salary Week,Regular Sale
9226,1610,2025-09-23,False,True,2025,9,3,Regular Week,Festival Sale
9227,4916,2025-11-01,True,True,2025,11,4,Salary Week,Festival Sale
9228,1488,2025-08-15,True,True,2025,8,3,Salary Week,Festival Sale
9229,2503,2025-07-27,False,False,2025,7,3,Regular Week,Regular Sale
9230,2798,2025-07-02,False,False,2025,7,3,Regular Week,Regular Sale
9231,4702,2025-10-22,True,True,2025,10,4,Salary Week,Festival Sale
9232,979,2025-06-22,False,True,2025,6,2,Regular Week,Festival Sale
9233,3329,2025-07-17,True,False,2025,7,3,Salary Week,Regular Sale
9234,4918,2025-01-17,False,False,2025,1,1,Regular Week,Regular Sale
9235,1892,2025-07-02,True,False,2025,7,3,Salary Week,Regular Sale
9236,4215,2025-10-16,False,True,2025,10,4,Regular Week,Festival Sale
9237,3832,2025-10-28,False,True,2025,10,4,Regular Week,Festival Sale
9238,4336,2025-12-30,False,True,2025,12,4,Regular Week,Festival Sale
9239,2153,2025-07-19,True,True,2025,7,3,Salary Week,Festival Sale
9240,3996,2025-06-14,True,False,2025,6,2,Salary Week,Regular Sale
9241,4756,2025-12-11,False,False,2025,12,4,Regular Week,Regular Sale
9242,3082,2025-10-22,False,False,2025,10,4,Regular Week,Regular Sale
9243,4598,2025-07-22,False,False,2025,7,3,Regular Week,Regular Sale
9244,4745,2025-08-08,True,True,2025,8,3,Salary Week,Festival Sale
9245,4209,2025-06-25,True,False,2025,6,2,Salary Week,Regular Sale
9246,3189,2026-01-01,False,True,2026,1,1,Regular Week,Festival Sale
9247,3375,2025-07-13,True,False,2025,7,3,Salary Week,Regular Sale
9248,1498,2025-03-23,True,True,2025,3,1,Salary Week,Festival Sale
9249,4583,2025-10-22,False,True,2025,10,4,Regular Week,Festival Sale
9250,2722,2025-05-21,True,True,2025,5,2,Salary Week,Festival Sale
9251,3910,2025-05-30,True,True,2025,5,2,Salary Week,Festival Sale
9252,4314,2025-01-16,False,True,2025,1,1,Regular Week,Festival Sale
9253,4987,2025-11-03,True,True,2025,11,4,Salary Week,Festival Sale
9254,1364,2025-09-07,False,True,2025,9,3,Regular Week,Festival Sale
9255,1045,2025-01-23,True,True,2025,1,1,Salary Week,Festival Sale
9256,717,2025-11-22,False,True,2025,11,4,Regular Week,Festival Sale
9257,20,2025-01-30,False,False,2025,1,1,Regular Week,Regular Sale
9258,2067,2025-11-17,False,False,2025,11,4,Regular Week,Regular Sale
9259,4506,2025-10-29,False,True,2025,10,4,Regular Week,Festival Sale
9260,1431,2025-04-20,True,True,2025,4,2,Salary Week,Festival Sale
9261,4368,2025-06-26,False,False,2025,6,2,Regular Week,Regular Sale
9262,1114,2025-07-22,True,False,2025,7,3,Salary Week,Regular Sale
9263,4719,2025-05-11,True,False,2025,5,2,Salary Week,Regular Sale
9264,1821,2025-04-01,True,False,2025,4,2,Salary Week,Regular Sale
9265,1303,2025-11-23,False,True,2025,11,4,Regular Week,Festival Sale
9266,2505,2025-09-26,False,False,2025,9,3,Regular Week,Regular Sale
9267,4636,2025-04-08,False,True,2025,4,2,Regular Week,Festival Sale
9268,364,2025-05-22,False,False,2025,5,2,Regular Week,Regular Sale
9269,1729,2025-07-07,False,False,2025,7,3,Regular Week,Regular Sale
9270,2542,2025-01-09,False,False,2025,1,1,Regular Week,Regular Sale
9271,2858,2025-08-01,False,True,2025,8,3,Regular Week,Festival Sale
9272,3883,2025-03-18,True,False,2025,3,1,Salary Week,Regular Sale
9273,4919,2025-10-18,False,True,2025,10,4,Regular Week,Festival Sale
9274,3637,2025-02-16,False,False,2025,2,1,Regular Week,Regular Sale
9275,4677,2025-08-19,True,False,2025,8,3,Salary Week,Regular Sale
9276,4724,2025-01-27,False,False,2025,1,1,Regular Week,Regular Sale
9277,4392,2025-06-24,True,False,2025,6,2,Salary Week,Regular Sale
9278,4731,2025-02-26,False,False,2025,2,1,Regular Week,Regular Sale
9279,384,2025-01-16,False,False,2025,1,1,Regular Week,Regular Sale
9280,1103,2025-02-23,False,False,2025,2,1,Regular Week,Regular Sale
9281,1316,2025-10-29,False,False,2025,10,4,Regular Week,Regular Sale
9282,928,2025-06-27,True,True,2025,6,2,Salary Week,Festival Sale
9283,404,2025-10-06,True,False,2025,10,4,Salary Week,Regular Sale
9284,2708,2025-04-23,False,True,2025,4,2,Regular Week,Festival Sale
9285,4230,2025-03-20,False,False,2025,3,1,Regular Week,Regular Sale
9286,728,2025-02-07,True,True,2025,2,1,Salary Week,Festival Sale
9287,3460,2025-09-13,False,False,2025,9,3,Regular Week,Regular Sale
9288,2235,2025-07-16,True,False,2025,7,3,Salary Week,Regular Sale
9289,2051,2025-07-19,False,False,2025,7,3,Regular Week,Regular Sale
9290,1155,2025-12-03,True,False,2025,12,4,Salary Week,Regular Sale
9291,1710,2025-04-11,True,True,2025,4,2,Salary Week,Festival Sale
9292,2213,2025-03-25,False,True,2025,3,1,Regular Week,Festival Sale
9293,689,2025-12-01,False,False,2025,12,4,Regular Week,Regular Sale
9294,1460,2025-09-17,True,False,2025,9,3,Salary Week,Regular Sale
9295,3706,2025-03-27,False,True,2025,3,1,Regular Week,Festival Sale
9296,2038,2025-10-27,False,True,2025,10,4,Regular Week,Festival Sale
9297,1793,2025-09-10,False,False,2025,9,3,Regular Week,Regular Sale
9298,3594,2025-01-06,True,False,2025,1,1,Salary Week,Regular Sale
9299,3480,2025-06-10,False,False,2025,6,2,Regular Week,Regular Sale
9300,1684,2025-11-17,True,True,2025,11,4,Salary Week,Festival Sale
9301,4436,2025-10-04,True,True,2025,10,4,Salary Week,Festival Sale
9302,2036,2025-02-15,True,True,2025,2,1,Salary Week,Festival Sale
9303,423,2025-11-26,False,False,2025,11,4,Regular Week,Regular Sale
9304,1864,2025-12-23,False,False,2025,12,4,Regular Week,Regular Sale
9305,2656,2025-08-11,False,False,2025,8,3,Regular Week,Regular Sale
9306,1067,2025-06-05,True,True,2025,6,2,Salary Week,Festival Sale
9307,2893,2025-10-29,True,False,2025,10,4,Salary Week,Regular Sale
9308,2583,2025-08-09,False,False,2025,8,3,Regular Week,Regular Sale
9309,4892,2025-01-25,False,True,2025,1,1,Regular Week,Festival Sale
9310,481,2025-08-24,False,False,2025,8,3,Regular Week,Regular Sale
9311,1408,2025-06-05,False,False,2025,6,2,Regular Week,Regular Sale
9312,1704,2025-08-19,False,False,2025,8,3,Regular Week,Regular Sale
9313,3264,2025-04-13,False,True,2025,4,2,Regular Week,Festival Sale
9314,4450,2025-02-19,False,True,2025,2,1,Regular Week,Festival Sale
9315,2539,2025-08-17,True,False,2025,8,3,Salary Week,Regular Sale
9316,1895,2025-07-21,True,False,2025,7,3,Salary Week,Regular Sale
9317,3014,2025-08-02,False,True,2025,8,3,Regular Week,Festival Sale
9318,2909,2025-04-05,True,True,2025,4,2,Salary Week,Festival Sale
9319,4826,2025-06-28,True,False,2025,6,2,Salary Week,Regular Sale
9320,4526,2025-08-04,False,False,2025,8,3,Regular Week,Regular Sale
9321,4277,2025-01-21,True,True,2025,1,1,Salary Week,Festival Sale
9322,1078,2025-12-01,False,True,2025,12,4,Regular Week,Festival Sale
9323,1736,2025-04-27,False,True,2025,4,2,Regular Week,Festival Sale
9324,4425,2025-09-27,False,False,2025,9,3,Regular Week,Regular Sale
9325,275,2025-07-16,False,False,2025,7,3,Regular Week,Regular Sale
9326,1465,2025-01-30,True,True,2025,1,1,Salary Week,Festival Sale
9327,3672,2025-04-10,False,False,2025,4,2,Regular Week,Regular Sale
9328,1309,2025-11-07,False,True,2025,11,4,Regular Week,Festival Sale
9329,20,2025-02-21,True,False,2025,2,1,Salary Week,Regular Sale
9330,808,2025-10-30,True,False,2025,10,4,Salary Week,Regular Sale
9331,4860,2025-08-12,True,True,2025,8,3,Salary Week,Festival Sale
9332,929,2025-08-31,False,True,2025,8,3,Regular Week,Festival Sale
9333,2542,2025-01-09,True,True,2025,1,1,Salary Week,Festival Sale
9334,1141,2025-10-06,False,False,2025,10,4,Regular Week,Regular Sale
9335,756,2025-07-02,False,False,2025,7,3,Regular Week,Regular Sale
9336,4121,2025-06-07,False,True,2025,6,2,Regular Week,Festival Sale
9337,1756,2025-10-03,True,True,2025,10,4,Salary Week,Festival Sale
9338,4510,2025-09-28,False,False,2025,9,3,Regular Week,Regular Sale
9339,4956,2025-06-22,False,True,2025,6,2,Regular Week,Festival Sale
9340,1512,2025-06-01,False,True,2025,6,2,Regular Week,Festival Sale
9341,297,2025-10-18,True,True,2025,10,4,Salary Week,Festival Sale
9342,4369,2026-01-06,False,False,2026,1,1,Regular Week,Regular Sale
9343,1139,2025-07-19,True,False,2025,7,3,Salary Week,Regular Sale
9344,4836,2025-03-15,False,False,2025,3,1,Regular Week,Regular Sale
9345,3886,2025-09-08,True,True,2025,9,3,Salary Week,Festival Sale
9346,532,2025-03-09,False,False,2025,3,1,Regular Week,Regular Sale
9347,3990,2025-12-20,False,True,2025,12,4,Regular Week,Festival Sale
9348,2173,2025-12-03,False,True,2025,12,4,Regular Week,Festival Sale
9349,2318,2025-02-14,False,True,2025,2,1,Regular Week,Festival Sale
9350,4350,2025-01-30,True,False,2025,1,1,Salary Week,Regular Sale
9351,182,2025-11-17,False,False,2025,11,4,Regular Week,Regular Sale
9352,398,2025-07-04,False,False,2025,7,3,Regular Week,Regular Sale
9353,3945,2025-03-12,False,True,2025,3,1,Regular Week,Festival Sale
9354,116,2025-03-19,False,False,2025,3,1,Regular Week,Regular Sale
9355,2358,2025-04-26,False,True,2025,4,2,Regular Week,Festival Sale
9356,2781,2025-12-07,True,True,2025,12,4,Salary Week,Festival Sale
9357,3076,2025-06-17,True,False,2025,6,2,Salary Week,Regular Sale
9358,4220,2025-05-20,True,True,2025,5,2,Salary Week,Festival Sale
9359,3466,2025-05-01,True,True,2025,5,2,Salary Week,Festival Sale
9360,1547,2025-07-19,True,False,2025,7,3,Salary Week,Regular Sale
9361,3394,2025-11-02,False,True,2025,11,4,Regular Week,Festival Sale
9362,4947,2025-04-09,True,False,2025,4,2,Salary Week,Regular Sale
9363,4012,2025-02-05,True,True,2025,2,1,Salary Week,Festival Sale
9364,2407,2025-10-22,False,False,2025,10,4,Regular Week,Regular Sale
9365,1750,2025-07-09,True,True,2025,7,3,Salary Week,Festival Sale
9366,3113,2025-04-19,False,True,2025,4,2,Regular Week,Festival Sale
9367,3066,2025-06-18,True,True,2025,6,2,Salary Week,Festival Sale
9368,2840,2025-05-09,True,False,2025,5,2,Salary Week,Regular Sale
9369,3255,2025-11-05,False,True,2025,11,4,Regular Week,Festival Sale
9370,3283,2025-04-04,False,False,2025,4,2,Regular Week,Regular Sale
9371,1832,2025-07-05,True,False,2025,7,3,Salary Week,Regular Sale
9372,1823,2025-09-25,True,True,2025,9,3,Salary Week,Festival Sale
9373,2539,2025-01-20,True,False,2025,1,1,Salary Week,Regular Sale
9374,3846,2025-12-06,True,True,2025,12,4,Salary Week,Festival Sale
9375,4071,2025-01-24,False,True,2025,1,1,Regular Week,Festival Sale
9376,3134,2025-12-24,False,True,2025,12,4,Regular Week,Festival Sale
9377,2354,2025-04-03,True,True,2025,4,2,Salary Week,Festival Sale
9378,2390,2025-08-26,False,False,2025,8,3,Regular Week,Regular Sale
9379,2486,2025-02-22,False,True,2025,2,1,Regular Week,Festival Sale
9380,4183,2025-01-13,False,True,2025,1,1,Regular Week,Festival Sale
9381,4511,2025-01-15,True,False,2025,1,1,Salary Week,Regular Sale
9382,3412,2025-01-25,False,False,2025,1,1,Regular Week,Regular Sale
9383,1886,2025-09-25,False,True,2025,9,3,Regular Week,Festival Sale
9384,2793,2025-02-07,False,False,2025,2,1,Regular Week,Regular Sale
9385,734,2025-12-21,False,True,2025,12,4,Regular Week,Festival Sale
9386,4151,2025-11-05,True,False,2025,11,4,Salary Week,Regular Sale
9387,3751,2025-03-21,False,False,2025,3,1,Regular Week,Regular Sale
9388,3317,2025-03-19,False,False,2025,3,1,Regular Week,Regular Sale
9389,2978,2025-10-19,False,False,2025,10,4,Regular Week,Regular Sale
9390,4757,2025-08-13,True,False,2025,8,3,Salary Week,Regular Sale
9391,4581,2025-10-14,False,False,2025,10,4,Regular Week,Regular Sale
9392,1181,2025-07-17,True,True,2025,7,3,Salary Week,Festival Sale
9393,224,2025-10-29,True,True,2025,10,4,Salary Week,Festival Sale
9394,563,2025-12-20,False,True,2025,12,4,Regular Week,Festival Sale
9395,1649,2025-11-05,True,False,2025,11,4,Salary Week,Regular Sale
9396,4976,2025-11-19,False,True,2025,11,4,Regular Week,Festival Sale
9397,4485,2025-10-05,False,True,2025,10,4,Regular Week,Festival Sale
9398,3293,2025-12-03,False,False,2025,12,4,Regular Week,Regular Sale
9399,2996,2025-12-06,False,True,2025,12,4,Regular Week,Festival Sale
9400,3828,2025-10-15,True,False,2025,10,4,Salary Week,Regular Sale
9401,3375,2025-07-14,True,True,2025,7,3,Salary Week,Festival Sale
9402,3931,2025-05-01,True,True,2025,5,2,Salary Week,Festival Sale
9403,1052,2025-05-29,True,True,2025,5,2,Salary Week,Festival Sale
9404,4996,2025-05-04,False,False,2025,5,2,Regular Week,Regular Sale
9405,4479,2025-04-13,False,False,2025,4,2,Regular Week,Regular Sale
9406,1551,2025-11-25,False,False,2025,11,4,Regular Week,Regular Sale
9407,3948,2025-11-11,False,True,2025,11,4,Regular Week,Festival Sale
9408,1211,2025-10-05,False,False,2025,10,4,Regular Week,Regular Sale
9409,1377,2025-08-05,True,False,2025,8,3,Salary Week,Regular Sale
9410,577,2025-04-29,False,False,2025,4,2,Regular Week,Regular Sale
9411,3272,2025-01-23,False,False,2025,1,1,Regular Week,Regular Sale
9412,925,2025-03-03,False,True,2025,3,1,Regular Week,Festival Sale
9413,177,2025-08-30,False,True,2025,8,3,Regular Week,Festival Sale
9414,2206,2025-05-18,False,False,2025,5,2,Regular Week,Regular Sale
9415,654,2025-03-25,True,True,2025,3,1,Salary Week,Festival Sale
9416,4795,2025-09-07,False,False,2025,9,3,Regular Week,Regular Sale
9417,1721,2025-09-08,True,True,2025,9,3,Salary Week,Festival Sale
9418,2280,2025-05-25,True,True,2025,5,2,Salary Week,Festival Sale
9419,3210,2025-11-08,False,False,2025,11,4,Regular Week,Regular Sale
9420,3966,2025-03-14,False,True,2025,3,1,Regular Week,Festival Sale
9421,1629,2025-08-03,True,True,2025,8,3,Salary Week,Festival Sale
9422,902,2025-02-18,False,True,2025,2,1,Regular Week,Festival Sale
9423,1462,2025-07-10,False,False,2025,7,3,Regular Week,Regular Sale
9424,1353,2025-10-06,True,True,2025,10,4,Salary Week,Festival Sale
9425,3914,2025-04-29,False,True,2025,4,2,Regular Week,Festival Sale
9426,4506,2025-11-14,True,True,2025,11,4,Salary Week,Festival Sale
9427,4273,2025-03-07,False,False,2025,3,1,Regular Week,Regular Sale
9428,2634,2025-11-18,False,True,2025,11,4,Regular Week,Festival Sale
9429,4100,2025-06-22,False,False,2025,6,2,Regular Week,Regular Sale
9430,4372,2025-01-27,True,True,2025,1,1,Salary Week,Festival Sale
9431,2320,2025-01-30,True,True,2025,1,1,Salary Week,Festival Sale
9432,4843,2025-02-15,False,True,2025,2,1,Regular Week,Festival Sale
9433,4353,2025-10-09,False,False,2025,10,4,Regular Week,Regular Sale
9434,1893,2025-12-29,False,True,2025,12,4,Regular Week,Festival Sale
9435,1873,2025-01-17,True,False,2025,1,1,Salary Week,Regular Sale
9436,1492,2025-03-23,False,False,2025,3,1,Regular Week,Regular Sale
9437,4925,2025-11-30,True,False,2025,11,4,Salary Week,Regular Sale
9438,2669,2025-10-26,False,False,2025,10,4,Regular Week,Regular Sale
9439,1409,2025-06-01,False,False,2025,6,2,Regular Week,Regular Sale
9440,4332,2025-10-05,False,True,2025,10,4,Regular Week,Festival Sale
9441,4964,2025-05-03,False,True,2025,5,2,Regular Week,Festival Sale
9442,1860,2025-10-17,True,True,2025,10,4,Salary Week,Festival Sale
9443,2857,2025-11-17,True,False,2025,11,4,Salary Week,Regular Sale
9444,3621,2025-03-01,True,True,2025,3,1,Salary Week,Festival Sale
9445,1874,2025-08-15,True,True,2025,8,3,Salary Week,Festival Sale
9446,1042,2025-10-31,True,True,2025,10,4,Salary Week,Festival Sale
9447,472,2025-06-01,True,False,2025,6,2,Salary Week,Regular Sale
9448,2512,2025-02-04,False,False,2025,2,1,Regular Week,Regular Sale
9449,4853,2025-11-19,True,True,2025,11,4,Salary Week,Festival Sale
9450,656,2025-08-27,True,False,2025,8,3,Salary Week,Regular Sale
9451,1973,2026-01-06,True,False,2026,1,1,Salary Week,Regular Sale
9452,346,2025-08-21,True,False,2025,8,3,Salary Week,Regular Sale
9453,2505,2025-09-09,False,True,2025,9,3,Regular Week,Festival Sale
9454,3616,2025-11-12,False,True,2025,11,4,Regular Week,Festival Sale
9455,4882,2025-04-17,True,False,2025,4,2,Salary Week,Regular Sale
9456,3131,2025-07-25,False,True,2025,7,3,Regular Week,Festival Sale
9457,3142,2025-01-19,True,False,2025,1,1,Salary Week,Regular Sale
9458,1674,2025-01-14,False,False,2025,1,1,Regular Week,Regular Sale
9459,3265,2025-07-10,False,True,2025,7,3,Regular Week,Festival Sale
9460,62,2025-01-06,True,True,2025,1,1,Salary Week,Festival Sale
9461,1129,2025-10-22,False,True,2025,10,4,Regular Week,Festival Sale
9462,2335,2025-06-21,True,True,2025,6,2,Salary Week,Festival Sale
9463,1571,2025-09-03,True,True,2025,9,3,Salary Week,Festival Sale
9464,1640,2025-01-23,True,True,2025,1,1,Salary Week,Festival Sale
9465,1354,2025-09-13,False,True,2025,9,3,Regular Week,Festival Sale
9466,2194,2025-03-14,False,False,2025,3,1,Regular Week,Regular Sale
9467,3438,2025-06-11,True,False,2025,6,2,Salary Week,Regular Sale
9468,4935,2025-02-20,True,True,2025,2,1,Salary Week,Festival Sale
9469,4858,2025-05-28,True,False,2025,5,2,Salary Week,Regular Sale
9470,3978,2025-04-23,True,False,2025,4,2,Salary Week,Regular Sale
9471,1097,2025-06-30,False,True,2025,6,2,Regular Week,Festival Sale
9472,571,2025-04-30,True,False,2025,4,2,Salary Week,Regular Sale
9473,4404,2025-08-16,False,False,2025,8,3,Regular Week,Regular Sale
9474,4685,2025-09-16,True,True,2025,9,3,Salary Week,Festival Sale
9475,4943,2025-08-14,True,False,2025,8,3,Salary Week,Regular Sale
9476,4530,2025-02-09,False,True,2025,2,1,Regular Week,Festival Sale
9477,635,2025-09-13,True,False,2025,9,3,Salary Week,Regular Sale
9478,4755,2025-03-28,True,True,2025,3,1,Salary Week,Festival Sale
9479,1287,2025-05-19,True,True,2025,5,2,Salary Week,Festival Sale
9480,3353,2025-04-21,True,False,2025,4,2,Salary Week,Regular Sale
9481,2077,2025-06-11,True,True,2025,6,2,Salary Week,Festival Sale
9482,4448,2025-07-09,True,False,2025,7,3,Salary Week,Regular Sale
9483,711,2025-06-15,True,False,2025,6,2,Salary Week,Regular Sale
9484,139,2025-06-28,True,False,2025,6,2,Salary Week,Regular Sale
9485,3606,2025-09-10,False,True,2025,9,3,Regular Week,Festival Sale
9486,4463,2026-01-06,True,True,2026,1,1,Salary Week,Festival Sale
9487,612,2025-10-01,True,False,2025,10,4,Salary Week,Regular Sale
9488,2448,2025-06-21,False,False,2025,6,2,Regular Week,Regular Sale
9489,147,2025-11-15,False,False,2025,11,4,Regular Week,Regular Sale
9490,722,2025-06-26,False,False,2025,6,2,Regular Week,Regular Sale
9491,2026,2025-03-17,True,False,2025,3,1,Salary Week,Regular Sale
9492,279,2025-07-06,True,False,2025,7,3,Salary Week,Regular Sale
9493,3466,2025-11-27,False,False,2025,11,4,Regular Week,Regular Sale
9494,3533,2025-12-13,True,False,2025,12,4,Salary Week,Regular Sale
9495,2026,2026-01-03,False,False,2026,1,1,Regular Week,Regular Sale
9496,4421,2025-08-22,True,True,2025,8,3,Salary Week,Festival Sale
9497,4459,2025-02-03,False,False,2025,2,1,Regular Week,Regular Sale
9498,2747,2025-03-03,False,True,2025,3,1,Regular Week,Festival Sale
9499,256,2025-11-12,False,True,2025,11,4,Regular Week,Festival Sale
9500,3202,2025-08-17,True,False,2025,8,3,Salary Week,Regular Sale
9501,1345,2025-07-08,False,True,2025,7,3,Regular Week,Festival Sale
9502,4457,2025-08-08,False,False,2025,8,3,Regular Week,Regular Sale
9503,4358,2025-06-23,True,False,2025,6,2,Salary Week,Regular Sale
9504,4744,2025-11-21,True,True,2025,11,4,Salary Week,Festival Sale
9505,3879,2025-01-28,False,False,2025,1,1,Regular Week,Regular Sale
9506,2805,2025-03-27,True,True,2025,3,1,Salary Week,Festival Sale
9507,4868,2025-08-03,False,True,2025,8,3,Regular Week,Festival Sale
9508,337,2025-09-15,False,False,2025,9,3,Regular Week,Regular Sale
9509,3642,2025-09-25,True,True,2025,9,3,Salary Week,Festival Sale
9510,4341,2025-09-04,True,False,2025,9,3,Salary Week,Regular Sale
9511,620,2026-01-01,True,False,2026,1,1,Salary Week,Regular Sale
9512,2145,2025-06-20,False,True,2025,6,2,Regular Week,Festival Sale
9513,39,2025-09-14,True,True,2025,9,3,Salary Week,Festival Sale
9514,4558,2025-05-23,True,True,2025,5,2,Salary Week,Festival Sale
9515,2198,2025-10-10,False,True,2025,10,4,Regular Week,Festival Sale
9516,1294,2025-08-27,True,False,2025,8,3,Salary Week,Regular Sale
9517,3831,2025-11-05,False,True,2025,11,4,Regular Week,Festival Sale
9518,1265,2025-01-21,False,True,2025,1,1,Regular Week,Festival Sale
9519,2583,2025-04-05,True,False,2025,4,2,Salary Week,Regular Sale
9520,4554,2025-06-18,False,True,2025,6,2,Regular Week,Festival Sale
9521,3460,2025-04-06,False,False,2025,4,2,Regular Week,Regular Sale
9522,4989,2025-09-16,True,False,2025,9,3,Salary Week,Regular Sale
9523,539,2025-05-25,False,False,2025,5,2,Regular Week,Regular Sale
9524,2807,2025-10-29,True,True,2025,10,4,Salary Week,Festival Sale
9525,4649,2025-09-06,True,False,2025,9,3,Salary Week,Regular Sale
9526,2214,2025-05-05,False,True,2025,5,2,Regular Week,Festival Sale
9527,830,2025-09-05,False,True,2025,9,3,Regular Week,Festival Sale
9528,629,2026-01-03,False,True,2026,1,1,Regular Week,Festival Sale
9529,625,2025-03-30,True,False,2025,3,1,Salary Week,Regular Sale
9530,3233,2025-08-28,False,True,2025,8,3,Regular Week,Festival Sale
9531,1584,2025-06-11,False,False,2025,6,2,Regular Week,Regular Sale
9532,441,2025-11-21,False,False,2025,11,4,Regular Week,Regular Sale
9533,4700,2025-03-22,False,True,2025,3,1,Regular Week,Festival Sale
9534,3761,2025-07-09,True,True,2025,7,3,Salary Week,Festival Sale
9535,2957,2025-03-20,False,True,2025,3,1,Regular Week,Festival Sale
9536,2933,2025-08-08,False,True,2025,8,3,Regular Week,Festival Sale
9537,1020,2025-10-03,False,True,2025,10,4,Regular Week,Festival Sale
9538,1852,2025-04-28,False,True,2025,4,2,Regular Week,Festival Sale
9539,3797,2025-08-03,True,False,2025,8,3,Salary Week,Regular Sale
9540,1712,2025-11-07,False,False,2025,11,4,Regular Week,Regular Sale
9541,306,2025-12-19,False,False,2025,12,4,Regular Week,Regular Sale
9542,1969,2025-03-03,True,True,2025,3,1,Salary Week,Festival Sale
9543,1783,2025-03-10,False,True,2025,3,1,Regular Week,Festival Sale
9544,203,2025-12-04,False,True,2025,12,4,Regular Week,Festival Sale
9545,4774,2025-04-25,True,False,2025,4,2,Salary Week,Regular Sale
9546,4502,2025-11-19,False,True,2025,11,4,Regular Week,Festival Sale
9547,4367,2025-05-02,True,True,2025,5,2,Salary Week,Festival Sale
9548,2958,2025-10-11,False,False,2025,10,4,Regular Week,Regular Sale
9549,1254,2025-01-07,False,False,2025,1,1,Regular Week,Regular Sale
9550,4089,2025-06-26,True,False,2025,6,2,Salary Week,Regular Sale
9551,125,2025-12-31,True,False,2025,12,4,Salary Week,Regular Sale
9552,3187,2025-02-03,True,False,2025,2,1,Salary Week,Regular Sale
9553,1873,2025-10-13,False,True,2025,10,4,Regular Week,Festival Sale
9554,373,2025-01-20,False,True,2025,1,1,Regular Week,Festival Sale
9555,856,2025-07-28,True,False,2025,7,3,Salary Week,Regular Sale
9556,45,2025-05-23,False,False,2025,5,2,Regular Week,Regular Sale
9557,4847,2025-06-09,False,False,2025,6,2,Regular Week,Regular Sale
9558,4301,2025-02-02,True,True,2025,2,1,Salary Week,Festival Sale
9559,1427,2025-04-16,True,False,2025,4,2,Salary Week,Regular Sale
9560,2573,2025-12-14,False,False,2025,12,4,Regular Week,Regular Sale
9561,1960,2025-03-20,True,False,2025,3,1,Salary Week,Regular Sale
9562,4950,2025-05-11,True,True,2025,5,2,Salary Week,Festival Sale
9563,710,2025-03-02,False,True,2025,3,1,Regular Week,Festival Sale
9564,4510,2025-09-15,False,True,2025,9,3,Regular Week,Festival Sale
9565,4867,2025-10-10,True,False,2025,10,4,Salary Week,Regular Sale
9566,2800,2025-03-12,True,True,2025,3,1,Salary Week,Festival Sale
9567,4919,2025-03-08,True,True,2025,3,1,Salary Week,Festival Sale
9568,3357,2025-06-15,True,False,2025,6,2,Salary Week,Regular Sale
9569,501,2025-10-26,True,False,2025,10,4,Salary Week,Regular Sale
9570,4417,2025-08-03,False,True,2025,8,3,Regular Week,Festival Sale
9571,4241,2025-08-24,True,False,2025,8,3,Salary Week,Regular Sale
9572,2424,2025-10-16,True,False,2025,10,4,Salary Week,Regular Sale
9573,354,2025-03-23,False,False,2025,3,1,Regular Week,Regular Sale
9574,3448,2025-10-27,False,True,2025,10,4,Regular Week,Festival Sale
9575,1396,2025-10-01,True,False,2025,10,4,Salary Week,Regular Sale
9576,3992,2025-10-17,False,True,2025,10,4,Regular Week,Festival Sale
9577,725,2025-10-15,False,True,2025,10,4,Regular Week,Festival Sale
9578,1964,2025-09-24,False,True,2025,9,3,Regular Week,Festival Sale
9579,3116,2025-06-23,False,True,2025,6,2,Regular Week,Festival Sale
9580,878,2025-02-15,False,True,2025,2,1,Regular Week,Festival Sale
9581,4818,2025-06-17,True,False,2025,6,2,Salary Week,Regular Sale
9582,231,2025-01-27,True,True,2025,1,1,Salary Week,Festival Sale
9583,606,2025-11-19,True,False,2025,11,4,Salary Week,Regular Sale
9584,2742,2025-10-12,True,True,2025,10,4,Salary Week,Festival Sale
9585,1555,2025-11-08,False,True,2025,11,4,Regular Week,Festival Sale
9586,2646,2025-06-27,False,False,2025,6,2,Regular Week,Regular Sale
9587,2130,2025-11-08,False,True,2025,11,4,Regular Week,Festival Sale
9588,2476,2025-01-22,True,False,2025,1,1,Salary Week,Regular Sale
9589,4569,2025-07-30,True,False,2025,7,3,Salary Week,Regular Sale
9590,2489,2025-04-19,True,True,2025,4,2,Salary Week,Festival Sale
9591,731,2025-10-30,False,True,2025,10,4,Regular Week,Festival Sale
9592,1672,2025-01-15,False,True,2025,1,1,Regular Week,Festival Sale
9593,1962,2025-02-16,False,True,2025,2,1,Regular Week,Festival Sale
9594,1080,2025-04-11,True,True,2025,4,2,Salary Week,Festival Sale
9595,3455,2025-04-08,False,False,2025,4,2,Regular Week,Regular Sale
9596,2872,2025-08-24,True,False,2025,8,3,Salary Week,Regular Sale
9597,3130,2025-05-23,True,False,2025,5,2,Salary Week,Regular Sale
9598,2548,2025-10-25,False,False,2025,10,4,Regular Week,Regular Sale
9599,1841,2025-12-19,False,False,2025,12,4,Regular Week,Regular Sale
9600,3855,2026-01-06,False,True,2026,1,1,Regular Week,Festival Sale
9601,1641,2025-12-23,True,False,2025,12,4,Salary Week,Regular Sale
9602,1686,2025-07-03,False,False,2025,7,3,Regular Week,Regular Sale
9603,2357,2025-05-18,False,True,2025,5,2,Regular Week,Festival Sale
9604,1293,2025-08-19,False,False,2025,8,3,Regular Week,Regular Sale
9605,1540,2025-05-02,False,False,2025,5,2,Regular Week,Regular Sale
9606,1979,2025-09-12,True,False,2025,9,3,Salary Week,Regular Sale
9607,4697,2025-08-16,True,False,2025,8,3,Salary Week,Regular Sale
9608,3962,2025-03-17,False,True,2025,3,1,Regular Week,Festival Sale
9609,1421,2025-09-21,True,False,2025,9,3,Salary Week,Regular Sale
9610,3329,2025-12-31,False,True,2025,12,4,Regular Week,Festival Sale
9611,4688,2025-10-11,False,False,2025,10,4,Regular Week,Regular Sale
9612,3198,2025-06-18,False,True,2025,6,2,Regular Week,Festival Sale
9613,4016,2025-03-13,False,False,2025,3,1,Regular Week,Regular Sale
9614,959,2025-03-04,False,True,2025,3,1,Regular Week,Festival Sale
9615,841,2025-05-30,True,False,2025,5,2,Salary Week,Regular Sale
9616,3570,2025-12-26,True,False,2025,12,4,Salary Week,Regular Sale
9617,3213,2025-08-25,True,False,2025,8,3,Salary Week,Regular Sale
9618,1518,2025-12-13,False,True,2025,12,4,Regular Week,Festival Sale
9619,2472,2025-04-02,False,False,2025,4,2,Regular Week,Regular Sale
9620,184,2025-02-23,True,False,2025,2,1,Salary Week,Regular Sale
9621,1211,2025-01-15,False,True,2025,1,1,Regular Week,Festival Sale
9622,1280,2025-06-17,False,True,2025,6,2,Regular Week,Festival Sale
9623,4208,2025-12-01,False,True,2025,12,4,Regular Week,Festival Sale
9624,3230,2025-07-05,False,False,2025,7,3,Regular Week,Regular Sale
9625,2661,2025-04-25,True,True,2025,4,2,Salary Week,Festival Sale
9626,3326,2025-03-28,True,False,2025,3,1,Salary Week,Regular Sale
9627,1305,2025-12-16,False,True,2025,12,4,Regular Week,Festival Sale
9628,3953,2025-01-15,False,False,2025,1,1,Regular Week,Regular Sale
9629,2298,2025-10-12,False,False,2025,10,4,Regular Week,Regular Sale
9630,4027,2025-09-22,False,False,2025,9,3,Regular Week,Regular Sale
9631,4171,2025-11-30,False,False,2025,11,4,Regular Week,Regular Sale
9632,1514,2025-04-12,False,True,2025,4,2,Regular Week,Festival Sale
9633,1893,2025-02-15,False,True,2025,2,1,Regular Week,Festival Sale
9634,4345,2025-02-06,True,True,2025,2,1,Salary Week,Festival Sale
9635,2864,2025-07-29,False,True,2025,7,3,Regular Week,Festival Sale
9636,1980,2025-11-25,False,True,2025,11,4,Regular Week,Festival Sale
9637,2244,2025-10-26,False,True,2025,10,4,Regular Week,Festival Sale
9638,3624,2025-02-18,False,False,2025,2,1,Regular Week,Regular Sale
9639,1795,2025-08-01,True,False,2025,8,3,Salary Week,Regular Sale
9640,2174,2025-02-27,False,False,2025,2,1,Regular Week,Regular Sale
9641,4079,2025-05-24,False,False,2025,5,2,Regular Week,Regular Sale
9642,188,2025-09-26,True,False,2025,9,3,Salary Week,Regular Sale
9643,2283,2025-11-04,False,True,2025,11,4,Regular Week,Festival Sale
9644,3107,2025-01-10,True,False,2025,1,1,Salary Week,Regular Sale
9645,1934,2025-11-15,True,True,2025,11,4,Salary Week,Festival Sale
9646,3834,2025-01-17,True,True,2025,1,1,Salary Week,Festival Sale
9647,392,2025-06-29,True,False,2025,6,2,Salary Week,Regular Sale
9648,2932,2025-01-10,False,True,2025,1,1,Regular Week,Festival Sale
9649,2668,2025-12-29,True,True,2025,12,4,Salary Week,Festival Sale
9650,3557,2025-07-15,True,False,2025,7,3,Salary Week,Regular Sale
9651,1335,2025-10-09,True,True,2025,10,4,Salary Week,Festival Sale
9652,2344,2025-07-16,False,True,2025,7,3,Regular Week,Festival Sale
9653,2166,2025-06-30,False,False,2025,6,2,Regular Week,Regular Sale
9654,3049,2025-10-22,False,False,2025,10,4,Regular Week,Regular Sale
9655,881,2025-02-02,True,False,2025,2,1,Salary Week,Regular Sale
9656,4518,2025-02-09,False,False,2025,2,1,Regular Week,Regular Sale
9657,72,2025-02-08,False,False,2025,2,1,Regular Week,Regular Sale
9658,3398,2025-11-02,False,False,2025,11,4,Regular Week,Regular Sale
9659,961,2025-06-15,True,False,2025,6,2,Salary Week,Regular Sale
9660,1510,2025-03-02,True,False,2025,3,1,Salary Week,Regular Sale
9661,1727,2025-01-15,False,True,2025,1,1,Regular Week,Festival Sale
9662,4230,2025-04-01,False,True,2025,4,2,Regular Week,Festival Sale
9663,1767,2025-05-16,False,True,2025,5,2,Regular Week,Festival Sale
9664,2715,2025-10-22,True,True,2025,10,4,Salary Week,Festival Sale
9665,3456,2025-02-17,True,True,2025,2,1,Salary Week,Festival Sale
9666,1198,2025-07-04,True,False,2025,7,3,Salary Week,Regular Sale
9667,2010,2025-05-21,False,False,2025,5,2,Regular Week,Regular Sale
9668,4683,2025-02-26,True,True,2025,2,1,Salary Week,Festival Sale
9669,3064,2025-04-14,True,True,2025,4,2,Salary Week,Festival Sale
9670,4380,2025-04-20,True,False,2025,4,2,Salary Week,Regular Sale
9671,4213,2025-03-08,False,False,2025,3,1,Regular Week,Regular Sale
9672,529,2025-12-24,True,False,2025,12,4,Salary Week,Regular Sale
9673,2880,2025-08-13,True,False,2025,8,3,Salary Week,Regular Sale
9674,1055,2025-01-27,True,True,2025,1,1,Salary Week,Festival Sale
9675,2983,2025-08-14,False,False,2025,8,3,Regular Week,Regular Sale
9676,1298,2025-04-29,True,True,2025,4,2,Salary Week,Festival Sale
9677,3953,2025-07-15,False,False,2025,7,3,Regular Week,Regular Sale
9678,1969,2025-06-04,False,False,2025,6,2,Regular Week,Regular Sale
9679,2788,2025-07-02,False,True,2025,7,3,Regular Week,Festival Sale
9680,293,2025-04-13,False,True,2025,4,2,Regular Week,Festival Sale
9681,2860,2025-04-11,False,True,2025,4,2,Regular Week,Festival Sale
9682,412,2025-02-01,True,False,2025,2,1,Salary Week,Regular Sale
9683,2853,2025-05-15,True,False,2025,5,2,Salary Week,Regular Sale
9684,1746,2025-08-30,False,False,2025,8,3,Regular Week,Regular Sale
9685,2933,2025-06-23,False,True,2025,6,2,Regular Week,Festival Sale
9686,3001,2025-05-05,True,True,2025,5,2,Salary Week,Festival Sale
9687,3521,2025-04-30,True,False,2025,4,2,Salary Week,Regular Sale
9688,550,2025-11-30,False,True,2025,11,4,Regular Week,Festival Sale
9689,2766,2025-11-16,False,True,2025,11,4,Regular Week,Festival Sale
9690,2322,2025-09-07,True,False,2025,9,3,Salary Week,Regular Sale
9691,4297,2025-05-05,True,False,2025,5,2,Salary Week,Regular Sale
9692,4870,2025-04-20,False,True,2025,4,2,Regular Week,Festival Sale
9693,493,2025-09-01,True,True,2025,9,3,Salary Week,Festival Sale
9694,3319,2025-11-19,False,False,2025,11,4,Regular Week,Regular Sale
9695,1867,2025-04-11,False,False,2025,4,2,Regular Week,Regular Sale
9696,2393,2025-11-02,True,True,2025,11,4,Salary Week,Festival Sale
9697,1092,2025-10-11,False,False,2025,10,4,Regular Week,Regular Sale
9698,10,2025-06-07,False,True,2025,6,2,Regular Week,Festival Sale
9699,4771,2025-11-09,True,False,2025,11,4,Salary Week,Regular Sale
9700,3614,2025-02-15,False,False,2025,2,1,Regular Week,Regular Sale
9701,244,2025-04-06,True,True,2025,4,2,Salary Week,Festival Sale
9702,2187,2025-01-23,False,False,2025,1,1,Regular Week,Regular Sale
9703,303,2025-04-26,True,False,2025,4,2,Salary Week,Regular Sale
9704,1386,2025-01-20,False,True,2025,1,1,Regular Week,Festival Sale
9705,2125,2025-06-11,True,False,2025,6,2,Salary Week,Regular Sale
9706,163,2025-11-01,False,True,2025,11,4,Regular Week,Festival Sale
9707,2873,2025-06-20,False,True,2025,6,2,Regular Week,Festival Sale
9708,4800,2025-01-14,False,False,2025,1,1,Regular Week,Regular Sale
9709,3098,2025-07-06,False,False,2025,7,3,Regular Week,Regular Sale
9710,435,2025-10-31,False,True,2025,10,4,Regular Week,Festival Sale
9711,2891,2025-09-18,False,False,2025,9,3,Regular Week,Regular Sale
9712,113,2025-06-09,True,False,2025,6,2,Salary Week,Regular Sale
9713,2252,2025-09-12,True,True,2025,9,3,Salary Week,Festival Sale
9714,2055,2025-12-19,False,True,2025,12,4,Regular Week,Festival Sale
9715,474,2025-05-10,True,True,2025,5,2,Salary Week,Festival Sale
9716,1586,2025-11-12,True,True,2025,11,4,Salary Week,Festival Sale
9717,3763,2025-05-29,False,False,2025,5,2,Regular Week,Regular Sale
9718,4286,2025-07-19,True,False,2025,7,3,Salary Week,Regular Sale
9719,2965,2025-08-27,False,True,2025,8,3,Regular Week,Festival Sale
9720,3050,2025-11-21,True,False,2025,11,4,Salary Week,Regular Sale
9721,2213,2025-02-21,False,False,2025,2,1,Regular Week,Regular Sale
9722,3240,2025-11-01,False,False,2025,11,4,Regular Week,Regular Sale
9723,468,2025-01-20,True,False,2025,1,1,Salary Week,Regular Sale
9724,3010,2025-02-05,False,False,2025,2,1,Regular Week,Regular Sale
9725,4472,2025-04-16,False,False,2025,4,2,Regular Week,Regular Sale
9726,3830,2025-05-31,False,True,2025,5,2,Regular Week,Festival Sale
9727,2146,2026-01-01,False,False,2026,1,1,Regular Week,Regular Sale
9728,2775,2025-01-25,False,False,2025,1,1,Regular Week,Regular Sale
9729,3870,2025-08-09,False,True,2025,8,3,Regular Week,Festival Sale
9730,4280,2025-07-30,True,True,2025,7,3,Salary Week,Festival Sale
9731,3060,2025-11-11,True,False,2025,11,4,Salary Week,Regular Sale
9732,1200,2025-12-31,True,True,2025,12,4,Salary Week,Festival Sale
9733,1466,2025-01-22,True,False,2025,1,1,Salary Week,Regular Sale
9734,1872,2025-02-14,True,False,2025,2,1,Salary Week,Regular Sale
9735,4086,2025-03-02,True,False,2025,3,1,Salary Week,Regular Sale
9736,3045,2025-01-11,False,True,2025,1,1,Regular Week,Festival Sale
9737,2521,2025-01-18,False,True,2025,1,1,Regular Week,Festival Sale
9738,4284,2025-08-12,False,False,2025,8,3,Regular Week,Regular Sale
9739,2779,2025-09-14,True,True,2025,9,3,Salary Week,Festival Sale
9740,1055,2025-01-08,False,False,2025,1,1,Regular Week,Regular Sale
9741,922,2025-08-30,True,False,2025,8,3,Salary Week,Regular Sale
9742,4787,2025-07-03,True,False,2025,7,3,Salary Week,Regular Sale
9743,1762,2025-10-22,False,True,2025,10,4,Regular Week,Festival Sale
9744,1126,2025-09-23,False,True,2025,9,3,Regular Week,Festival Sale
9745,4246,2025-11-16,True,False,2025,11,4,Salary Week,Regular Sale
9746,1824,2025-07-13,False,True,2025,7,3,Regular Week,Festival Sale
9747,166,2025-07-18,False,True,2025,7,3,Regular Week,Festival Sale
9748,4601,2025-10-11,True,False,2025,10,4,Salary Week,Regular Sale
9749,1442,2025-09-03,False,True,2025,9,3,Regular Week,Festival Sale
9750,4642,2025-03-08,True,False,2025,3,1,Salary Week,Regular Sale
9751,4644,2025-12-05,False,True,2025,12,4,Regular Week,Festival Sale
9752,1279,2025-12-11,False,True,2025,12,4,Regular Week,Festival Sale
9753,1329,2025-09-24,False,False,2025,9,3,Regular Week,Regular Sale
9754,3251,2025-05-16,True,True,2025,5,2,Salary Week,Festival Sale
9755,4888,2025-04-06,False,True,2025,4,2,Regular Week,Festival Sale
9756,4685,2025-09-29,False,False,2025,9,3,Regular Week,Regular Sale
9757,728,2025-06-22,True,False,2025,6,2,Salary Week,Regular Sale
9758,560,2025-12-24,True,True,2025,12,4,Salary Week,Festival Sale
9759,4152,2025-02-14,True,True,2025,2,1,Salary Week,Festival Sale
9760,1976,2025-01-09,False,False,2025,1,1,Regular Week,Regular Sale
9761,2600,2025-03-02,True,False,2025,3,1,Salary Week,Regular Sale
9762,3319,2025-12-27,True,False,2025,12,4,Salary Week,Regular Sale
9763,2421,2025-01-23,False,False,2025,1,1,Regular Week,Regular Sale
9764,1658,2025-02-01,False,True,2025,2,1,Regular Week,Festival Sale
9765,2907,2025-12-30,False,False,2025,12,4,Regular Week,Regular Sale
9766,3912,2025-09-24,False,False,2025,9,3,Regular Week,Regular Sale
9767,3785,2025-03-28,True,False,2025,3,1,Salary Week,Regular Sale
9768,3981,2025-10-11,False,False,2025,10,4,Regular Week,Regular Sale
9769,3997,2025-09-18,False,False,2025,9,3,Regular Week,Regular Sale
9770,4583,2025-03-25,True,True,2025,3,1,Salary Week,Festival Sale
9771,3435,2025-11-11,True,True,2025,11,4,Salary Week,Festival Sale
9772,3608,2025-01-14,False,False,2025,1,1,Regular Week,Regular Sale
9773,3865,2025-08-29,True,False,2025,8,3,Salary Week,Regular Sale
9774,3025,2025-07-19,False,True,2025,7,3,Regular Week,Festival Sale
9775,2905,2025-07-04,False,False,2025,7,3,Regular Week,Regular Sale
9776,944,2025-02-03,False,True,2025,2,1,Regular Week,Festival Sale
9777,2193,2025-02-22,False,False,2025,2,1,Regular Week,Regular Sale
9778,2486,2025-01-16,False,True,2025,1,1,Regular Week,Festival Sale
9779,381,2025-05-24,True,False,2025,5,2,Salary Week,Regular Sale
9780,2674,2025-02-13,True,False,2025,2,1,Salary Week,Regular Sale
9781,3598,2025-10-21,False,True,2025,10,4,Regular Week,Festival Sale
9782,2626,2025-01-26,True,False,2025,1,1,Salary Week,Regular Sale
9783,2158,2025-07-07,True,False,2025,7,3,Salary Week,Regular Sale
9784,2958,2025-10-11,True,False,2025,10,4,Salary Week,Regular Sale
9785,1899,2025-01-12,False,True,2025,1,1,Regular Week,Festival Sale
9786,4841,2025-07-03,False,False,2025,7,3,Regular Week,Regular Sale
9787,2415,2025-06-18,True,False,2025,6,2,Salary Week,Regular Sale
9788,1087,2025-11-14,True,False,2025,11,4,Salary Week,Regular Sale
9789,4021,2025-11-09,True,True,2025,11,4,Salary Week,Festival Sale
9790,4079,2025-10-27,False,True,2025,10,4,Regular Week,Festival Sale
9791,2223,2025-06-17,True,True,2025,6,2,Salary Week,Festival Sale
9792,4494,2025-07-16,True,True,2025,7,3,Salary Week,Festival Sale
9793,2104,2025-08-08,True,False,2025,8,3,Salary Week,Regular Sale
9794,440,2025-09-22,False,False,2025,9,3,Regular Week,Regular Sale
9795,2014,2025-09-19,False,False,2025,9,3,Regular Week,Regular Sale
9796,3399,2025-10-19,False,True,2025,10,4,Regular Week,Festival Sale
9797,456,2025-04-13,True,True,2025,4,2,Salary Week,Festival Sale
9798,2899,2025-08-01,True,False,2025,8,3,Salary Week,Regular Sale
9799,547,2025-09-27,False,True,2025,9,3,Regular Week,Festival Sale
9800,2404,2025-02-21,True,True,2025,2,1,Salary Week,Festival Sale
9801,3850,2025-12-15,True,False,2025,12,4,Salary Week,Regular Sale
9802,488,2026-01-03,True,False,2026,1,1,Salary Week,Regular Sale
9803,2213,2025-11-16,True,True,2025,11,4,Salary Week,Festival Sale
9804,244,2025-12-26,True,False,2025,12,4,Salary Week,Regular Sale
9805,3469,2025-03-04,True,True,2025,3,1,Salary Week,Festival Sale
9806,2189,2025-07-25,True,False,2025,7,3,Salary Week,Regular Sale
9807,693,2025-09-21,False,True,2025,9,3,Regular Week,Festival Sale
9808,2824,2025-11-14,True,False,2025,11,4,Salary Week,Regular Sale
9809,4414,2025-01-14,False,False,2025,1,1,Regular Week,Regular Sale
9810,1612,2025-11-22,True,True,2025,11,4,Salary Week,Festival Sale
9811,2042,2025-10-23,False,False,2025,10,4,Regular Week,Regular Sale
9812,3735,2025-04-11,False,False,2025,4,2,Regular Week,Regular Sale
9813,4916,2025-06-03,False,False,2025,6,2,Regular Week,Regular Sale
9814,3480,2025-04-20,False,False,2025,4,2,Regular Week,Regular Sale
9815,1500,2025-01-08,True,False,2025,1,1,Salary Week,Regular Sale
9816,1266,2025-09-02,False,True,2025,9,3,Regular Week,Festival Sale
9817,1307,2025-03-09,False,False,2025,3,1,Regular Week,Regular Sale
9818,2157,2025-06-06,True,False,2025,6,2,Salary Week,Regular Sale
9819,3315,2025-04-06,False,True,2025,4,2,Regular Week,Festival Sale
9820,508,2025-06-30,False,True,2025,6,2,Regular Week,Festival Sale
9821,4746,2025-08-29,True,True,2025,8,3,Salary Week,Festival Sale
9822,3088,2025-12-19,False,True,2025,12,4,Regular Week,Festival Sale
9823,188,2025-12-24,False,False,2025,12,4,Regular Week,Regular Sale
9824,4050,2025-12-12,True,True,2025,12,4,Salary Week,Festival Sale
9825,1290,2025-01-09,False,False,2025,1,1,Regular Week,Regular Sale
9826,1719,2025-12-30,False,False,2025,12,4,Regular Week,Regular Sale
9827,998,2025-09-29,False,True,2025,9,3,Regular Week,Festival Sale
9828,4605,2025-04-26,True,True,2025,4,2,Salary Week,Festival Sale
9829,951,2025-07-09,False,True,2025,7,3,Regular Week,Festival Sale
9830,2715,2025-02-27,False,False,2025,2,1,Regular Week,Regular Sale
9831,1604,2025-07-23,False,False,2025,7,3,Regular Week,Regular Sale
9832,4835,2025-11-04,True,True,2025,11,4,Salary Week,Festival Sale
9833,3568,2025-10-06,True,True,2025,10,4,Salary Week,Festival Sale
9834,4595,2025-11-26,True,False,2025,11,4,Salary Week,Regular Sale
9835,1927,2025-09-29,False,True,2025,9,3,Regular Week,Festival Sale
9836,3528,2025-01-10,True,False,2025,1,1,Salary Week,Regular Sale
9837,968,2025-01-19,True,False,2025,1,1,Salary Week,Regular Sale
9838,2405,2025-05-09,True,True,2025,5,2,Salary Week,Festival Sale
9839,1752,2025-01-10,False,False,2025,1,1,Regular Week,Regular Sale
9840,3063,2025-08-25,True,False,2025,8,3,Salary Week,Regular Sale
9841,2155,2025-10-02,True,False,2025,10,4,Salary Week,Regular Sale
9842,4713,2025-10-22,True,True,2025,10,4,Salary Week,Festival Sale
9843,4525,2025-07-07,False,False,2025,7,3,Regular Week,Regular Sale
9844,2405,2025-06-07,False,False,2025,6,2,Regular Week,Regular Sale
9845,2569,2026-01-04,True,False,2026,1,1,Salary Week,Regular Sale
9846,2592,2025-08-16,True,False,2025,8,3,Salary Week,Regular Sale
9847,4630,2025-05-05,True,False,2025,5,2,Salary Week,Regular Sale
9848,624,2025-02-24,False,False,2025,2,1,Regular Week,Regular Sale
9849,4200,2025-06-15,False,True,2025,6,2,Regular Week,Festival Sale
9850,4321,2025-11-20,False,True,2025,11,4,Regular Week,Festival Sale
9851,2975,2025-08-19,True,True,2025,8,3,Salary Week,Festival Sale
9852,2690,2025-06-21,True,True,2025,6,2,Salary Week,Festival Sale
9853,855,2025-06-07,True,False,2025,6,2,Salary Week,Regular Sale
9854,3700,2025-07-09,True,False,2025,7,3,Salary Week,Regular Sale
9855,270,2025-07-19,True,False,2025,7,3,Salary Week,Regular Sale
9856,2107,2025-02-16,False,False,2025,2,1,Regular Week,Regular Sale
9857,3887,2025-02-05,False,True,2025,2,1,Regular Week,Festival Sale
9858,86,2025-12-23,False,False,2025,12,4,Regular Week,Regular Sale
9859,1213,2025-06-06,False,True,2025,6,2,Regular Week,Festival Sale
9860,1864,2025-02-02,False,False,2025,2,1,Regular Week,Regular Sale
9861,2375,2025-01-19,False,False,2025,1,1,Regular Week,Regular Sale
9862,4990,2025-12-18,True,False,2025,12,4,Salary Week,Regular Sale
9863,2098,2025-02-04,True,False,2025,2,1,Salary Week,Regular Sale
9864,2633,2025-04-23,False,False,2025,4,2,Regular Week,Regular Sale
9865,4289,2025-09-20,True,True,2025,9,3,Salary Week,Festival Sale
9866,2121,2025-03-03,False,False,2025,3,1,Regular Week,Regular Sale
9867,1600,2025-12-03,False,True,2025,12,4,Regular Week,Festival Sale
9868,1588,2025-07-05,False,True,2025,7,3,Regular Week,Festival Sale
9869,2326,2025-03-03,False,False,2025,3,1,Regular Week,Regular Sale
9870,3796,2025-08-14,False,True,2025,8,3,Regular Week,Festival Sale
9871,4129,2025-11-27,False,False,2025,11,4,Regular Week,Regular Sale
9872,2922,2025-08-28,False,True,2025,8,3,Regular Week,Festival Sale
9873,3070,2025-11-16,True,True,2025,11,4,Salary Week,Festival Sale
9874,4772,2025-05-12,True,False,2025,5,2,Salary Week,Regular Sale
9875,3559,2025-11-27,True,False,2025,11,4,Salary Week,Regular Sale
9876,3083,2025-11-21,True,False,2025,11,4,Salary Week,Regular Sale
9877,3796,2026-01-05,True,False,2026,1,1,Salary Week,Regular Sale
9878,1435,2025-09-26,False,True,2025,9,3,Regular Week,Festival Sale
9879,1389,2025-09-21,True,False,2025,9,3,Salary Week,Regular Sale
9880,1425,2025-12-28,False,False,2025,12,4,Regular Week,Regular Sale
9881,3911,2025-08-14,False,True,2025,8,3,Regular Week,Festival Sale
9882,4269,2025-05-31,False,True,2025,5,2,Regular Week,Festival Sale
9883,1436,2025-08-25,False,False,2025,8,3,Regular Week,Regular Sale
9884,2676,2025-05-01,True,False,2025,5,2,Salary Week,Regular Sale
9885,3803,2025-05-27,True,False,2025,5,2,Salary Week,Regular Sale
9886,4344,2025-09-22,False,True,2025,9,3,Regular Week,Festival Sale
9887,3921,2025-06-24,False,False,2025,6,2,Regular Week,Regular Sale
9888,87,2025-01-28,False,True,2025,1,1,Regular Week,Festival Sale
9889,947,2025-04-19,True,False,2025,4,2,Salary Week,Regular Sale
9890,2634,2025-04-23,False,True,2025,4,2,Regular Week,Festival Sale
9891,1860,2025-01-16,True,False,2025,1,1,Salary Week,Regular Sale
9892,1827,2025-08-19,True,False,2025,8,3,Salary Week,Regular Sale
9893,3972,2025-10-08,True,False,2025,10,4,Salary Week,Regular Sale
9894,3320,2025-08-05,True,False,2025,8,3,Salary Week,Regular Sale
9895,1731,2025-10-15,False,False,2025,10,4,Regular Week,Regular Sale
9896,532,2025-10-18,True,False,2025,10,4,Salary Week,Regular Sale
9897,4215,2025-03-14,False,True,2025,3,1,Regular Week,Festival Sale
9898,3709,2025-12-03,False,True,2025,12,4,Regular Week,Festival Sale
9899,1690,2025-08-24,False,True,2025,8,3,Regular Week,Festival Sale
9900,4668,2025-01-22,True,True,2025,1,1,Salary Week,Festival Sale
9901,4471,2025-09-29,True,False,2025,9,3,Salary Week,Regular Sale
9902,818,2025-07-03,True,True,2025,7,3,Salary Week,Festival Sale
9903,1891,2025-12-12,False,False,2025,12,4,Regular Week,Regular Sale
9904,1186,2025-04-27,False,True,2025,4,2,Regular Week,Festival Sale
9905,1305,2025-11-13,True,True,2025,11,4,Salary Week,Festival Sale
9906,2682,2025-02-21,False,False,2025,2,1,Regular Week,Regular Sale
9907,3030,2025-05-25,False,True,2025,5,2,Regular Week,Festival Sale
9908,3590,2025-05-06,True,False,2025,5,2,Salary Week,Regular Sale
9909,4758,2025-09-18,True,True,2025,9,3,Salary Week,Festival Sale
9910,2743,2025-07-03,False,False,2025,7,3,Regular Week,Regular Sale
9911,2248,2025-08-14,False,False,2025,8,3,Regular Week,Regular Sale
9912,691,2025-12-02,False,False,2025,12,4,Regular Week,Regular Sale
9913,1545,2025-02-07,True,False,2025,2,1,Salary Week,Regular Sale
9914,982,2025-12-06,False,True,2025,12,4,Regular Week,Festival Sale
9915,2129,2025-08-23,True,True,2025,8,3,Salary Week,Festival Sale
9916,199,2025-12-31,False,True,2025,12,4,Regular Week,Festival Sale
9917,36,2025-07-28,True,False,2025,7,3,Salary Week,Regular Sale
9918,4399,2025-08-10,True,False,2025,8,3,Salary Week,Regular Sale
9919,449,2025-09-16,True,True,2025,9,3,Salary Week,Festival Sale
9920,2307,2025-05-30,False,False,2025,5,2,Regular Week,Regular Sale
9921,955,2025-09-14,False,False,2025,9,3,Regular Week,Regular Sale
9922,4505,2025-12-23,True,True,2025,12,4,Salary Week,Festival Sale
9923,4412,2025-06-04,False,False,2025,6,2,Regular Week,Regular Sale
9924,3545,2025-04-26,False,True,2025,4,2,Regular Week,Festival Sale
9925,3359,2025-06-07,True,True,2025,6,2,Salary Week,Festival Sale
9926,4965,2025-06-06,False,True,2025,6,2,Regular Week,Festival Sale
9927,4539,2025-08-04,True,True,2025,8,3,Salary Week,Festival Sale
9928,715,2025-08-05,False,False,2025,8,3,Regular Week,Regular Sale
9929,1772,2025-07-14,False,True,2025,7,3,Regular Week,Festival Sale
9930,2363,2025-01-23,False,True,2025,1,1,Regular Week,Festival Sale
9931,4838,2025-06-14,False,False,2025,6,2,Regular Week,Regular Sale
9932,169,2025-11-22,False,False,2025,11,4,Regular Week,Regular Sale
9933,3648,2025-01-27,True,False,2025,1,1,Salary Week,Regular Sale
9934,1483,2025-04-11,False,True,2025,4,2,Regular Week,Festival Sale
9935,3232,2025-08-12,True,False,2025,8,3,Salary Week,Regular Sale
9936,942,2025-08-23,True,True,2025,8,3,Salary Week,Festival Sale
9937,2666,2025-10-25,True,True,2025,10,4,Salary Week,Festival Sale
9938,3639,2025-05-21,False,True,2025,5,2,Regular Week,Festival Sale
9939,1363,2025-11-12,False,False,2025,11,4,Regular Week,Regular Sale
9940,4202,2025-05-10,True,False,2025,5,2,Salary Week,Regular Sale
9941,4324,2025-07-04,True,False,2025,7,3,Salary Week,Regular Sale
9942,647,2025-07-08,True,True,2025,7,3,Salary Week,Festival Sale
9943,3808,2025-06-08,False,False,2025,6,2,Regular Week,Regular Sale
9944,4683,2025-05-01,True,False,2025,5,2,Salary Week,Regular Sale
9945,2160,2025-01-13,False,False,2025,1,1,Regular Week,Regular Sale
9946,23,2025-01-25,True,True,2025,1,1,Salary Week,Festival Sale
9947,2966,2025-07-18,False,False,2025,7,3,Regular Week,Regular Sale
9948,3985,2025-11-06,False,False,2025,11,4,Regular Week,Regular Sale
9949,1690,2025-09-01,True,False,2025,9,3,Salary Week,Regular Sale
9950,1646,2025-08-19,True,False,2025,8,3,Salary Week,Regular Sale
9951,3017,2025-05-17,True,False,2025,5,2,Salary Week,Regular Sale
9952,3663,2025-10-23,False,False,2025,10,4,Regular Week,Regular Sale
9953,2186,2025-08-11,False,True,2025,8,3,Regular Week,Festival Sale
9954,4382,2025-10-07,True,True,2025,10,4,Salary Week,Festival Sale
9955,1030,2025-11-09,True,False,2025,11,4,Salary Week,Regular Sale
9956,3296,2025-05-29,True,True,2025,5,2,Salary Week,Festival Sale
9957,4855,2025-07-09,True,False,2025,7,3,Salary Week,Regular Sale
9958,2831,2025-10-26,False,True,2025,10,4,Regular Week,Festival Sale
9959,2649,2025-08-02,True,False,2025,8,3,Salary Week,Regular Sale
9960,100,2025-05-04,True,False,2025,5,2,Salary Week,Regular Sale
9961,2998,2025-05-17,False,False,2025,5,2,Regular Week,Regular Sale
9962,4861,2025-09-15,True,False,2025,9,3,Salary Week,Regular Sale
9963,724,2025-05-05,True,True,2025,5,2,Salary Week,Festival Sale
9964,4604,2025-05-04,True,True,2025,5,2,Salary Week,Festival Sale
9965,1722,2025-11-04,False,True,2025,11,4,Regular Week,Festival Sale
9966,2801,2025-05-16,True,False,2025,5,2,Salary Week,Regular Sale
9967,273,2025-01-24,True,False,2025,1,1,Salary Week,Regular Sale
9968,4702,2025-12-21,False,False,2025,12,4,Regular Week,Regular Sale
9969,3691,2025-09-22,False,True,2025,9,3,Regular Week,Festival Sale
9970,1912,2025-05-05,False,False,2025,5,2,Regular Week,Regular Sale
9971,4500,2025-03-15,False,True,2025,3,1,Regular Week,Festival Sale
9972,258,2025-11-30,False,True,2025,11,4,Regular Week,Festival Sale
9973,4328,2025-06-07,False,False,2025,6,2,Regular Week,Regular Sale
9974,4599,2025-02-20,True,True,2025,2,1,Salary Week,Festival Sale
9975,1581,2025-12-07,False,True,2025,12,4,Regular Week,Festival Sale
9976,4074,2025-02-13,False,False,2025,2,1,Regular Week,Regular Sale
9977,4576,2025-03-20,False,False,2025,3,1,Regular Week,Regular Sale
9978,3499,2025-03-17,True,True,2025,3,1,Salary Week,Festival Sale
9979,2531,2025-04-02,False,False,2025,4,2,Regular Week,Regular Sale
9980,1902,2025-01-30,False,False,2025,1,1,Regular Week,Regular Sale
9981,1295,2025-04-26,True,False,2025,4,2,Salary Week,Regular Sale
9982,1143,2025-02-08,False,True,2025,2,1,Regular Week,Festival Sale
9983,3410,2025-10-03,False,True,2025,10,4,Regular Week,Festival Sale
9984,133,2025-01-08,True,False,2025,1,1,Salary Week,Regular Sale
9985,3713,2025-10-27,True,True,2025,10,4,Salary Week,Festival Sale
9986,575,2025-04-10,True,False,2025,4,2,Salary Week,Regular Sale
9987,1969,2025-02-19,True,False,2025,2,1,Salary Week,Regular Sale
9988,4338,2025-02-15,True,False,2025,2,1,Salary Week,Regular Sale
9989,4278,2025-03-24,False,False,2025,3,1,Regular Week,Regular Sale
9990,1342,2025-05-12,False,False,2025,5,2,Regular Week,Regular Sale
9991,2413,2025-08-30,True,True,2025,8,3,Salary Week,Festival Sale
9992,1287,2025-01-22,True,False,2025,1,1,Salary Week,Regular Sale
9993,26,2025-01-19,True,True,2025,1,1,Salary Week,Festival Sale
9994,3433,2025-01-15,True,False,2025,1,1,Salary Week,Regular Sale
9995,1035,2025-07-17,False,False,2025,7,3,Regular Week,Regular Sale
9996,362,2025-09-16,False,True,2025,9,3,Regular Week,Festival Sale
9997,4302,2025-02-15,False,True,2025,2,1,Regular Week,Festival Sale
9998,3197,2025-11-09,False,True,2025,11,4,Regular Week,Festival Sale
9999,4110,2025-02-02,False,True,2025,2,1,Regular Week,Festival Sale
10000,1533,2025-06-06,True,True,2025,6,2,Salary Week,Festival Sale
10001,1292,2025-05-12,False,False,2025,5,2,Regular Week,Regular Sale
10002,659,2025-05-18,False,True,2025,5,2,Regular Week,Festival Sale
10003,997,2025-10-15,True,False,2025,10,4,Salary Week,Regular Sale
10004,2689,2025-02-20,True,True,2025,2,1,Salary Week,Festival Sale
10005,4133,2025-06-12,True,True,2025,6,2,Salary Week,Festival Sale
10006,510,2025-10-14,True,False,2025,10,4,Salary Week,Regular Sale
10007,3304,2025-10-26,True,False,2025,10,4,Salary Week,Regular Sale
10008,881,2025-05-16,True,True,2025,5,2,Salary Week,Festival Sale
10009,1921,2025-10-30,False,True,2025,10,4,Regular Week,Festival Sale
10010,713,2025-01-30,False,False,2025,1,1,Regular Week,Regular Sale
10011,4135,2025-04-07,False,False,2025,4,2,Regular Week,Regular Sale
10012,605,2025-09-11,True,True,2025,9,3,Salary Week,Festival Sale
10013,4152,2025-01-14,True,True,2025,1,1,Salary Week,Festival Sale
10014,3191,2025-03-09,True,False,2025,3,1,Salary Week,Regular Sale
10015,4559,2025-09-28,False,False,2025,9,3,Regular Week,Regular Sale
10016,3792,2025-07-20,True,True,2025,7,3,Salary Week,Festival Sale
10017,3005,2025-11-18,True,False,2025,11,4,Salary Week,Regular Sale
10018,2429,2025-04-19,True,True,2025,4,2,Salary Week,Festival Sale
10019,328,2025-02-25,True,False,2025,2,1,Salary Week,Regular Sale
10020,4699,2025-03-17,True,True,2025,3,1,Salary Week,Festival Sale
10021,2306,2025-12-14,True,False,2025,12,4,Salary Week,Regular Sale
10022,3888,2025-07-19,False,True,2025,7,3,Regular Week,Festival Sale
10023,886,2025-04-10,True,False,2025,4,2,Salary Week,Regular Sale
10024,4003,2025-08-06,False,True,2025,8,3,Regular Week,Festival Sale
10025,3199,2025-02-28,False,False,2025,2,1,Regular Week,Regular Sale
10026,4940,2025-05-01,True,False,2025,5,2,Salary Week,Regular Sale
10027,1113,2025-09-04,False,True,2025,9,3,Regular Week,Festival Sale
10028,4385,2025-10-04,False,True,2025,10,4,Regular Week,Festival Sale
10029,2263,2025-01-18,True,True,2025,1,1,Salary Week,Festival Sale
10030,1468,2025-03-04,True,True,2025,3,1,Salary Week,Festival Sale
10031,1549,2025-12-16,True,False,2025,12,4,Salary Week,Regular Sale
10032,2659,2025-10-30,True,False,2025,10,4,Salary Week,Regular Sale
10033,402,2025-02-02,True,False,2025,2,1,Salary Week,Regular Sale
10034,896,2025-04-20,True,True,2025,4,2,Salary Week,Festival Sale
10035,4804,2025-06-07,True,False,2025,6,2,Salary Week,Regular Sale
10036,4994,2025-11-28,False,False,2025,11,4,Regular Week,Regular Sale
10037,3449,2025-07-11,True,True,2025,7,3,Salary Week,Festival Sale
10038,3802,2025-06-10,True,True,2025,6,2,Salary Week,Festival Sale
10039,2432,2025-10-16,False,True,2025,10,4,Regular Week,Festival Sale
10040,4439,2025-01-26,False,True,2025,1,1,Regular Week,Festival Sale
10041,2548,2025-11-02,True,True,2025,11,4,Salary Week,Festival Sale
10042,3563,2025-10-19,True,True,2025,10,4,Salary Week,Festival Sale
10043,1986,2025-04-19,False,True,2025,4,2,Regular Week,Festival Sale
10044,194,2025-04-01,False,True,2025,4,2,Regular Week,Festival Sale
10045,4237,2025-03-17,True,False,2025,3,1,Salary Week,Regular Sale
10046,2604,2025-03-22,True,True,2025,3,1,Salary Week,Festival Sale
10047,2924,2025-05-09,True,False,2025,5,2,Salary Week,Regular Sale
10048,2086,2025-01-25,True,False,2025,1,1,Salary Week,Regular Sale
10049,346,2025-10-30,True,True,2025,10,4,Salary Week,Festival Sale
10050,1855,2025-03-13,True,True,2025,3,1,Salary Week,Festival Sale
10051,2961,2025-01-07,False,False,2025,1,1,Regular Week,Regular Sale
10052,640,2025-06-23,False,False,2025,6,2,Regular Week,Regular Sale
10053,4755,2025-06-24,False,True,2025,6,2,Regular Week,Festival Sale
10054,2919,2025-02-11,True,True,2025,2,1,Salary Week,Festival Sale
10055,1472,2025-01-15,False,False,2025,1,1,Regular Week,Regular Sale
10056,3371,2025-03-28,True,False,2025,3,1,Salary Week,Regular Sale
10057,3159,2025-02-01,False,False,2025,2,1,Regular Week,Regular Sale
10058,1523,2025-11-04,False,True,2025,11,4,Regular Week,Festival Sale
10059,3861,2025-01-09,True,False,2025,1,1,Salary Week,Regular Sale
10060,1057,2025-06-09,True,False,2025,6,2,Salary Week,Regular Sale
10061,395,2025-07-24,True,True,2025,7,3,Salary Week,Festival Sale
10062,4539,2025-09-03,True,False,2025,9,3,Salary Week,Regular Sale
10063,3932,2025-04-29,True,True,2025,4,2,Salary Week,Festival Sale
10064,3192,2025-04-01,True,False,2025,4,2,Salary Week,Regular Sale
10065,442,2025-05-25,False,False,2025,5,2,Regular Week,Regular Sale
10066,1431,2025-03-24,False,True,2025,3,1,Regular Week,Festival Sale
10067,2042,2025-04-03,False,False,2025,4,2,Regular Week,Regular Sale
10068,2802,2025-11-07,False,True,2025,11,4,Regular Week,Festival Sale
10069,1653,2025-05-30,True,False,2025,5,2,Salary Week,Regular Sale
10070,3826,2025-10-02,False,True,2025,10,4,Regular Week,Festival Sale
10071,3335,2025-08-07,False,True,2025,8,3,Regular Week,Festival Sale
10072,3915,2025-06-29,True,False,2025,6,2,Salary Week,Regular Sale
10073,704,2025-10-26,False,True,2025,10,4,Regular Week,Festival Sale
10074,871,2025-02-24,False,True,2025,2,1,Regular Week,Festival Sale
10075,1169,2025-08-14,False,True,2025,8,3,Regular Week,Festival Sale
10076,779,2025-08-16,False,True,2025,8,3,Regular Week,Festival Sale
10077,2509,2025-04-29,True,False,2025,4,2,Salary Week,Regular Sale
10078,1506,2025-06-13,False,False,2025,6,2,Regular Week,Regular Sale
10079,1025,2025-03-07,True,False,2025,3,1,Salary Week,Regular Sale
10080,3918,2025-12-24,False,True,2025,12,4,Regular Week,Festival Sale
10081,2632,2025-05-03,False,True,2025,5,2,Regular Week,Festival Sale
10082,4223,2025-02-22,False,False,2025,2,1,Regular Week,Regular Sale
10083,523,2025-07-29,True,True,2025,7,3,Salary Week,Festival Sale
10084,3558,2025-03-21,False,True,2025,3,1,Regular Week,Festival Sale
10085,3833,2025-07-15,False,True,2025,7,3,Regular Week,Festival Sale
10086,3413,2025-06-28,False,False,2025,6,2,Regular Week,Regular Sale
10087,2581,2025-08-28,True,False,2025,8,3,Salary Week,Regular Sale
10088,4701,2025-04-13,False,True,2025,4,2,Regular Week,Festival Sale
10089,455,2025-05-29,True,False,2025,5,2,Salary Week,Regular Sale
10090,454,2025-09-15,True,True,2025,9,3,Salary Week,Festival Sale
10091,2532,2025-11-09,True,True,2025,11,4,Salary Week,Festival Sale
10092,4781,2025-07-08,True,False,2025,7,3,Salary Week,Regular Sale
10093,3890,2025-06-08,True,False,2025,6,2,Salary Week,Regular Sale
10094,3597,2025-10-24,False,True,2025,10,4,Regular Week,Festival Sale
10095,3315,2025-12-12,False,True,2025,12,4,Regular Week,Festival Sale
10096,4045,2025-08-13,False,False,2025,8,3,Regular Week,Regular Sale
10097,1656,2025-10-20,False,False,2025,10,4,Regular Week,Regular Sale
10098,2551,2025-12-22,True,False,2025,12,4,Salary Week,Regular Sale
10099,2760,2025-12-25,True,False,2025,12,4,Salary Week,Regular Sale
10100,1327,2025-11-09,True,True,2025,11,4,Salary Week,Festival Sale
10101,4800,2025-10-20,False,False,2025,10,4,Regular Week,Regular Sale
10102,3137,2025-08-12,False,False,2025,8,3,Regular Week,Regular Sale
10103,4016,2025-06-10,False,False,2025,6,2,Regular Week,Regular Sale
10104,1065,2025-10-30,True,True,2025,10,4,Salary Week,Festival Sale
10105,2649,2025-05-26,False,False,2025,5,2,Regular Week,Regular Sale
10106,2641,2025-10-12,False,True,2025,10,4,Regular Week,Festival Sale
10107,3471,2025-12-19,False,False,2025,12,4,Regular Week,Regular Sale
10108,877,2025-07-16,True,True,2025,7,3,Salary Week,Festival Sale
10109,301,2025-03-02,False,True,2025,3,1,Regular Week,Festival Sale
10110,4467,2025-12-18,False,False,2025,12,4,Regular Week,Regular Sale
10111,2014,2025-09-30,True,False,2025,9,3,Salary Week,Regular Sale
10112,1152,2025-01-13,True,False,2025,1,1,Salary Week,Regular Sale
10113,410,2025-10-24,True,False,2025,10,4,Salary Week,Regular Sale
10114,301,2025-09-20,True,False,2025,9,3,Salary Week,Regular Sale
10115,85,2025-05-08,True,False,2025,5,2,Salary Week,Regular Sale
10116,1229,2025-11-12,False,False,2025,11,4,Regular Week,Regular Sale
10117,4728,2025-11-11,False,False,2025,11,4,Regular Week,Regular Sale
10118,2149,2025-01-14,True,False,2025,1,1,Salary Week,Regular Sale
10119,1164,2025-08-10,False,False,2025,8,3,Regular Week,Regular Sale
10120,4800,2025-04-20,True,True,2025,4,2,Salary Week,Festival Sale
10121,4004,2025-06-16,True,True,2025,6,2,Salary Week,Festival Sale
10122,3600,2025-02-20,False,False,2025,2,1,Regular Week,Regular Sale
10123,3107,2025-06-04,False,False,2025,6,2,Regular Week,Regular Sale
10124,799,2025-11-04,True,True,2025,11,4,Salary Week,Festival Sale
10125,160,2025-04-10,True,False,2025,4,2,Salary Week,Regular Sale
10126,1850,2025-10-05,False,True,2025,10,4,Regular Week,Festival Sale
10127,4758,2025-03-30,False,False,2025,3,1,Regular Week,Regular Sale
10128,4389,2025-09-12,True,True,2025,9,3,Salary Week,Festival Sale
10129,25,2025-09-21,False,False,2025,9,3,Regular Week,Regular Sale
10130,1962,2025-07-20,False,True,2025,7,3,Regular Week,Festival Sale
10131,4275,2025-01-07,True,False,2025,1,1,Salary Week,Regular Sale
10132,923,2025-05-01,False,True,2025,5,2,Regular Week,Festival Sale
10133,2212,2025-11-12,True,False,2025,11,4,Salary Week,Regular Sale
10134,1089,2025-09-30,False,False,2025,9,3,Regular Week,Regular Sale
10135,735,2025-03-16,True,False,2025,3,1,Salary Week,Regular Sale
10136,2370,2025-03-06,True,False,2025,3,1,Salary Week,Regular Sale
10137,1655,2025-08-11,False,False,2025,8,3,Regular Week,Regular Sale
10138,3363,2025-12-22,True,False,2025,12,4,Salary Week,Regular Sale
10139,3318,2025-07-26,False,True,2025,7,3,Regular Week,Festival Sale
10140,763,2025-12-03,True,False,2025,12,4,Salary Week,Regular Sale
10141,4269,2025-05-23,False,True,2025,5,2,Regular Week,Festival Sale
10142,2452,2025-03-07,True,False,2025,3,1,Salary Week,Regular Sale
10143,1077,2025-11-18,True,True,2025,11,4,Salary Week,Festival Sale
10144,1443,2025-05-09,True,True,2025,5,2,Salary Week,Festival Sale
10145,1355,2025-12-07,True,True,2025,12,4,Salary Week,Festival Sale
10146,844,2025-03-21,False,True,2025,3,1,Regular Week,Festival Sale
10147,4452,2025-08-05,False,True,2025,8,3,Regular Week,Festival Sale
10148,1915,2025-07-06,True,True,2025,7,3,Salary Week,Festival Sale
10149,2182,2025-11-04,False,False,2025,11,4,Regular Week,Regular Sale
10150,658,2025-03-30,False,True,2025,3,1,Regular Week,Festival Sale
10151,4100,2025-01-29,False,True,2025,1,1,Regular Week,Festival Sale
10152,3893,2025-06-08,True,True,2025,6,2,Salary Week,Festival Sale
10153,4963,2025-01-10,True,False,2025,1,1,Salary Week,Regular Sale
10154,558,2025-11-27,False,True,2025,11,4,Regular Week,Festival Sale
10155,1785,2025-12-31,True,False,2025,12,4,Salary Week,Regular Sale
10156,3384,2025-11-03,True,False,2025,11,4,Salary Week,Regular Sale
10157,1101,2025-11-04,True,False,2025,11,4,Salary Week,Regular Sale
10158,478,2025-02-11,False,True,2025,2,1,Regular Week,Festival Sale
10159,4932,2025-12-06,False,False,2025,12,4,Regular Week,Regular Sale
10160,632,2025-02-16,True,True,2025,2,1,Salary Week,Festival Sale
10161,2942,2025-04-07,True,False,2025,4,2,Salary Week,Regular Sale
10162,3889,2025-06-29,False,False,2025,6,2,Regular Week,Regular Sale
10163,4283,2025-08-10,False,True,2025,8,3,Regular Week,Festival Sale
10164,4779,2025-02-11,False,True,2025,2,1,Regular Week,Festival Sale
10165,2643,2025-03-28,True,True,2025,3,1,Salary Week,Festival Sale
10166,2702,2025-11-06,False,True,2025,11,4,Regular Week,Festival Sale
10167,3585,2025-02-24,False,False,2025,2,1,Regular Week,Regular Sale
10168,4119,2025-07-31,False,True,2025,7,3,Regular Week,Festival Sale
10169,853,2025-11-25,False,False,2025,11,4,Regular Week,Regular Sale
10170,2128,2025-04-12,True,False,2025,4,2,Salary Week,Regular Sale
10171,2447,2025-11-28,True,True,2025,11,4,Salary Week,Festival Sale
10172,2260,2025-08-18,False,True,2025,8,3,Regular Week,Festival Sale
10173,1817,2025-08-23,True,False,2025,8,3,Salary Week,Regular Sale
10174,3728,2025-08-11,False,True,2025,8,3,Regular Week,Festival Sale
10175,1261,2025-07-31,False,False,2025,7,3,Regular Week,Regular Sale
10176,424,2025-04-02,False,True,2025,4,2,Regular Week,Festival Sale
10177,759,2025-11-07,False,False,2025,11,4,Regular Week,Regular Sale
10178,2631,2025-03-22,True,False,2025,3,1,Salary Week,Regular Sale
10179,4117,2025-06-30,False,True,2025,6,2,Regular Week,Festival Sale
10180,616,2025-01-14,False,True,2025,1,1,Regular Week,Festival Sale
10181,1987,2025-03-27,True,False,2025,3,1,Salary Week,Regular Sale
10182,4447,2025-11-24,True,True,2025,11,4,Salary Week,Festival Sale
10183,3381,2025-10-31,False,False,2025,10,4,Regular Week,Regular Sale
10184,3470,2025-09-24,False,False,2025,9,3,Regular Week,Regular Sale
10185,2278,2025-01-19,False,False,2025,1,1,Regular Week,Regular Sale
10186,3439,2025-07-16,True,False,2025,7,3,Salary Week,Regular Sale
10187,3871,2025-04-23,False,True,2025,4,2,Regular Week,Festival Sale
10188,3925,2025-09-28,False,True,2025,9,3,Regular Week,Festival Sale
10189,4264,2025-03-26,False,True,2025,3,1,Regular Week,Festival Sale
10190,2079,2025-10-18,True,False,2025,10,4,Salary Week,Regular Sale
10191,657,2025-06-17,False,True,2025,6,2,Regular Week,Festival Sale
10192,4180,2025-12-26,False,False,2025,12,4,Regular Week,Regular Sale
10193,2976,2025-01-18,False,False,2025,1,1,Regular Week,Regular Sale
10194,4302,2025-08-03,True,True,2025,8,3,Salary Week,Festival Sale
10195,3585,2025-12-12,False,False,2025,12,4,Regular Week,Regular Sale
10196,3460,2025-05-12,False,True,2025,5,2,Regular Week,Festival Sale
10197,4456,2025-10-29,False,False,2025,10,4,Regular Week,Regular Sale
10198,4598,2025-11-20,True,False,2025,11,4,Salary Week,Regular Sale
10199,3054,2025-12-01,False,False,2025,12,4,Regular Week,Regular Sale
10200,745,2025-01-21,False,False,2025,1,1,Regular Week,Regular Sale
10201,31,2025-05-30,True,True,2025,5,2,Salary Week,Festival Sale
10202,1278,2025-07-07,True,True,2025,7,3,Salary Week,Festival Sale
10203,1476,2025-08-20,False,True,2025,8,3,Regular Week,Festival Sale
10204,612,2025-10-02,False,True,2025,10,4,Regular Week,Festival Sale
10205,3514,2025-03-09,False,False,2025,3,1,Regular Week,Regular Sale
10206,315,2025-07-06,True,True,2025,7,3,Salary Week,Festival Sale
10207,3912,2025-09-05,True,True,2025,9,3,Salary Week,Festival Sale
10208,2266,2025-09-12,True,False,2025,9,3,Salary Week,Regular Sale
10209,3486,2026-01-01,True,False,2026,1,1,Salary Week,Regular Sale
10210,4355,2025-03-21,False,False,2025,3,1,Regular Week,Regular Sale
10211,3085,2025-07-31,False,False,2025,7,3,Regular Week,Regular Sale
10212,1128,2025-07-02,True,False,2025,7,3,Salary Week,Regular Sale
10213,667,2025-07-07,True,True,2025,7,3,Salary Week,Festival Sale
10214,4440,2025-06-11,True,True,2025,6,2,Salary Week,Festival Sale
10215,1952,2025-01-09,True,False,2025,1,1,Salary Week,Regular Sale
10216,3327,2025-11-08,True,True,2025,11,4,Salary Week,Festival Sale
10217,3439,2025-12-08,False,False,2025,12,4,Regular Week,Regular Sale
10218,4756,2025-12-01,False,False,2025,12,4,Regular Week,Regular Sale
10219,2416,2025-10-17,False,True,2025,10,4,Regular Week,Festival Sale
10220,93,2025-10-12,True,True,2025,10,4,Salary Week,Festival Sale
10221,3307,2025-01-14,False,False,2025,1,1,Regular Week,Regular Sale
10222,3008,2025-04-06,False,True,2025,4,2,Regular Week,Festival Sale
10223,583,2025-05-13,False,True,2025,5,2,Regular Week,Festival Sale
10224,4402,2025-10-26,False,True,2025,10,4,Regular Week,Festival Sale
10225,3655,2025-07-30,False,False,2025,7,3,Regular Week,Regular Sale
10226,120,2025-06-09,False,False,2025,6,2,Regular Week,Regular Sale
10227,1322,2025-08-09,False,False,2025,8,3,Regular Week,Regular Sale
10228,3696,2025-08-05,False,True,2025,8,3,Regular Week,Festival Sale
10229,1975,2025-06-14,True,False,2025,6,2,Salary Week,Regular Sale
10230,508,2025-08-15,False,True,2025,8,3,Regular Week,Festival Sale
10231,1515,2025-12-12,True,True,2025,12,4,Salary Week,Festival Sale
10232,775,2025-12-05,False,False,2025,12,4,Regular Week,Regular Sale
10233,2208,2025-06-24,False,False,2025,6,2,Regular Week,Regular Sale
10234,355,2025-08-14,True,False,2025,8,3,Salary Week,Regular Sale
10235,2059,2025-02-14,False,False,2025,2,1,Regular Week,Regular Sale
10236,1093,2025-02-22,False,True,2025,2,1,Regular Week,Festival Sale
10237,201,2025-06-07,True,False,2025,6,2,Salary Week,Regular Sale
10238,1354,2025-08-30,False,False,2025,8,3,Regular Week,Regular Sale
10239,4318,2025-03-19,True,False,2025,3,1,Salary Week,Regular Sale
10240,2560,2025-05-12,True,True,2025,5,2,Salary Week,Festival Sale
10241,1292,2025-04-13,True,True,2025,4,2,Salary Week,Festival Sale
10242,97,2025-06-25,False,True,2025,6,2,Regular Week,Festival Sale
10243,1052,2025-02-04,False,False,2025,2,1,Regular Week,Regular Sale
10244,1468,2025-08-11,True,False,2025,8,3,Salary Week,Regular Sale
10245,2481,2025-01-15,True,False,2025,1,1,Salary Week,Regular Sale
10246,800,2025-09-08,True,False,2025,9,3,Salary Week,Regular Sale
10247,1867,2025-03-25,True,True,2025,3,1,Salary Week,Festival Sale
10248,4874,2025-09-25,True,True,2025,9,3,Salary Week,Festival Sale
10249,1464,2025-12-19,False,True,2025,12,4,Regular Week,Festival Sale
10250,1751,2025-01-23,True,True,2025,1,1,Salary Week,Festival Sale
10251,3409,2025-11-21,False,False,2025,11,4,Regular Week,Regular Sale
10252,3072,2025-06-10,True,True,2025,6,2,Salary Week,Festival Sale
10253,1041,2025-10-25,True,False,2025,10,4,Salary Week,Regular Sale
10254,2812,2025-06-23,False,True,2025,6,2,Regular Week,Festival Sale
10255,2743,2025-04-09,False,False,2025,4,2,Regular Week,Regular Sale
10256,2247,2025-05-07,False,True,2025,5,2,Regular Week,Festival Sale
10257,2984,2025-01-23,False,False,2025,1,1,Regular Week,Regular Sale
10258,4929,2025-06-15,False,False,2025,6,2,Regular Week,Regular Sale
10259,1732,2025-08-11,True,True,2025,8,3,Salary Week,Festival Sale
10260,4179,2025-01-26,True,False,2025,1,1,Salary Week,Regular Sale
10261,2912,2025-12-11,False,True,2025,12,4,Regular Week,Festival Sale
10262,2360,2025-08-28,False,False,2025,8,3,Regular Week,Regular Sale
10263,4369,2025-02-28,False,False,2025,2,1,Regular Week,Regular Sale
10264,2221,2025-05-11,True,False,2025,5,2,Salary Week,Regular Sale
10265,4532,2025-12-09,False,True,2025,12,4,Regular Week,Festival Sale
10266,4120,2025-11-16,False,True,2025,11,4,Regular Week,Festival Sale
10267,2034,2025-01-14,True,False,2025,1,1,Salary Week,Regular Sale
10268,3536,2026-01-06,True,True,2026,1,1,Salary Week,Festival Sale
10269,2794,2025-07-13,False,False,2025,7,3,Regular Week,Regular Sale
10270,1488,2025-08-03,False,False,2025,8,3,Regular Week,Regular Sale
10271,2030,2025-07-19,True,True,2025,7,3,Salary Week,Festival Sale
10272,2106,2025-03-09,False,False,2025,3,1,Regular Week,Regular Sale
10273,2871,2025-07-09,False,False,2025,7,3,Regular Week,Regular Sale
10274,2855,2025-12-01,True,False,2025,12,4,Salary Week,Regular Sale
10275,2833,2025-07-06,False,False,2025,7,3,Regular Week,Regular Sale
10276,1572,2025-10-16,True,False,2025,10,4,Salary Week,Regular Sale
10277,209,2025-05-16,True,False,2025,5,2,Salary Week,Regular Sale
10278,3696,2025-04-11,True,False,2025,4,2,Salary Week,Regular Sale
10279,4629,2025-06-01,True,True,2025,6,2,Salary Week,Festival Sale
10280,3080,2025-11-22,False,False,2025,11,4,Regular Week,Regular Sale
10281,4357,2025-07-11,True,False,2025,7,3,Salary Week,Regular Sale
10282,3373,2025-01-23,True,False,2025,1,1,Salary Week,Regular Sale
10283,3122,2025-08-27,False,True,2025,8,3,Regular Week,Festival Sale
10284,1453,2025-06-08,False,False,2025,6,2,Regular Week,Regular Sale
10285,4512,2025-01-24,True,False,2025,1,1,Salary Week,Regular Sale
10286,3739,2025-05-29,True,True,2025,5,2,Salary Week,Festival Sale
10287,1439,2025-05-29,False,True,2025,5,2,Regular Week,Festival Sale
10288,328,2025-07-14,True,True,2025,7,3,Salary Week,Festival Sale
10289,2142,2025-11-20,True,False,2025,11,4,Salary Week,Regular Sale
10290,988,2025-09-21,True,False,2025,9,3,Salary Week,Regular Sale
10291,4258,2025-11-16,False,False,2025,11,4,Regular Week,Regular Sale
10292,382,2025-11-17,False,True,2025,11,4,Regular Week,Festival Sale
10293,19,2025-08-05,False,True,2025,8,3,Regular Week,Festival Sale
10294,4221,2025-04-19,True,True,2025,4,2,Salary Week,Festival Sale
10295,1700,2025-10-13,False,False,2025,10,4,Regular Week,Regular Sale
10296,2994,2025-04-13,False,True,2025,4,2,Regular Week,Festival Sale
10297,4810,2025-12-29,True,False,2025,12,4,Salary Week,Regular Sale
10298,4936,2025-02-21,False,True,2025,2,1,Regular Week,Festival Sale
10299,2610,2025-09-15,False,True,2025,9,3,Regular Week,Festival Sale
10300,1236,2025-10-09,False,True,2025,10,4,Regular Week,Festival Sale
10301,2404,2025-02-27,True,False,2025,2,1,Salary Week,Regular Sale
10302,4757,2025-11-21,True,False,2025,11,4,Salary Week,Regular Sale
10303,3075,2025-02-03,False,True,2025,2,1,Regular Week,Festival Sale
10304,3419,2025-03-29,False,False,2025,3,1,Regular Week,Regular Sale
10305,1132,2025-06-28,True,True,2025,6,2,Salary Week,Festival Sale
10306,1125,2025-04-27,True,False,2025,4,2,Salary Week,Regular Sale
10307,3131,2025-06-02,False,True,2025,6,2,Regular Week,Festival Sale
10308,2198,2025-04-22,True,False,2025,4,2,Salary Week,Regular Sale
10309,4336,2025-11-15,False,False,2025,11,4,Regular Week,Regular Sale
10310,3777,2025-10-29,False,True,2025,10,4,Regular Week,Festival Sale
10311,1295,2025-09-09,True,False,2025,9,3,Salary Week,Regular Sale
10312,2933,2025-07-31,True,False,2025,7,3,Salary Week,Regular Sale
10313,3740,2025-03-13,True,False,2025,3,1,Salary Week,Regular Sale
10314,469,2025-12-15,False,True,2025,12,4,Regular Week,Festival Sale
10315,1517,2025-07-10,False,False,2025,7,3,Regular Week,Regular Sale
10316,4889,2025-10-01,True,False,2025,10,4,Salary Week,Regular Sale
10317,2409,2025-07-27,True,True,2025,7,3,Salary Week,Festival Sale
10318,3760,2025-02-04,True,False,2025,2,1,Salary Week,Regular Sale
10319,2254,2025-09-12,True,False,2025,9,3,Salary Week,Regular Sale
10320,2365,2025-01-10,False,False,2025,1,1,Regular Week,Regular Sale
10321,3897,2025-02-07,True,True,2025,2,1,Salary Week,Festival Sale
10322,1344,2025-03-11,False,True,2025,3,1,Regular Week,Festival Sale
10323,1482,2025-01-28,False,True,2025,1,1,Regular Week,Festival Sale
10324,1818,2025-12-12,False,True,2025,12,4,Regular Week,Festival Sale
10325,3066,2025-01-07,True,False,2025,1,1,Salary Week,Regular Sale
10326,3822,2025-09-06,False,False,2025,9,3,Regular Week,Regular Sale
10327,1815,2025-06-30,True,False,2025,6,2,Salary Week,Regular Sale
10328,2063,2025-08-04,False,True,2025,8,3,Regular Week,Festival Sale
10329,4522,2025-09-19,True,True,2025,9,3,Salary Week,Festival Sale
10330,765,2025-12-01,True,False,2025,12,4,Salary Week,Regular Sale
10331,1787,2025-06-20,False,True,2025,6,2,Regular Week,Festival Sale
10332,2605,2025-12-21,False,True,2025,12,4,Regular Week,Festival Sale
10333,543,2025-10-03,False,True,2025,10,4,Regular Week,Festival Sale
10334,926,2025-08-13,True,False,2025,8,3,Salary Week,Regular Sale
10335,4599,2025-02-07,False,True,2025,2,1,Regular Week,Festival Sale
10336,4720,2025-06-12,False,False,2025,6,2,Regular Week,Regular Sale
10337,3076,2025-11-01,False,True,2025,11,4,Regular Week,Festival Sale
10338,4843,2025-09-12,False,False,2025,9,3,Regular Week,Regular Sale
10339,4928,2025-01-10,False,True,2025,1,1,Regular Week,Festival Sale
10340,4042,2025-02-02,True,False,2025,2,1,Salary Week,Regular Sale
10341,2818,2025-09-18,True,True,2025,9,3,Salary Week,Festival Sale
10342,1332,2025-09-25,True,False,2025,9,3,Salary Week,Regular Sale
10343,1365,2025-12-27,True,True,2025,12,4,Salary Week,Festival Sale
10344,1703,2025-06-29,False,False,2025,6,2,Regular Week,Regular Sale
10345,1601,2025-11-07,True,True,2025,11,4,Salary Week,Festival Sale
10346,1389,2025-03-16,False,False,2025,3,1,Regular Week,Regular Sale
10347,3851,2025-01-07,False,False,2025,1,1,Regular Week,Regular Sale
10348,3917,2025-09-11,False,True,2025,9,3,Regular Week,Festival Sale
10349,3081,2025-02-15,True,True,2025,2,1,Salary Week,Festival Sale
10350,3879,2025-02-17,True,False,2025,2,1,Salary Week,Regular Sale
10351,3199,2025-05-31,True,False,2025,5,2,Salary Week,Regular Sale
10352,3713,2025-06-06,True,True,2025,6,2,Salary Week,Festival Sale
10353,1927,2025-05-08,False,True,2025,5,2,Regular Week,Festival Sale
10354,2722,2025-02-16,True,False,2025,2,1,Salary Week,Regular Sale
10355,2248,2025-10-27,False,False,2025,10,4,Regular Week,Regular Sale
10356,2905,2025-09-18,True,False,2025,9,3,Salary Week,Regular Sale
10357,4853,2025-08-19,True,False,2025,8,3,Salary Week,Regular Sale
10358,3427,2025-09-20,True,False,2025,9,3,Salary Week,Regular Sale
10359,941,2025-05-05,False,True,2025,5,2,Regular Week,Festival Sale
10360,810,2025-10-02,True,True,2025,10,4,Salary Week,Festival Sale
10361,88,2025-09-28,True,False,2025,9,3,Salary Week,Regular Sale
10362,261,2025-01-07,False,False,2025,1,1,Regular Week,Regular Sale
10363,613,2025-11-16,False,True,2025,11,4,Regular Week,Festival Sale
10364,3068,2025-04-19,True,False,2025,4,2,Salary Week,Regular Sale
10365,1525,2025-10-15,False,False,2025,10,4,Regular Week,Regular Sale
10366,4304,2025-07-09,True,True,2025,7,3,Salary Week,Festival Sale
10367,408,2025-09-17,False,True,2025,9,3,Regular Week,Festival Sale
10368,2240,2025-02-14,False,True,2025,2,1,Regular Week,Festival Sale
10369,927,2025-06-26,False,True,2025,6,2,Regular Week,Festival Sale
10370,1358,2025-06-07,False,True,2025,6,2,Regular Week,Festival Sale
10371,3733,2025-05-09,True,False,2025,5,2,Salary Week,Regular Sale
10372,3133,2025-04-12,True,False,2025,4,2,Salary Week,Regular Sale
10373,267,2025-05-25,False,False,2025,5,2,Regular Week,Regular Sale
10374,2330,2025-10-12,False,False,2025,10,4,Regular Week,Regular Sale
10375,4411,2025-06-27,False,False,2025,6,2,Regular Week,Regular Sale
10376,1406,2025-05-28,True,True,2025,5,2,Salary Week,Festival Sale
10377,2499,2025-02-11,True,False,2025,2,1,Salary Week,Regular Sale
10378,4077,2025-04-25,True,True,2025,4,2,Salary Week,Festival Sale
10379,629,2025-11-20,False,False,2025,11,4,Regular Week,Regular Sale
10380,3415,2025-07-21,True,False,2025,7,3,Salary Week,Regular Sale
10381,2215,2025-06-19,True,True,2025,6,2,Salary Week,Festival Sale
10382,4575,2025-02-27,True,False,2025,2,1,Salary Week,Regular Sale
10383,4685,2025-09-09,False,False,2025,9,3,Regular Week,Regular Sale
10384,3026,2025-02-04,True,True,2025,2,1,Salary Week,Festival Sale
10385,3197,2025-01-11,False,False,2025,1,1,Regular Week,Regular Sale
10386,1547,2025-11-30,True,False,2025,11,4,Salary Week,Regular Sale
10387,3854,2025-01-13,False,True,2025,1,1,Regular Week,Festival Sale
10388,3607,2025-09-01,False,True,2025,9,3,Regular Week,Festival Sale
10389,2367,2025-04-23,True,True,2025,4,2,Salary Week,Festival Sale
10390,3185,2025-12-28,True,True,2025,12,4,Salary Week,Festival Sale
10391,2690,2025-05-19,False,False,2025,5,2,Regular Week,Regular Sale
10392,3039,2025-04-12,False,False,2025,4,2,Regular Week,Regular Sale
10393,3098,2025-11-05,False,False,2025,11,4,Regular Week,Regular Sale
10394,233,2025-06-15,False,False,2025,6,2,Regular Week,Regular Sale
10395,3216,2025-01-06,False,True,2025,1,1,Regular Week,Festival Sale
10396,215,2025-10-08,True,True,2025,10,4,Salary Week,Festival Sale
10397,300,2025-03-02,False,True,2025,3,1,Regular Week,Festival Sale
10398,4474,2025-02-03,True,True,2025,2,1,Salary Week,Festival Sale
10399,1384,2025-01-12,True,True,2025,1,1,Salary Week,Festival Sale
10400,1494,2025-11-03,True,True,2025,11,4,Salary Week,Festival Sale
10401,3529,2025-01-22,True,False,2025,1,1,Salary Week,Regular Sale
10402,3593,2025-07-08,False,False,2025,7,3,Regular Week,Regular Sale
10403,2284,2026-01-06,False,True,2026,1,1,Regular Week,Festival Sale
10404,2860,2025-02-01,True,False,2025,2,1,Salary Week,Regular Sale
10405,3744,2025-10-08,False,True,2025,10,4,Regular Week,Festival Sale
10406,3330,2025-10-11,False,True,2025,10,4,Regular Week,Festival Sale
10407,3332,2025-01-11,False,False,2025,1,1,Regular Week,Regular Sale
10408,428,2025-02-16,True,False,2025,2,1,Salary Week,Regular Sale
10409,1148,2025-01-16,True,True,2025,1,1,Salary Week,Festival Sale
10410,862,2026-01-03,True,True,2026,1,1,Salary Week,Festival Sale
10411,1937,2025-02-20,False,True,2025,2,1,Regular Week,Festival Sale
10412,976,2025-04-13,False,False,2025,4,2,Regular Week,Regular Sale
10413,649,2025-09-01,True,True,2025,9,3,Salary Week,Festival Sale
10414,3720,2025-12-06,True,False,2025,12,4,Salary Week,Regular Sale
10415,2755,2025-11-08,True,True,2025,11,4,Salary Week,Festival Sale
10416,3421,2025-07-29,True,True,2025,7,3,Salary Week,Festival Sale
10417,2482,2025-05-21,False,False,2025,5,2,Regular Week,Regular Sale
10418,3370,2025-10-03,True,True,2025,10,4,Salary Week,Festival Sale
10419,3825,2025-02-04,False,False,2025,2,1,Regular Week,Regular Sale
10420,459,2025-10-04,False,False,2025,10,4,Regular Week,Regular Sale
10421,2439,2025-05-31,False,True,2025,5,2,Regular Week,Festival Sale
10422,1081,2025-12-10,True,False,2025,12,4,Salary Week,Regular Sale
10423,999,2025-04-20,False,False,2025,4,2,Regular Week,Regular Sale
10424,3179,2025-04-22,False,True,2025,4,2,Regular Week,Festival Sale
10425,2636,2025-10-25,False,False,2025,10,4,Regular Week,Regular Sale
10426,779,2025-06-26,False,True,2025,6,2,Regular Week,Festival Sale
10427,1077,2025-09-04,False,True,2025,9,3,Regular Week,Festival Sale
10428,2895,2025-12-05,True,True,2025,12,4,Salary Week,Festival Sale
10429,1557,2025-10-23,False,False,2025,10,4,Regular Week,Regular Sale
10430,1334,2025-07-18,False,True,2025,7,3,Regular Week,Festival Sale
10431,3156,2025-07-16,True,True,2025,7,3,Salary Week,Festival Sale
10432,4867,2025-08-20,False,False,2025,8,3,Regular Week,Regular Sale
10433,857,2025-08-08,True,False,2025,8,3,Salary Week,Regular Sale
10434,2533,2025-10-30,True,True,2025,10,4,Salary Week,Festival Sale
10435,757,2025-11-13,True,True,2025,11,4,Salary Week,Festival Sale
10436,3470,2025-05-31,False,False,2025,5,2,Regular Week,Regular Sale
10437,854,2025-08-15,False,False,2025,8,3,Regular Week,Regular Sale
10438,4899,2025-03-20,False,True,2025,3,1,Regular Week,Festival Sale
10439,2324,2026-01-01,True,False,2026,1,1,Salary Week,Regular Sale
10440,673,2025-01-27,False,False,2025,1,1,Regular Week,Regular Sale
10441,2025,2025-06-10,True,False,2025,6,2,Salary Week,Regular Sale
10442,3689,2025-05-07,True,False,2025,5,2,Salary Week,Regular Sale
10443,1133,2025-10-20,True,False,2025,10,4,Salary Week,Regular Sale
10444,4561,2025-05-28,True,False,2025,5,2,Salary Week,Regular Sale
10445,4706,2025-01-30,True,False,2025,1,1,Salary Week,Regular Sale
10446,2180,2025-07-07,False,False,2025,7,3,Regular Week,Regular Sale
10447,587,2025-11-05,False,True,2025,11,4,Regular Week,Festival Sale
10448,4738,2025-03-25,False,True,2025,3,1,Regular Week,Festival Sale
10449,4899,2025-11-04,True,False,2025,11,4,Salary Week,Regular Sale
10450,257,2026-01-06,True,True,2026,1,1,Salary Week,Festival Sale
10451,1421,2025-03-22,False,False,2025,3,1,Regular Week,Regular Sale
10452,3887,2025-07-17,True,False,2025,7,3,Salary Week,Regular Sale
10453,1545,2025-04-21,True,True,2025,4,2,Salary Week,Festival Sale
10454,3727,2025-09-15,False,False,2025,9,3,Regular Week,Regular Sale
10455,2885,2025-09-18,False,False,2025,9,3,Regular Week,Regular Sale
10456,2290,2026-01-02,True,True,2026,1,1,Salary Week,Festival Sale
10457,1256,2025-06-23,True,True,2025,6,2,Salary Week,Festival Sale
10458,4994,2025-12-04,False,True,2025,12,4,Regular Week,Festival Sale
10459,532,2025-08-18,True,False,2025,8,3,Salary Week,Regular Sale
10460,3446,2025-12-14,False,False,2025,12,4,Regular Week,Regular Sale
10461,4641,2025-12-28,True,False,2025,12,4,Salary Week,Regular Sale
10462,2886,2025-09-27,False,True,2025,9,3,Regular Week,Festival Sale
10463,2438,2025-07-29,False,False,2025,7,3,Regular Week,Regular Sale
10464,3924,2025-09-05,False,True,2025,9,3,Regular Week,Festival Sale
10465,248,2025-06-04,False,False,2025,6,2,Regular Week,Regular Sale
10466,3917,2025-12-20,False,True,2025,12,4,Regular Week,Festival Sale
10467,4419,2025-10-02,False,True,2025,10,4,Regular Week,Festival Sale
10468,2549,2025-02-21,False,True,2025,2,1,Regular Week,Festival Sale
10469,2792,2025-08-03,False,False,2025,8,3,Regular Week,Regular Sale
10470,613,2025-08-10,False,False,2025,8,3,Regular Week,Regular Sale
10471,2466,2025-08-01,False,False,2025,8,3,Regular Week,Regular Sale
10472,1146,2025-10-19,True,True,2025,10,4,Salary Week,Festival Sale
10473,4027,2025-02-01,False,True,2025,2,1,Regular Week,Festival Sale
10474,3743,2025-03-09,False,False,2025,3,1,Regular Week,Regular Sale
10475,1390,2025-12-16,True,True,2025,12,4,Salary Week,Festival Sale
10476,4294,2025-09-23,False,False,2025,9,3,Regular Week,Regular Sale
10477,1711,2025-12-07,True,False,2025,12,4,Salary Week,Regular Sale
10478,1823,2025-03-14,False,False,2025,3,1,Regular Week,Regular Sale
10479,240,2025-06-21,False,True,2025,6,2,Regular Week,Festival Sale
10480,3009,2025-05-12,True,True,2025,5,2,Salary Week,Festival Sale
10481,3211,2025-07-21,True,False,2025,7,3,Salary Week,Regular Sale
10482,4299,2025-12-04,True,False,2025,12,4,Salary Week,Regular Sale
10483,4931,2025-07-08,False,True,2025,7,3,Regular Week,Festival Sale
10484,1983,2025-10-09,True,False,2025,10,4,Salary Week,Regular Sale
10485,1597,2025-06-22,True,False,2025,6,2,Salary Week,Regular Sale
10486,1972,2025-12-28,True,False,2025,12,4,Salary Week,Regular Sale
10487,3487,2025-01-09,True,True,2025,1,1,Salary Week,Festival Sale
10488,3516,2025-09-22,False,True,2025,9,3,Regular Week,Festival Sale
10489,2312,2025-09-02,True,False,2025,9,3,Salary Week,Regular Sale
10490,1940,2025-07-06,True,True,2025,7,3,Salary Week,Festival Sale
10491,4079,2025-10-21,False,True,2025,10,4,Regular Week,Festival Sale
10492,842,2025-03-11,False,False,2025,3,1,Regular Week,Regular Sale
10493,4967,2025-08-23,True,True,2025,8,3,Salary Week,Festival Sale
10494,281,2025-09-13,False,True,2025,9,3,Regular Week,Festival Sale
10495,2507,2025-09-30,True,False,2025,9,3,Salary Week,Regular Sale
10496,1940,2025-12-18,False,False,2025,12,4,Regular Week,Regular Sale
10497,3230,2025-10-11,False,False,2025,10,4,Regular Week,Regular Sale
10498,3784,2025-01-14,True,True,2025,1,1,Salary Week,Festival Sale
10499,893,2025-10-22,False,False,2025,10,4,Regular Week,Regular Sale
10500,514,2025-10-10,False,True,2025,10,4,Regular Week,Festival Sale
10501,3849,2025-03-09,False,True,2025,3,1,Regular Week,Festival Sale
10502,1899,2025-07-18,True,False,2025,7,3,Salary Week,Regular Sale
10503,1980,2025-12-19,False,True,2025,12,4,Regular Week,Festival Sale
10504,4443,2025-04-06,False,False,2025,4,2,Regular Week,Regular Sale
10505,2361,2025-09-09,False,False,2025,9,3,Regular Week,Regular Sale
10506,673,2025-03-08,True,False,2025,3,1,Salary Week,Regular Sale
10507,3462,2025-06-09,True,False,2025,6,2,Salary Week,Regular Sale
10508,1926,2025-10-16,False,False,2025,10,4,Regular Week,Regular Sale
10509,2475,2025-12-27,True,True,2025,12,4,Salary Week,Festival Sale
10510,435,2025-07-19,False,False,2025,7,3,Regular Week,Regular Sale
10511,1503,2025-04-15,False,False,2025,4,2,Regular Week,Regular Sale
10512,2745,2025-09-13,True,False,2025,9,3,Salary Week,Regular Sale
10513,1024,2025-06-19,False,True,2025,6,2,Regular Week,Festival Sale
10514,3756,2025-03-03,False,False,2025,3,1,Regular Week,Regular Sale
10515,3166,2025-11-21,True,False,2025,11,4,Salary Week,Regular Sale
10516,2304,2025-11-23,True,True,2025,11,4,Salary Week,Festival Sale
10517,3844,2025-11-02,True,False,2025,11,4,Salary Week,Regular Sale
10518,3817,2025-12-17,True,False,2025,12,4,Salary Week,Regular Sale
10519,4464,2025-09-07,False,True,2025,9,3,Regular Week,Festival Sale
10520,2971,2025-09-04,False,True,2025,9,3,Regular Week,Festival Sale
10521,773,2025-03-12,True,False,2025,3,1,Salary Week,Regular Sale
10522,703,2025-03-13,False,True,2025,3,1,Regular Week,Festival Sale
10523,572,2025-02-21,True,False,2025,2,1,Salary Week,Regular Sale
10524,1362,2025-12-04,True,False,2025,12,4,Salary Week,Regular Sale
10525,2475,2025-08-29,True,False,2025,8,3,Salary Week,Regular Sale
10526,4163,2025-01-06,True,True,2025,1,1,Salary Week,Festival Sale
10527,4697,2025-08-09,False,True,2025,8,3,Regular Week,Festival Sale
10528,1835,2025-05-24,True,False,2025,5,2,Salary Week,Regular Sale
10529,1967,2025-09-05,True,False,2025,9,3,Salary Week,Regular Sale
10530,3892,2025-12-09,True,False,2025,12,4,Salary Week,Regular Sale
10531,1962,2025-11-26,True,True,2025,11,4,Salary Week,Festival Sale
10532,4553,2025-03-11,True,True,2025,3,1,Salary Week,Festival Sale
10533,2569,2025-09-13,True,False,2025,9,3,Salary Week,Regular Sale
10534,1197,2025-07-17,True,False,2025,7,3,Salary Week,Regular Sale
10535,4628,2025-10-26,False,True,2025,10,4,Regular Week,Festival Sale
10536,765,2025-11-08,True,False,2025,11,4,Salary Week,Regular Sale
10537,4864,2025-04-17,True,False,2025,4,2,Salary Week,Regular Sale
10538,3331,2025-10-08,False,False,2025,10,4,Regular Week,Regular Sale
10539,4600,2025-09-05,False,False,2025,9,3,Regular Week,Regular Sale
10540,2129,2025-04-03,True,False,2025,4,2,Salary Week,Regular Sale
10541,3988,2025-09-18,True,True,2025,9,3,Salary Week,Festival Sale
10542,3748,2025-03-30,True,True,2025,3,1,Salary Week,Festival Sale
10543,2131,2025-01-23,True,True,2025,1,1,Salary Week,Festival Sale
10544,664,2025-10-28,False,True,2025,10,4,Regular Week,Festival Sale
10545,3448,2025-11-06,True,False,2025,11,4,Salary Week,Regular Sale
10546,3736,2025-08-03,False,True,2025,8,3,Regular Week,Festival Sale
10547,1814,2025-02-16,False,False,2025,2,1,Regular Week,Regular Sale
10548,2633,2025-01-08,False,False,2025,1,1,Regular Week,Regular Sale
10549,1760,2025-02-03,False,False,2025,2,1,Regular Week,Regular Sale
10550,1488,2025-08-17,True,False,2025,8,3,Salary Week,Regular Sale
10551,3051,2025-10-15,True,False,2025,10,4,Salary Week,Regular Sale
10552,4792,2025-10-16,True,True,2025,10,4,Salary Week,Festival Sale
10553,3231,2025-07-09,True,False,2025,7,3,Salary Week,Regular Sale
10554,3203,2025-03-31,False,False,2025,3,1,Regular Week,Regular Sale
10555,2554,2025-01-14,False,False,2025,1,1,Regular Week,Regular Sale
10556,4890,2025-10-28,True,True,2025,10,4,Salary Week,Festival Sale
10557,1257,2025-12-28,True,True,2025,12,4,Salary Week,Festival Sale
10558,500,2025-07-01,False,True,2025,7,3,Regular Week,Festival Sale
10559,3288,2025-12-07,True,False,2025,12,4,Salary Week,Regular Sale
10560,2878,2025-06-20,False,True,2025,6,2,Regular Week,Festival Sale
10561,4134,2025-11-25,True,True,2025,11,4,Salary Week,Festival Sale
10562,499,2025-06-25,True,False,2025,6,2,Salary Week,Regular Sale
10563,890,2025-03-25,False,True,2025,3,1,Regular Week,Festival Sale
10564,1182,2025-11-13,False,True,2025,11,4,Regular Week,Festival Sale
10565,4274,2025-06-15,False,False,2025,6,2,Regular Week,Regular Sale
10566,2880,2025-02-09,True,False,2025,2,1,Salary Week,Regular Sale
10567,3656,2025-03-04,True,True,2025,3,1,Salary Week,Festival Sale
10568,3497,2025-03-26,False,False,2025,3,1,Regular Week,Regular Sale
10569,2203,2025-03-25,False,False,2025,3,1,Regular Week,Regular Sale
10570,4514,2025-03-01,False,True,2025,3,1,Regular Week,Festival Sale
10571,1936,2025-01-09,True,True,2025,1,1,Salary Week,Festival Sale
10572,950,2025-05-01,False,False,2025,5,2,Regular Week,Regular Sale
10573,1118,2025-03-16,False,True,2025,3,1,Regular Week,Festival Sale
10574,1636,2025-08-28,False,False,2025,8,3,Regular Week,Regular Sale
10575,3864,2025-11-07,True,False,2025,11,4,Salary Week,Regular Sale
10576,1356,2025-12-25,True,False,2025,12,4,Salary Week,Regular Sale
10577,3300,2025-09-24,False,True,2025,9,3,Regular Week,Festival Sale
10578,3371,2025-01-29,True,True,2025,1,1,Salary Week,Festival Sale
10579,2638,2025-02-22,False,False,2025,2,1,Regular Week,Regular Sale
10580,1996,2025-09-30,True,True,2025,9,3,Salary Week,Festival Sale
10581,1817,2025-04-24,False,True,2025,4,2,Regular Week,Festival Sale
10582,3897,2025-04-20,True,True,2025,4,2,Salary Week,Festival Sale
10583,4947,2025-01-10,False,True,2025,1,1,Regular Week,Festival Sale
10584,3384,2025-01-08,False,True,2025,1,1,Regular Week,Festival Sale
10585,4075,2025-06-13,True,True,2025,6,2,Salary Week,Festival Sale
10586,4866,2025-06-16,True,True,2025,6,2,Salary Week,Festival Sale
10587,4728,2025-12-18,False,False,2025,12,4,Regular Week,Regular Sale
10588,663,2025-04-02,False,True,2025,4,2,Regular Week,Festival Sale
10589,1211,2025-06-13,True,False,2025,6,2,Salary Week,Regular Sale
10590,895,2025-12-28,False,False,2025,12,4,Regular Week,Regular Sale
10591,2082,2025-06-16,True,True,2025,6,2,Salary Week,Festival Sale
10592,3276,2025-12-13,True,True,2025,12,4,Salary Week,Festival Sale
10593,2968,2025-01-24,True,True,2025,1,1,Salary Week,Festival Sale
10594,3273,2025-12-30,False,True,2025,12,4,Regular Week,Festival Sale
10595,3699,2025-09-27,False,False,2025,9,3,Regular Week,Regular Sale
10596,1119,2025-10-13,True,False,2025,10,4,Salary Week,Regular Sale
10597,4610,2025-03-10,True,True,2025,3,1,Salary Week,Festival Sale
10598,4612,2025-12-21,False,False,2025,12,4,Regular Week,Regular Sale
10599,1716,2025-05-24,False,True,2025,5,2,Regular Week,Festival Sale
10600,3743,2025-01-12,True,True,2025,1,1,Salary Week,Festival Sale
10601,2267,2025-05-04,True,False,2025,5,2,Salary Week,Regular Sale
10602,1922,2025-02-28,False,True,2025,2,1,Regular Week,Festival Sale
10603,4765,2025-02-14,True,False,2025,2,1,Salary Week,Regular Sale
10604,3109,2025-02-07,True,True,2025,2,1,Salary Week,Festival Sale
10605,390,2025-01-18,False,False,2025,1,1,Regular Week,Regular Sale
10606,1244,2025-07-03,False,True,2025,7,3,Regular Week,Festival Sale
10607,1391,2025-11-15,False,True,2025,11,4,Regular Week,Festival Sale
10608,1776,2025-05-08,True,True,2025,5,2,Salary Week,Festival Sale
10609,268,2025-04-13,True,False,2025,4,2,Salary Week,Regular Sale
10610,4548,2025-03-13,True,False,2025,3,1,Salary Week,Regular Sale
10611,2754,2025-12-06,False,False,2025,12,4,Regular Week,Regular Sale
10612,1762,2025-04-22,False,False,2025,4,2,Regular Week,Regular Sale
10613,4499,2025-07-27,False,False,2025,7,3,Regular Week,Regular Sale
10614,2422,2025-09-11,True,True,2025,9,3,Salary Week,Festival Sale
10615,1114,2025-12-03,True,True,2025,12,4,Salary Week,Festival Sale
10616,1463,2025-03-12,False,False,2025,3,1,Regular Week,Regular Sale
10617,4335,2025-06-08,True,True,2025,6,2,Salary Week,Festival Sale
10618,4690,2025-06-21,False,False,2025,6,2,Regular Week,Regular Sale
10619,3722,2025-12-16,False,True,2025,12,4,Regular Week,Festival Sale
10620,3989,2025-09-20,True,False,2025,9,3,Salary Week,Regular Sale
10621,4467,2025-02-20,True,False,2025,2,1,Salary Week,Regular Sale
10622,2729,2025-03-25,True,False,2025,3,1,Salary Week,Regular Sale
10623,3872,2025-06-28,False,False,2025,6,2,Regular Week,Regular Sale
10624,2915,2025-03-18,True,True,2025,3,1,Salary Week,Festival Sale
10625,3519,2025-07-14,True,False,2025,7,3,Salary Week,Regular Sale
10626,817,2025-09-11,True,False,2025,9,3,Salary Week,Regular Sale
10627,3235,2025-11-30,True,False,2025,11,4,Salary Week,Regular Sale
10628,933,2025-03-25,True,False,2025,3,1,Salary Week,Regular Sale
10629,2455,2025-07-20,True,False,2025,7,3,Salary Week,Regular Sale
10630,4613,2025-05-21,True,False,2025,5,2,Salary Week,Regular Sale
10631,634,2025-06-04,True,True,2025,6,2,Salary Week,Festival Sale
10632,2695,2025-10-17,True,False,2025,10,4,Salary Week,Regular Sale
10633,2194,2025-11-01,True,False,2025,11,4,Salary Week,Regular Sale
10634,353,2025-06-04,True,True,2025,6,2,Salary Week,Festival Sale
10635,2325,2025-10-05,True,False,2025,10,4,Salary Week,Regular Sale
10636,974,2025-07-07,False,True,2025,7,3,Regular Week,Festival Sale
10637,39,2025-11-18,True,False,2025,11,4,Salary Week,Regular Sale
10638,2305,2025-09-30,False,True,2025,9,3,Regular Week,Festival Sale
10639,36,2025-11-16,False,False,2025,11,4,Regular Week,Regular Sale
10640,2681,2025-03-24,True,False,2025,3,1,Salary Week,Regular Sale
10641,2349,2025-11-14,False,False,2025,11,4,Regular Week,Regular Sale
10642,2685,2025-12-14,False,False,2025,12,4,Regular Week,Regular Sale
10643,3411,2025-01-25,True,True,2025,1,1,Salary Week,Festival Sale
10644,2005,2025-06-18,True,True,2025,6,2,Salary Week,Festival Sale
10645,3765,2025-12-03,False,True,2025,12,4,Regular Week,Festival Sale
10646,1456,2025-12-29,True,False,2025,12,4,Salary Week,Regular Sale
10647,2665,2025-10-05,False,True,2025,10,4,Regular Week,Festival Sale
10648,718,2025-02-27,True,True,2025,2,1,Salary Week,Festival Sale
10649,4582,2025-11-22,True,False,2025,11,4,Salary Week,Regular Sale
10650,557,2025-05-11,False,True,2025,5,2,Regular Week,Festival Sale
10651,2589,2025-02-10,True,True,2025,2,1,Salary Week,Festival Sale
10652,950,2025-06-11,False,True,2025,6,2,Regular Week,Festival Sale
10653,2850,2025-07-03,True,True,2025,7,3,Salary Week,Festival Sale
10654,3561,2025-05-07,True,True,2025,5,2,Salary Week,Festival Sale
10655,1531,2025-04-29,True,True,2025,4,2,Salary Week,Festival Sale
10656,3453,2025-02-26,True,True,2025,2,1,Salary Week,Festival Sale
10657,2248,2025-06-11,True,False,2025,6,2,Salary Week,Regular Sale
10658,4567,2025-09-25,False,True,2025,9,3,Regular Week,Festival Sale
10659,3017,2025-02-23,False,True,2025,2,1,Regular Week,Festival Sale
10660,4711,2025-03-23,True,True,2025,3,1,Salary Week,Festival Sale
10661,1071,2025-12-09,False,True,2025,12,4,Regular Week,Festival Sale
10662,4356,2025-10-01,False,True,2025,10,4,Regular Week,Festival Sale
10663,1868,2025-12-22,True,False,2025,12,4,Salary Week,Regular Sale
10664,1022,2025-02-01,True,True,2025,2,1,Salary Week,Festival Sale
10665,4972,2025-01-18,False,True,2025,1,1,Regular Week,Festival Sale
10666,57,2025-09-29,True,True,2025,9,3,Salary Week,Festival Sale
10667,1856,2025-03-27,False,True,2025,3,1,Regular Week,Festival Sale
10668,3549,2025-02-06,False,True,2025,2,1,Regular Week,Festival Sale
10669,374,2025-10-13,True,False,2025,10,4,Salary Week,Regular Sale
10670,4256,2025-04-03,True,False,2025,4,2,Salary Week,Regular Sale
10671,22,2025-11-06,True,False,2025,11,4,Salary Week,Regular Sale
10672,299,2025-04-14,False,False,2025,4,2,Regular Week,Regular Sale
10673,2701,2025-05-10,False,True,2025,5,2,Regular Week,Festival Sale
10674,3083,2025-11-30,True,False,2025,11,4,Salary Week,Regular Sale
10675,430,2026-01-04,False,True,2026,1,1,Regular Week,Festival Sale
10676,2308,2025-12-08,True,True,2025,12,4,Salary Week,Festival Sale
10677,3893,2025-11-23,False,False,2025,11,4,Regular Week,Regular Sale
10678,736,2025-12-17,True,False,2025,12,4,Salary Week,Regular Sale
10679,720,2025-07-08,False,False,2025,7,3,Regular Week,Regular Sale
10680,4058,2025-06-03,True,False,2025,6,2,Salary Week,Regular Sale
10681,4268,2025-01-30,True,False,2025,1,1,Salary Week,Regular Sale
10682,32,2025-05-09,True,True,2025,5,2,Salary Week,Festival Sale
10683,1085,2025-01-31,False,True,2025,1,1,Regular Week,Festival Sale
10684,78,2025-07-04,True,False,2025,7,3,Salary Week,Regular Sale
10685,652,2025-08-20,False,False,2025,8,3,Regular Week,Regular Sale
10686,3147,2025-01-21,True,True,2025,1,1,Salary Week,Festival Sale
10687,3673,2025-12-14,True,True,2025,12,4,Salary Week,Festival Sale
10688,3036,2025-09-01,False,False,2025,9,3,Regular Week,Regular Sale
10689,3070,2025-08-27,False,False,2025,8,3,Regular Week,Regular Sale
10690,1031,2025-05-02,False,False,2025,5,2,Regular Week,Regular Sale
10691,4002,2025-03-18,True,True,2025,3,1,Salary Week,Festival Sale
10692,210,2025-03-19,False,True,2025,3,1,Regular Week,Festival Sale
10693,3819,2025-12-16,True,True,2025,12,4,Salary Week,Festival Sale
10694,2067,2025-06-08,True,True,2025,6,2,Salary Week,Festival Sale
10695,3903,2025-08-12,True,False,2025,8,3,Salary Week,Regular Sale
10696,4642,2025-07-31,True,True,2025,7,3,Salary Week,Festival Sale
10697,4087,2026-01-01,True,False,2026,1,1,Salary Week,Regular Sale
10698,3129,2025-11-05,True,False,2025,11,4,Salary Week,Regular Sale
10699,1871,2025-05-11,False,False,2025,5,2,Regular Week,Regular Sale
10700,3874,2025-10-06,False,False,2025,10,4,Regular Week,Regular Sale
10701,2423,2025-05-10,False,False,2025,5,2,Regular Week,Regular Sale
10702,4593,2025-10-06,True,True,2025,10,4,Salary Week,Festival Sale
10703,4038,2025-10-23,True,True,2025,10,4,Salary Week,Festival Sale
10704,3674,2025-08-20,False,True,2025,8,3,Regular Week,Festival Sale
10705,2764,2025-01-08,False,False,2025,1,1,Regular Week,Regular Sale
10706,1346,2025-01-20,False,True,2025,1,1,Regular Week,Festival Sale
10707,2252,2025-04-09,True,False,2025,4,2,Salary Week,Regular Sale
10708,3636,2025-12-18,True,True,2025,12,4,Salary Week,Festival Sale
10709,2524,2025-03-24,True,True,2025,3,1,Salary Week,Festival Sale
10710,1157,2025-04-06,False,False,2025,4,2,Regular Week,Regular Sale
10711,1915,2025-10-05,False,True,2025,10,4,Regular Week,Festival Sale
10712,2201,2025-02-07,False,False,2025,2,1,Regular Week,Regular Sale
10713,4229,2025-12-06,True,False,2025,12,4,Salary Week,Regular Sale
10714,4432,2025-02-05,False,False,2025,2,1,Regular Week,Regular Sale
10715,1413,2025-12-27,False,True,2025,12,4,Regular Week,Festival Sale
10716,329,2025-12-30,True,False,2025,12,4,Salary Week,Regular Sale
10717,2804,2025-07-31,True,False,2025,7,3,Salary Week,Regular Sale
10718,4537,2025-09-08,True,True,2025,9,3,Salary Week,Festival Sale
10719,3142,2025-06-11,True,False,2025,6,2,Salary Week,Regular Sale
10720,1061,2025-12-29,False,True,2025,12,4,Regular Week,Festival Sale
10721,4267,2025-06-30,False,False,2025,6,2,Regular Week,Regular Sale
10722,721,2025-04-05,True,False,2025,4,2,Salary Week,Regular Sale
10723,3867,2025-06-20,False,False,2025,6,2,Regular Week,Regular Sale
10724,4388,2025-08-30,True,True,2025,8,3,Salary Week,Festival Sale
10725,718,2025-01-10,True,True,2025,1,1,Salary Week,Festival Sale
10726,495,2025-03-16,False,True,2025,3,1,Regular Week,Festival Sale
10727,4216,2025-02-16,False,False,2025,2,1,Regular Week,Regular Sale
10728,314,2025-09-15,True,False,2025,9,3,Salary Week,Regular Sale
10729,1353,2025-02-26,True,True,2025,2,1,Salary Week,Festival Sale
10730,3022,2025-01-30,True,False,2025,1,1,Salary Week,Regular Sale
10731,823,2025-02-07,False,False,2025,2,1,Regular Week,Regular Sale
10732,1532,2025-07-27,False,True,2025,7,3,Regular Week,Festival Sale
10733,4143,2025-05-20,False,True,2025,5,2,Regular Week,Festival Sale
10734,1035,2025-01-21,False,False,2025,1,1,Regular Week,Regular Sale
10735,1412,2025-09-16,True,True,2025,9,3,Salary Week,Festival Sale
10736,3438,2025-05-27,False,False,2025,5,2,Regular Week,Regular Sale
10737,817,2025-07-14,True,False,2025,7,3,Salary Week,Regular Sale
10738,3078,2025-08-12,False,False,2025,8,3,Regular Week,Regular Sale
10739,2052,2025-05-11,True,False,2025,5,2,Salary Week,Regular Sale
10740,3929,2025-11-14,True,True,2025,11,4,Salary Week,Festival Sale
10741,1552,2025-04-15,False,True,2025,4,2,Regular Week,Festival Sale
10742,3061,2026-01-06,False,True,2026,1,1,Regular Week,Festival Sale
10743,3518,2025-05-03,False,True,2025,5,2,Regular Week,Festival Sale
10744,3413,2025-01-24,True,True,2025,1,1,Salary Week,Festival Sale
10745,4086,2025-01-22,False,False,2025,1,1,Regular Week,Regular Sale
10746,4841,2025-07-09,True,False,2025,7,3,Salary Week,Regular Sale
10747,4874,2025-06-10,False,False,2025,6,2,Regular Week,Regular Sale
10748,4067,2025-07-30,False,False,2025,7,3,Regular Week,Regular Sale
10749,4885,2025-04-09,False,False,2025,4,2,Regular Week,Regular Sale
10750,246,2025-02-16,True,False,2025,2,1,Salary Week,Regular Sale
10751,169,2025-12-14,True,True,2025,12,4,Salary Week,Festival Sale
10752,755,2025-03-31,False,True,2025,3,1,Regular Week,Festival Sale
10753,2187,2025-03-04,False,False,2025,3,1,Regular Week,Regular Sale
10754,2618,2025-07-18,True,False,2025,7,3,Salary Week,Regular Sale
10755,3262,2025-02-23,False,False,2025,2,1,Regular Week,Regular Sale
10756,330,2025-06-22,False,True,2025,6,2,Regular Week,Festival Sale
10757,3498,2025-10-27,True,False,2025,10,4,Salary Week,Regular Sale
10758,76,2025-05-22,True,False,2025,5,2,Salary Week,Regular Sale
10759,3034,2025-04-18,False,True,2025,4,2,Regular Week,Festival Sale
10760,2837,2025-02-25,True,False,2025,2,1,Salary Week,Regular Sale
10761,915,2025-05-14,True,True,2025,5,2,Salary Week,Festival Sale
10762,294,2025-01-16,False,True,2025,1,1,Regular Week,Festival Sale
10763,2934,2025-05-13,False,False,2025,5,2,Regular Week,Regular Sale
10764,4650,2025-08-14,False,False,2025,8,3,Regular Week,Regular Sale
10765,4766,2025-04-29,True,True,2025,4,2,Salary Week,Festival Sale
10766,2500,2025-01-22,False,False,2025,1,1,Regular Week,Regular Sale
10767,4248,2025-05-13,True,True,2025,5,2,Salary Week,Festival Sale
10768,3396,2025-12-17,False,False,2025,12,4,Regular Week,Regular Sale
10769,4094,2025-04-19,False,False,2025,4,2,Regular Week,Regular Sale
10770,3859,2025-04-05,True,False,2025,4,2,Salary Week,Regular Sale
10771,1500,2025-11-24,True,True,2025,11,4,Salary Week,Festival Sale
10772,4182,2025-09-13,True,True,2025,9,3,Salary Week,Festival Sale
10773,4960,2025-12-26,False,False,2025,12,4,Regular Week,Regular Sale
10774,474,2025-08-16,True,False,2025,8,3,Salary Week,Regular Sale
10775,776,2025-08-08,True,True,2025,8,3,Salary Week,Festival Sale
10776,2035,2025-01-06,False,True,2025,1,1,Regular Week,Festival Sale
10777,1443,2025-10-04,True,False,2025,10,4,Salary Week,Regular Sale
10778,599,2025-07-23,True,True,2025,7,3,Salary Week,Festival Sale
10779,1403,2025-06-15,False,True,2025,6,2,Regular Week,Festival Sale
10780,3778,2025-12-01,False,False,2025,12,4,Regular Week,Regular Sale
10781,476,2025-04-13,True,False,2025,4,2,Salary Week,Regular Sale
10782,4580,2025-07-30,False,False,2025,7,3,Regular Week,Regular Sale
10783,407,2025-11-21,True,True,2025,11,4,Salary Week,Festival Sale
10784,3184,2025-04-06,True,True,2025,4,2,Salary Week,Festival Sale
10785,582,2025-07-25,False,False,2025,7,3,Regular Week,Regular Sale
10786,4991,2025-05-07,False,False,2025,5,2,Regular Week,Regular Sale
10787,3049,2025-06-10,True,True,2025,6,2,Salary Week,Festival Sale
10788,1242,2025-04-05,True,False,2025,4,2,Salary Week,Regular Sale
10789,2327,2025-12-30,True,True,2025,12,4,Salary Week,Festival Sale
10790,2201,2025-12-13,False,True,2025,12,4,Regular Week,Festival Sale
10791,4338,2025-12-06,True,False,2025,12,4,Salary Week,Regular Sale
10792,2400,2025-07-16,False,True,2025,7,3,Regular Week,Festival Sale
10793,1485,2025-01-25,True,True,2025,1,1,Salary Week,Festival Sale
10794,1629,2025-11-18,False,True,2025,11,4,Regular Week,Festival Sale
10795,1341,2025-01-23,True,True,2025,1,1,Salary Week,Festival Sale
10796,2821,2025-09-04,False,False,2025,9,3,Regular Week,Regular Sale
10797,325,2025-03-06,True,False,2025,3,1,Salary Week,Regular Sale
10798,4982,2025-07-03,False,True,2025,7,3,Regular Week,Festival Sale
10799,300,2025-08-25,True,False,2025,8,3,Salary Week,Regular Sale
10800,4853,2025-06-02,True,False,2025,6,2,Salary Week,Regular Sale
10801,2991,2025-04-28,False,False,2025,4,2,Regular Week,Regular Sale
10802,1236,2025-07-08,True,True,2025,7,3,Salary Week,Festival Sale
10803,1502,2025-05-28,True,True,2025,5,2,Salary Week,Festival Sale
10804,3317,2025-06-01,True,True,2025,6,2,Salary Week,Festival Sale
10805,3178,2025-03-31,False,False,2025,3,1,Regular Week,Regular Sale
10806,2899,2025-11-04,False,True,2025,11,4,Regular Week,Festival Sale
10807,4990,2025-01-29,True,True,2025,1,1,Salary Week,Festival Sale
10808,4737,2025-05-21,False,False,2025,5,2,Regular Week,Regular Sale
10809,4012,2025-11-09,True,False,2025,11,4,Salary Week,Regular Sale
10810,1531,2025-04-12,True,True,2025,4,2,Salary Week,Festival Sale
10811,3375,2025-12-11,True,True,2025,12,4,Salary Week,Festival Sale
10812,2115,2025-09-01,False,False,2025,9,3,Regular Week,Regular Sale
10813,1749,2025-11-11,True,True,2025,11,4,Salary Week,Festival Sale
10814,4651,2025-08-13,False,True,2025,8,3,Regular Week,Festival Sale
10815,752,2025-12-26,True,True,2025,12,4,Salary Week,Festival Sale
10816,639,2025-07-20,False,False,2025,7,3,Regular Week,Regular Sale
10817,2920,2025-07-22,True,True,2025,7,3,Salary Week,Festival Sale
10818,3955,2025-06-26,False,False,2025,6,2,Regular Week,Regular Sale
10819,2410,2025-02-11,False,False,2025,2,1,Regular Week,Regular Sale
10820,3870,2025-06-04,True,True,2025,6,2,Salary Week,Festival Sale
10821,3004,2025-10-13,False,True,2025,10,4,Regular Week,Festival Sale
10822,3447,2025-05-08,False,False,2025,5,2,Regular Week,Regular Sale
10823,906,2025-09-30,False,False,2025,9,3,Regular Week,Regular Sale
10824,3932,2025-04-24,False,False,2025,4,2,Regular Week,Regular Sale
10825,3697,2025-08-01,False,True,2025,8,3,Regular Week,Festival Sale
10826,2009,2025-03-22,False,False,2025,3,1,Regular Week,Regular Sale
10827,2939,2025-07-01,False,True,2025,7,3,Regular Week,Festival Sale
10828,1794,2025-08-12,False,False,2025,8,3,Regular Week,Regular Sale
10829,3650,2025-08-13,False,False,2025,8,3,Regular Week,Regular Sale
10830,2973,2025-04-22,True,True,2025,4,2,Salary Week,Festival Sale
10831,2451,2025-04-07,True,True,2025,4,2,Salary Week,Festival Sale
10832,1025,2025-05-23,True,True,2025,5,2,Salary Week,Festival Sale
10833,259,2025-03-19,False,False,2025,3,1,Regular Week,Regular Sale
10834,4941,2025-07-16,True,False,2025,7,3,Salary Week,Regular Sale
10835,3365,2025-08-29,True,False,2025,8,3,Salary Week,Regular Sale
10836,1417,2025-06-25,False,False,2025,6,2,Regular Week,Regular Sale
10837,1726,2025-05-18,False,False,2025,5,2,Regular Week,Regular Sale
10838,2135,2025-09-29,False,False,2025,9,3,Regular Week,Regular Sale
10839,4576,2025-01-27,False,False,2025,1,1,Regular Week,Regular Sale
10840,2850,2025-11-07,True,False,2025,11,4,Salary Week,Regular Sale
10841,362,2025-10-12,True,True,2025,10,4,Salary Week,Festival Sale
10842,2859,2025-11-11,False,False,2025,11,4,Regular Week,Regular Sale
10843,3723,2025-10-13,False,True,2025,10,4,Regular Week,Festival Sale
10844,4539,2025-04-25,False,True,2025,4,2,Regular Week,Festival Sale
10845,2212,2025-04-27,True,False,2025,4,2,Salary Week,Regular Sale
10846,2884,2025-09-14,True,True,2025,9,3,Salary Week,Festival Sale
10847,4970,2025-06-05,False,True,2025,6,2,Regular Week,Festival Sale
10848,3333,2025-06-03,False,False,2025,6,2,Regular Week,Regular Sale
10849,3791,2025-05-24,False,False,2025,5,2,Regular Week,Regular Sale
10850,4353,2025-06-21,False,True,2025,6,2,Regular Week,Festival Sale
10851,4969,2025-06-14,False,True,2025,6,2,Regular Week,Festival Sale
10852,3893,2025-03-11,True,True,2025,3,1,Salary Week,Festival Sale
10853,3836,2025-03-14,True,True,2025,3,1,Salary Week,Festival Sale
10854,2879,2025-06-20,True,False,2025,6,2,Salary Week,Regular Sale
10855,2037,2025-05-31,False,True,2025,5,2,Regular Week,Festival Sale
10856,2324,2025-10-24,True,True,2025,10,4,Salary Week,Festival Sale
10857,3908,2025-10-10,False,False,2025,10,4,Regular Week,Regular Sale
10858,3345,2025-01-15,True,True,2025,1,1,Salary Week,Festival Sale
10859,4842,2025-06-07,True,False,2025,6,2,Salary Week,Regular Sale
10860,521,2025-04-16,False,False,2025,4,2,Regular Week,Regular Sale
10861,1545,2025-09-09,False,True,2025,9,3,Regular Week,Festival Sale
10862,2122,2025-03-06,True,False,2025,3,1,Salary Week,Regular Sale
10863,1176,2025-01-29,False,True,2025,1,1,Regular Week,Festival Sale
10864,1799,2025-10-05,False,False,2025,10,4,Regular Week,Regular Sale
10865,3430,2025-07-26,True,False,2025,7,3,Salary Week,Regular Sale
10866,193,2025-05-14,True,False,2025,5,2,Salary Week,Regular Sale
10867,1923,2025-01-11,False,False,2025,1,1,Regular Week,Regular Sale
10868,2237,2025-10-22,False,True,2025,10,4,Regular Week,Festival Sale
10869,69,2025-09-26,True,False,2025,9,3,Salary Week,Regular Sale
10870,3156,2025-08-24,False,True,2025,8,3,Regular Week,Festival Sale
10871,4391,2025-10-26,True,False,2025,10,4,Salary Week,Regular Sale
10872,1767,2025-05-26,False,False,2025,5,2,Regular Week,Regular Sale
10873,3547,2025-01-23,True,False,2025,1,1,Salary Week,Regular Sale
10874,1505,2025-07-26,False,False,2025,7,3,Regular Week,Regular Sale
10875,4785,2025-09-08,False,True,2025,9,3,Regular Week,Festival Sale
10876,1314,2025-06-30,False,True,2025,6,2,Regular Week,Festival Sale
10877,1819,2025-12-10,True,False,2025,12,4,Salary Week,Regular Sale
10878,2330,2025-05-14,True,False,2025,5,2,Salary Week,Regular Sale
10879,4305,2025-04-25,False,False,2025,4,2,Regular Week,Regular Sale
10880,3899,2025-10-06,True,False,2025,10,4,Salary Week,Regular Sale
10881,2102,2025-04-17,True,False,2025,4,2,Salary Week,Regular Sale
10882,1508,2025-08-22,True,True,2025,8,3,Salary Week,Festival Sale
10883,1875,2025-11-15,False,False,2025,11,4,Regular Week,Regular Sale
10884,1670,2025-07-29,True,False,2025,7,3,Salary Week,Regular Sale
10885,1156,2025-11-08,True,True,2025,11,4,Salary Week,Festival Sale
10886,1105,2025-07-18,False,False,2025,7,3,Regular Week,Regular Sale
10887,4787,2025-10-25,True,True,2025,10,4,Salary Week,Festival Sale
10888,194,2025-12-04,False,False,2025,12,4,Regular Week,Regular Sale
10889,3236,2025-12-31,False,True,2025,12,4,Regular Week,Festival Sale
10890,137,2025-06-27,False,True,2025,6,2,Regular Week,Festival Sale
10891,4665,2025-03-19,True,True,2025,3,1,Salary Week,Festival Sale
10892,1976,2025-06-25,True,False,2025,6,2,Salary Week,Regular Sale
10893,3590,2025-12-11,False,False,2025,12,4,Regular Week,Regular Sale
10894,1242,2025-03-09,True,False,2025,3,1,Salary Week,Regular Sale
10895,4556,2025-09-11,False,True,2025,9,3,Regular Week,Festival Sale
10896,4391,2025-12-11,False,False,2025,12,4,Regular Week,Regular Sale
10897,4354,2025-11-15,True,False,2025,11,4,Salary Week,Regular Sale
10898,3366,2025-07-05,False,True,2025,7,3,Regular Week,Festival Sale
10899,45,2025-04-09,True,False,2025,4,2,Salary Week,Regular Sale
10900,3000,2025-12-25,True,True,2025,12,4,Salary Week,Festival Sale
10901,4554,2025-07-19,True,False,2025,7,3,Salary Week,Regular Sale
10902,611,2025-10-10,True,True,2025,10,4,Salary Week,Festival Sale
10903,2380,2025-09-01,True,True,2025,9,3,Salary Week,Festival Sale
10904,488,2025-02-02,False,False,2025,2,1,Regular Week,Regular Sale
10905,4196,2025-05-15,True,False,2025,5,2,Salary Week,Regular Sale
10906,296,2025-06-14,True,True,2025,6,2,Salary Week,Festival Sale
10907,3910,2025-10-17,True,False,2025,10,4,Salary Week,Regular Sale
10908,77,2025-03-31,False,False,2025,3,1,Regular Week,Regular Sale
10909,3718,2025-02-23,False,True,2025,2,1,Regular Week,Festival Sale
10910,3981,2025-02-24,True,True,2025,2,1,Salary Week,Festival Sale
10911,3540,2025-06-01,False,False,2025,6,2,Regular Week,Regular Sale
10912,2463,2025-11-03,True,False,2025,11,4,Salary Week,Regular Sale
10913,4079,2025-12-10,True,True,2025,12,4,Salary Week,Festival Sale
10914,3362,2025-06-13,False,True,2025,6,2,Regular Week,Festival Sale
10915,3065,2025-12-03,True,True,2025,12,4,Salary Week,Festival Sale
10916,3844,2025-12-20,False,False,2025,12,4,Regular Week,Regular Sale
10917,58,2025-07-15,False,False,2025,7,3,Regular Week,Regular Sale
10918,3165,2025-04-26,True,False,2025,4,2,Salary Week,Regular Sale
10919,3378,2025-10-08,False,False,2025,10,4,Regular Week,Regular Sale
10920,162,2025-05-30,True,True,2025,5,2,Salary Week,Festival Sale
10921,3889,2025-04-16,False,True,2025,4,2,Regular Week,Festival Sale
10922,1709,2025-10-03,False,True,2025,10,4,Regular Week,Festival Sale
10923,29,2025-09-03,False,True,2025,9,3,Regular Week,Festival Sale
10924,4902,2025-06-19,True,True,2025,6,2,Salary Week,Festival Sale
10925,1408,2025-06-02,True,False,2025,6,2,Salary Week,Regular Sale
10926,2772,2025-02-06,True,False,2025,2,1,Salary Week,Regular Sale
10927,4,2025-05-02,True,False,2025,5,2,Salary Week,Regular Sale
10928,2472,2025-12-03,False,False,2025,12,4,Regular Week,Regular Sale
10929,1260,2025-06-26,True,True,2025,6,2,Salary Week,Festival Sale
10930,2639,2025-03-28,False,True,2025,3,1,Regular Week,Festival Sale
10931,1065,2025-07-05,True,True,2025,7,3,Salary Week,Festival Sale
10932,4307,2025-03-12,True,True,2025,3,1,Salary Week,Festival Sale
10933,2205,2025-01-13,True,False,2025,1,1,Salary Week,Regular Sale
10934,4714,2025-09-13,True,True,2025,9,3,Salary Week,Festival Sale
10935,413,2025-12-27,True,False,2025,12,4,Salary Week,Regular Sale
10936,1099,2025-11-18,True,True,2025,11,4,Salary Week,Festival Sale
10937,1693,2025-12-06,True,False,2025,12,4,Salary Week,Regular Sale
10938,3701,2025-10-28,False,False,2025,10,4,Regular Week,Regular Sale
10939,1996,2025-03-13,True,True,2025,3,1,Salary Week,Festival Sale
10940,2160,2025-08-19,True,False,2025,8,3,Salary Week,Regular Sale
10941,2074,2025-12-06,True,False,2025,12,4,Salary Week,Regular Sale
10942,3764,2025-04-23,False,True,2025,4,2,Regular Week,Festival Sale
10943,2376,2025-10-15,True,False,2025,10,4,Salary Week,Regular Sale
10944,2213,2025-09-05,False,False,2025,9,3,Regular Week,Regular Sale
10945,4706,2025-10-01,False,False,2025,10,4,Regular Week,Regular Sale
10946,3916,2025-10-14,True,True,2025,10,4,Salary Week,Festival Sale
10947,1971,2025-07-16,False,True,2025,7,3,Regular Week,Festival Sale
10948,2989,2025-04-10,False,False,2025,4,2,Regular Week,Regular Sale
10949,3330,2025-03-09,True,False,2025,3,1,Salary Week,Regular Sale
10950,3687,2025-11-04,False,True,2025,11,4,Regular Week,Festival Sale
10951,351,2025-08-22,False,False,2025,8,3,Regular Week,Regular Sale
10952,951,2025-08-02,False,True,2025,8,3,Regular Week,Festival Sale
10953,3904,2025-11-26,False,False,2025,11,4,Regular Week,Regular Sale
10954,1980,2025-07-09,True,False,2025,7,3,Salary Week,Regular Sale
10955,3218,2025-06-20,False,False,2025,6,2,Regular Week,Regular Sale
10956,3273,2025-11-27,False,True,2025,11,4,Regular Week,Festival Sale
10957,3013,2025-12-13,True,True,2025,12,4,Salary Week,Festival Sale
10958,1925,2025-07-26,False,True,2025,7,3,Regular Week,Festival Sale
10959,2070,2025-08-07,False,False,2025,8,3,Regular Week,Regular Sale
10960,1810,2025-10-23,False,False,2025,10,4,Regular Week,Regular Sale
10961,4816,2025-11-22,True,False,2025,11,4,Salary Week,Regular Sale
10962,2772,2025-12-22,False,False,2025,12,4,Regular Week,Regular Sale
10963,1531,2025-03-22,False,False,2025,3,1,Regular Week,Regular Sale
10964,1597,2025-02-18,True,True,2025,2,1,Salary Week,Festival Sale
10965,3914,2025-05-24,False,False,2025,5,2,Regular Week,Regular Sale
10966,2034,2025-06-26,True,False,2025,6,2,Salary Week,Regular Sale
10967,1553,2025-10-20,True,False,2025,10,4,Salary Week,Regular Sale
10968,427,2025-06-25,False,False,2025,6,2,Regular Week,Regular Sale
10969,282,2025-12-17,False,False,2025,12,4,Regular Week,Regular Sale
10970,2708,2025-03-25,False,True,2025,3,1,Regular Week,Festival Sale
10971,4042,2025-12-28,True,False,2025,12,4,Salary Week,Regular Sale
10972,2996,2025-02-28,True,False,2025,2,1,Salary Week,Regular Sale
10973,1535,2025-03-31,False,True,2025,3,1,Regular Week,Festival Sale
10974,2816,2025-04-09,True,True,2025,4,2,Salary Week,Festival Sale
10975,4798,2025-11-01,False,False,2025,11,4,Regular Week,Regular Sale
10976,1362,2025-10-18,False,False,2025,10,4,Regular Week,Regular Sale
10977,3409,2025-10-22,True,False,2025,10,4,Salary Week,Regular Sale
10978,3186,2025-08-15,False,True,2025,8,3,Regular Week,Festival Sale
10979,3805,2025-09-02,False,False,2025,9,3,Regular Week,Regular Sale
10980,3003,2025-01-18,True,True,2025,1,1,Salary Week,Festival Sale
10981,3381,2025-07-03,False,False,2025,7,3,Regular Week,Regular Sale
10982,3272,2025-07-02,False,False,2025,7,3,Regular Week,Regular Sale
10983,1640,2025-06-02,False,False,2025,6,2,Regular Week,Regular Sale
10984,3842,2025-09-21,False,False,2025,9,3,Regular Week,Regular Sale
10985,3324,2025-05-05,True,False,2025,5,2,Salary Week,Regular Sale
10986,2532,2025-04-04,True,False,2025,4,2,Salary Week,Regular Sale
10987,1414,2025-08-07,False,True,2025,8,3,Regular Week,Festival Sale
10988,4793,2025-11-24,False,False,2025,11,4,Regular Week,Regular Sale
10989,2917,2025-02-23,False,False,2025,2,1,Regular Week,Regular Sale
10990,2085,2025-12-06,False,False,2025,12,4,Regular Week,Regular Sale
10991,4058,2025-05-12,False,True,2025,5,2,Regular Week,Festival Sale
10992,1288,2025-11-02,False,False,2025,11,4,Regular Week,Regular Sale
10993,2567,2025-07-19,False,True,2025,7,3,Regular Week,Festival Sale
10994,2712,2025-05-15,True,False,2025,5,2,Salary Week,Regular Sale
10995,1840,2025-04-05,True,False,2025,4,2,Salary Week,Regular Sale
10996,4050,2025-10-27,False,False,2025,10,4,Regular Week,Regular Sale
10997,2914,2025-12-02,False,False,2025,12,4,Regular Week,Regular Sale
10998,2237,2025-12-13,False,True,2025,12,4,Regular Week,Festival Sale
10999,4104,2025-08-17,True,False,2025,8,3,Salary Week,Regular Sale
11000,1089,2025-09-22,True,True,2025,9,3,Salary Week,Festival Sale
11001,2663,2025-10-31,True,True,2025,10,4,Salary Week,Festival Sale
11002,894,2025-10-30,True,False,2025,10,4,Salary Week,Regular Sale
11003,2132,2025-10-04,True,False,2025,10,4,Salary Week,Regular Sale
11004,1972,2025-05-29,False,False,2025,5,2,Regular Week,Regular Sale
11005,298,2025-06-11,False,True,2025,6,2,Regular Week,Festival Sale
11006,2960,2025-08-17,True,False,2025,8,3,Salary Week,Regular Sale
11007,4187,2025-11-04,False,False,2025,11,4,Regular Week,Regular Sale
11008,905,2025-05-15,True,False,2025,5,2,Salary Week,Regular Sale
11009,2935,2025-05-01,False,True,2025,5,2,Regular Week,Festival Sale
11010,576,2025-09-24,True,True,2025,9,3,Salary Week,Festival Sale
11011,2217,2025-01-14,False,False,2025,1,1,Regular Week,Regular Sale
11012,1701,2025-05-26,False,False,2025,5,2,Regular Week,Regular Sale
11013,2049,2025-01-25,True,False,2025,1,1,Salary Week,Regular Sale
11014,3840,2025-12-25,False,False,2025,12,4,Regular Week,Regular Sale
11015,1995,2025-06-28,True,False,2025,6,2,Salary Week,Regular Sale
11016,179,2025-04-30,True,False,2025,4,2,Salary Week,Regular Sale
11017,2690,2025-04-02,True,True,2025,4,2,Salary Week,Festival Sale
11018,1540,2025-11-13,False,False,2025,11,4,Regular Week,Regular Sale
11019,3558,2025-06-11,False,False,2025,6,2,Regular Week,Regular Sale
11020,2472,2025-03-19,True,False,2025,3,1,Salary Week,Regular Sale
11021,3359,2025-09-18,True,True,2025,9,3,Salary Week,Festival Sale
11022,4736,2025-07-09,False,True,2025,7,3,Regular Week,Festival Sale
11023,4563,2025-09-14,False,False,2025,9,3,Regular Week,Regular Sale
11024,2332,2025-02-15,False,True,2025,2,1,Regular Week,Festival Sale
11025,3789,2025-03-14,True,True,2025,3,1,Salary Week,Festival Sale
11026,1135,2025-09-30,True,True,2025,9,3,Salary Week,Festival Sale
11027,426,2025-08-14,True,True,2025,8,3,Salary Week,Festival Sale
11028,4158,2025-09-19,False,True,2025,9,3,Regular Week,Festival Sale
11029,2205,2025-04-16,False,False,2025,4,2,Regular Week,Regular Sale
11030,3152,2025-12-29,False,True,2025,12,4,Regular Week,Festival Sale
11031,208,2025-09-10,True,False,2025,9,3,Salary Week,Regular Sale
11032,1185,2025-04-28,True,True,2025,4,2,Salary Week,Festival Sale
11033,1658,2025-12-12,True,True,2025,12,4,Salary Week,Festival Sale
11034,2151,2025-02-06,True,False,2025,2,1,Salary Week,Regular Sale
11035,660,2025-01-21,True,False,2025,1,1,Salary Week,Regular Sale
11036,2284,2025-06-09,False,False,2025,6,2,Regular Week,Regular Sale
11037,1458,2025-06-16,True,True,2025,6,2,Salary Week,Festival Sale
11038,4245,2025-11-25,False,True,2025,11,4,Regular Week,Festival Sale
11039,4210,2025-09-08,False,False,2025,9,3,Regular Week,Regular Sale
11040,4436,2026-01-05,False,False,2026,1,1,Regular Week,Regular Sale
11041,654,2025-07-19,False,True,2025,7,3,Regular Week,Festival Sale
11042,3047,2025-10-03,True,False,2025,10,4,Salary Week,Regular Sale
11043,1239,2025-03-20,True,False,2025,3,1,Salary Week,Regular Sale
11044,1137,2025-03-25,False,True,2025,3,1,Regular Week,Festival Sale
11045,1607,2025-09-13,False,True,2025,9,3,Regular Week,Festival Sale
11046,1673,2025-07-19,True,False,2025,7,3,Salary Week,Regular Sale
11047,3265,2025-05-18,False,False,2025,5,2,Regular Week,Regular Sale
11048,245,2025-12-28,True,False,2025,12,4,Salary Week,Regular Sale
11049,992,2025-03-11,True,False,2025,3,1,Salary Week,Regular Sale
11050,2577,2025-01-31,True,True,2025,1,1,Salary Week,Festival Sale
11051,1816,2025-02-08,True,True,2025,2,1,Salary Week,Festival Sale
11052,3703,2025-11-19,False,True,2025,11,4,Regular Week,Festival Sale
11053,3489,2025-03-14,True,False,2025,3,1,Salary Week,Regular Sale
11054,2810,2025-11-18,True,False,2025,11,4,Salary Week,Regular Sale
11055,4932,2025-06-14,True,True,2025,6,2,Salary Week,Festival Sale
11056,2102,2025-11-28,False,False,2025,11,4,Regular Week,Regular Sale
11057,973,2025-11-15,True,True,2025,11,4,Salary Week,Festival Sale
11058,4867,2025-02-15,False,False,2025,2,1,Regular Week,Regular Sale
11059,21,2025-09-08,False,True,2025,9,3,Regular Week,Festival Sale
11060,902,2025-09-18,False,False,2025,9,3,Regular Week,Regular Sale
11061,328,2025-09-07,False,False,2025,9,3,Regular Week,Regular Sale
11062,4390,2025-06-25,False,False,2025,6,2,Regular Week,Regular Sale
11063,675,2025-12-29,False,False,2025,12,4,Regular Week,Regular Sale
11064,2782,2025-11-19,False,False,2025,11,4,Regular Week,Regular Sale
11065,1662,2025-12-30,True,False,2025,12,4,Salary Week,Regular Sale
11066,447,2025-11-25,False,False,2025,11,4,Regular Week,Regular Sale
11067,4084,2025-08-15,True,False,2025,8,3,Salary Week,Regular Sale
11068,1152,2025-09-13,True,False,2025,9,3,Salary Week,Regular Sale
11069,675,2025-08-31,False,False,2025,8,3,Regular Week,Regular Sale
11070,4675,2025-11-22,False,False,2025,11,4,Regular Week,Regular Sale
11071,1089,2025-09-23,True,True,2025,9,3,Salary Week,Festival Sale
11072,3008,2025-02-11,True,True,2025,2,1,Salary Week,Festival Sale
11073,3526,2025-04-20,True,False,2025,4,2,Salary Week,Regular Sale
11074,3839,2025-03-26,False,False,2025,3,1,Regular Week,Regular Sale
11075,3279,2025-12-08,False,True,2025,12,4,Regular Week,Festival Sale
11076,4709,2025-07-16,False,False,2025,7,3,Regular Week,Regular Sale
11077,4644,2025-05-14,False,False,2025,5,2,Regular Week,Regular Sale
11078,1055,2025-01-12,False,False,2025,1,1,Regular Week,Regular Sale
11079,2905,2025-12-04,True,False,2025,12,4,Salary Week,Regular Sale
11080,1955,2025-06-25,True,False,2025,6,2,Salary Week,Regular Sale
11081,4241,2025-04-21,True,True,2025,4,2,Salary Week,Festival Sale
11082,2665,2025-08-03,True,False,2025,8,3,Salary Week,Regular Sale
11083,2728,2025-06-19,True,False,2025,6,2,Salary Week,Regular Sale
11084,3483,2025-09-14,True,True,2025,9,3,Salary Week,Festival Sale
11085,1152,2025-06-26,True,True,2025,6,2,Salary Week,Festival Sale
11086,2049,2025-04-01,False,True,2025,4,2,Regular Week,Festival Sale
11087,3037,2025-11-28,False,False,2025,11,4,Regular Week,Regular Sale
11088,1220,2025-11-01,False,True,2025,11,4,Regular Week,Festival Sale
11089,4448,2025-03-03,False,True,2025,3,1,Regular Week,Festival Sale
11090,2437,2025-09-19,True,False,2025,9,3,Salary Week,Regular Sale
11091,1943,2025-03-29,False,False,2025,3,1,Regular Week,Regular Sale
11092,2334,2025-08-08,True,False,2025,8,3,Salary Week,Regular Sale
11093,2289,2025-09-15,True,True,2025,9,3,Salary Week,Festival Sale
11094,286,2025-06-29,False,False,2025,6,2,Regular Week,Regular Sale
11095,2747,2025-09-05,False,False,2025,9,3,Regular Week,Regular Sale
11096,117,2025-03-15,True,False,2025,3,1,Salary Week,Regular Sale
11097,1314,2025-07-20,False,False,2025,7,3,Regular Week,Regular Sale
11098,3245,2025-06-19,True,True,2025,6,2,Salary Week,Festival Sale
11099,4429,2025-12-12,True,False,2025,12,4,Salary Week,Regular Sale
11100,3397,2025-08-30,True,False,2025,8,3,Salary Week,Regular Sale
11101,680,2025-03-16,True,True,2025,3,1,Salary Week,Festival Sale
11102,4855,2025-09-12,False,True,2025,9,3,Regular Week,Festival Sale
11103,2524,2025-05-31,False,True,2025,5,2,Regular Week,Festival Sale
11104,2024,2025-01-17,True,True,2025,1,1,Salary Week,Festival Sale
11105,2929,2025-03-01,True,False,2025,3,1,Salary Week,Regular Sale
11106,455,2025-05-15,False,True,2025,5,2,Regular Week,Festival Sale
11107,3745,2025-09-07,True,False,2025,9,3,Salary Week,Regular Sale
11108,227,2025-04-23,False,False,2025,4,2,Regular Week,Regular Sale
11109,1653,2025-03-08,True,False,2025,3,1,Salary Week,Regular Sale
11110,3719,2025-09-08,False,True,2025,9,3,Regular Week,Festival Sale
11111,1822,2025-03-16,False,False,2025,3,1,Regular Week,Regular Sale
11112,1374,2025-09-13,True,True,2025,9,3,Salary Week,Festival Sale
11113,223,2025-01-10,False,False,2025,1,1,Regular Week,Regular Sale
11114,3582,2025-12-06,True,True,2025,12,4,Salary Week,Festival Sale
11115,1159,2025-06-26,False,True,2025,6,2,Regular Week,Festival Sale
11116,265,2025-12-10,False,False,2025,12,4,Regular Week,Regular Sale
11117,425,2025-04-29,True,False,2025,4,2,Salary Week,Regular Sale
11118,3677,2025-01-27,False,True,2025,1,1,Regular Week,Festival Sale
11119,4205,2025-09-28,True,False,2025,9,3,Salary Week,Regular Sale
11120,4976,2025-01-19,True,True,2025,1,1,Salary Week,Festival Sale
11121,1841,2025-05-07,False,True,2025,5,2,Regular Week,Festival Sale
11122,686,2025-02-07,True,False,2025,2,1,Salary Week,Regular Sale
11123,496,2025-01-22,True,True,2025,1,1,Salary Week,Festival Sale
11124,415,2025-03-21,True,False,2025,3,1,Salary Week,Regular Sale
11125,770,2025-11-08,False,True,2025,11,4,Regular Week,Festival Sale
11126,4575,2025-11-11,True,True,2025,11,4,Salary Week,Festival Sale
11127,1374,2025-06-13,True,False,2025,6,2,Salary Week,Regular Sale
11128,4747,2025-07-10,True,False,2025,7,3,Salary Week,Regular Sale
11129,2453,2025-05-16,False,True,2025,5,2,Regular Week,Festival Sale
11130,4360,2025-04-19,False,False,2025,4,2,Regular Week,Regular Sale
11131,1561,2025-07-15,False,False,2025,7,3,Regular Week,Regular Sale
11132,1630,2025-07-19,True,True,2025,7,3,Salary Week,Festival Sale
11133,544,2025-02-24,True,False,2025,2,1,Salary Week,Regular Sale
11134,1520,2025-03-05,True,False,2025,3,1,Salary Week,Regular Sale
11135,2617,2025-01-31,False,True,2025,1,1,Regular Week,Festival Sale
11136,200,2025-09-22,True,False,2025,9,3,Salary Week,Regular Sale
11137,461,2025-08-03,True,True,2025,8,3,Salary Week,Festival Sale
11138,3413,2025-08-22,False,False,2025,8,3,Regular Week,Regular Sale
11139,4880,2025-08-20,False,True,2025,8,3,Regular Week,Festival Sale
11140,1706,2025-06-05,True,True,2025,6,2,Salary Week,Festival Sale
11141,67,2025-08-19,True,True,2025,8,3,Salary Week,Festival Sale
11142,4736,2025-12-30,False,True,2025,12,4,Regular Week,Festival Sale
11143,808,2025-03-28,True,False,2025,3,1,Salary Week,Regular Sale
11144,2373,2025-07-19,True,True,2025,7,3,Salary Week,Festival Sale
11145,1862,2025-12-31,False,True,2025,12,4,Regular Week,Festival Sale
11146,1773,2025-01-08,True,True,2025,1,1,Salary Week,Festival Sale
11147,4548,2025-11-26,True,True,2025,11,4,Salary Week,Festival Sale
11148,4669,2025-01-11,False,False,2025,1,1,Regular Week,Regular Sale
11149,2239,2025-11-25,False,True,2025,11,4,Regular Week,Festival Sale
11150,2810,2025-09-03,True,False,2025,9,3,Salary Week,Regular Sale
11151,4805,2025-01-29,False,True,2025,1,1,Regular Week,Festival Sale
11152,3752,2025-01-24,True,False,2025,1,1,Salary Week,Regular Sale
11153,2779,2025-07-25,False,False,2025,7,3,Regular Week,Regular Sale
11154,904,2025-03-09,True,False,2025,3,1,Salary Week,Regular Sale
11155,2825,2025-02-22,True,True,2025,2,1,Salary Week,Festival Sale
11156,3023,2025-03-12,True,True,2025,3,1,Salary Week,Festival Sale
11157,3777,2025-10-09,True,False,2025,10,4,Salary Week,Regular Sale
11158,1977,2025-08-19,True,False,2025,8,3,Salary Week,Regular Sale
11159,4999,2025-03-15,True,False,2025,3,1,Salary Week,Regular Sale
11160,697,2025-03-18,False,False,2025,3,1,Regular Week,Regular Sale
11161,371,2025-06-19,True,False,2025,6,2,Salary Week,Regular Sale
11162,2205,2025-11-26,True,False,2025,11,4,Salary Week,Regular Sale
11163,3816,2025-01-10,False,False,2025,1,1,Regular Week,Regular Sale
11164,609,2025-07-07,True,False,2025,7,3,Salary Week,Regular Sale
11165,663,2025-01-31,True,False,2025,1,1,Salary Week,Regular Sale
11166,3217,2025-06-14,True,False,2025,6,2,Salary Week,Regular Sale
11167,4732,2025-08-23,False,False,2025,8,3,Regular Week,Regular Sale
11168,4079,2025-08-09,True,False,2025,8,3,Salary Week,Regular Sale
11169,4069,2025-12-27,True,False,2025,12,4,Salary Week,Regular Sale
11170,4771,2025-11-07,False,False,2025,11,4,Regular Week,Regular Sale
11171,354,2026-01-05,True,False,2026,1,1,Salary Week,Regular Sale
11172,74,2025-01-25,False,False,2025,1,1,Regular Week,Regular Sale
11173,2124,2025-09-21,True,False,2025,9,3,Salary Week,Regular Sale
11174,3950,2025-05-20,False,True,2025,5,2,Regular Week,Festival Sale
11175,916,2025-02-24,True,True,2025,2,1,Salary Week,Festival Sale
11176,1682,2025-06-25,True,True,2025,6,2,Salary Week,Festival Sale
11177,500,2025-10-31,False,True,2025,10,4,Regular Week,Festival Sale
11178,3457,2025-08-01,False,False,2025,8,3,Regular Week,Regular Sale
11179,4344,2025-11-04,False,False,2025,11,4,Regular Week,Regular Sale
11180,2394,2025-08-12,True,False,2025,8,3,Salary Week,Regular Sale
11181,4238,2025-12-29,True,False,2025,12,4,Salary Week,Regular Sale
11182,4939,2025-09-06,True,True,2025,9,3,Salary Week,Festival Sale
11183,1734,2025-03-11,False,False,2025,3,1,Regular Week,Regular Sale
11184,4259,2025-12-16,False,True,2025,12,4,Regular Week,Festival Sale
11185,2301,2025-11-24,True,False,2025,11,4,Salary Week,Regular Sale
11186,1860,2025-11-02,True,True,2025,11,4,Salary Week,Festival Sale
11187,233,2025-03-17,True,False,2025,3,1,Salary Week,Regular Sale
11188,2754,2025-05-04,False,True,2025,5,2,Regular Week,Festival Sale
11189,3324,2025-02-22,False,True,2025,2,1,Regular Week,Festival Sale
11190,2157,2025-02-13,False,True,2025,2,1,Regular Week,Festival Sale
11191,1454,2025-04-22,False,False,2025,4,2,Regular Week,Regular Sale
11192,2518,2025-09-25,False,False,2025,9,3,Regular Week,Regular Sale
11193,2984,2025-03-20,False,True,2025,3,1,Regular Week,Festival Sale
11194,4666,2025-07-01,False,True,2025,7,3,Regular Week,Festival Sale
11195,1983,2025-10-27,True,False,2025,10,4,Salary Week,Regular Sale
11196,3127,2025-02-26,False,False,2025,2,1,Regular Week,Regular Sale
11197,3079,2025-04-30,True,True,2025,4,2,Salary Week,Festival Sale
11198,740,2025-01-23,True,True,2025,1,1,Salary Week,Festival Sale
11199,4676,2025-02-09,True,True,2025,2,1,Salary Week,Festival Sale
11200,4346,2025-02-07,True,False,2025,2,1,Salary Week,Regular Sale
11201,3579,2025-04-10,False,True,2025,4,2,Regular Week,Festival Sale
11202,737,2025-03-12,True,True,2025,3,1,Salary Week,Festival Sale
11203,78,2025-08-23,False,False,2025,8,3,Regular Week,Regular Sale
11204,4177,2025-03-31,False,True,2025,3,1,Regular Week,Festival Sale
11205,4263,2025-08-19,False,True,2025,8,3,Regular Week,Festival Sale
11206,1995,2025-10-03,True,True,2025,10,4,Salary Week,Festival Sale
11207,1684,2025-06-19,True,True,2025,6,2,Salary Week,Festival Sale
11208,193,2025-11-05,False,False,2025,11,4,Regular Week,Regular Sale
11209,2261,2025-06-09,True,False,2025,6,2,Salary Week,Regular Sale
11210,1041,2025-05-12,True,False,2025,5,2,Salary Week,Regular Sale
11211,2167,2025-08-15,True,False,2025,8,3,Salary Week,Regular Sale
11212,49,2025-01-15,False,True,2025,1,1,Regular Week,Festival Sale
11213,1838,2025-09-28,False,True,2025,9,3,Regular Week,Festival Sale
11214,3007,2025-08-10,True,True,2025,8,3,Salary Week,Festival Sale
11215,3983,2025-10-18,False,False,2025,10,4,Regular Week,Regular Sale
11216,98,2025-12-01,False,False,2025,12,4,Regular Week,Regular Sale
11217,4912,2025-01-12,False,True,2025,1,1,Regular Week,Festival Sale
11218,3945,2025-08-06,True,False,2025,8,3,Salary Week,Regular Sale
11219,2792,2025-12-18,False,True,2025,12,4,Regular Week,Festival Sale
11220,2985,2025-05-16,True,False,2025,5,2,Salary Week,Regular Sale
11221,955,2025-12-01,False,True,2025,12,4,Regular Week,Festival Sale
11222,870,2025-09-19,False,False,2025,9,3,Regular Week,Regular Sale
11223,4211,2025-09-04,False,True,2025,9,3,Regular Week,Festival Sale
11224,4100,2025-03-28,False,False,2025,3,1,Regular Week,Regular Sale
11225,3777,2025-04-09,False,True,2025,4,2,Regular Week,Festival Sale
11226,4631,2025-02-04,False,True,2025,2,1,Regular Week,Festival Sale
11227,200,2025-03-30,True,True,2025,3,1,Salary Week,Festival Sale
11228,514,2025-12-19,False,False,2025,12,4,Regular Week,Regular Sale
11229,4957,2025-10-28,True,False,2025,10,4,Salary Week,Regular Sale
11230,4836,2025-04-05,True,False,2025,4,2,Salary Week,Regular Sale
11231,3665,2025-09-16,False,True,2025,9,3,Regular Week,Festival Sale
11232,357,2025-08-04,False,False,2025,8,3,Regular Week,Regular Sale
11233,1477,2025-10-25,True,True,2025,10,4,Salary Week,Festival Sale
11234,2627,2025-03-30,True,True,2025,3,1,Salary Week,Festival Sale
11235,4721,2025-02-10,False,False,2025,2,1,Regular Week,Regular Sale
11236,4679,2025-01-16,False,True,2025,1,1,Regular Week,Festival Sale
11237,34,2025-09-05,True,True,2025,9,3,Salary Week,Festival Sale
11238,1137,2025-04-22,True,False,2025,4,2,Salary Week,Regular Sale
11239,1446,2025-07-13,False,False,2025,7,3,Regular Week,Regular Sale
11240,2798,2025-02-15,True,True,2025,2,1,Salary Week,Festival Sale
11241,413,2025-09-17,True,False,2025,9,3,Salary Week,Regular Sale
11242,4925,2025-02-09,True,True,2025,2,1,Salary Week,Festival Sale
11243,1350,2025-09-29,True,False,2025,9,3,Salary Week,Regular Sale
11244,4623,2025-07-10,False,True,2025,7,3,Regular Week,Festival Sale
11245,4982,2025-07-04,True,True,2025,7,3,Salary Week,Festival Sale
11246,4316,2025-02-05,False,False,2025,2,1,Regular Week,Regular Sale
11247,4583,2025-10-15,True,False,2025,10,4,Salary Week,Regular Sale
11248,3995,2025-02-11,True,False,2025,2,1,Salary Week,Regular Sale
11249,4623,2025-11-21,True,False,2025,11,4,Salary Week,Regular Sale
11250,1654,2025-11-25,False,False,2025,11,4,Regular Week,Regular Sale
11251,4231,2025-06-12,False,True,2025,6,2,Regular Week,Festival Sale
11252,2363,2025-01-22,True,False,2025,1,1,Salary Week,Regular Sale
11253,2210,2025-03-20,True,False,2025,3,1,Salary Week,Regular Sale
11254,1783,2025-05-14,False,True,2025,5,2,Regular Week,Festival Sale
11255,4107,2025-06-13,False,True,2025,6,2,Regular Week,Festival Sale
11256,2379,2025-02-10,False,True,2025,2,1,Regular Week,Festival Sale
11257,2729,2025-04-09,False,False,2025,4,2,Regular Week,Regular Sale
11258,4319,2025-08-10,False,False,2025,8,3,Regular Week,Regular Sale
11259,2324,2025-07-31,True,False,2025,7,3,Salary Week,Regular Sale
11260,3976,2025-03-16,True,True,2025,3,1,Salary Week,Festival Sale
11261,919,2025-02-06,False,False,2025,2,1,Regular Week,Regular Sale
11262,1568,2025-10-23,False,False,2025,10,4,Regular Week,Regular Sale
11263,2010,2025-05-21,True,True,2025,5,2,Salary Week,Festival Sale
11264,79,2025-03-21,False,True,2025,3,1,Regular Week,Festival Sale
11265,3819,2025-12-14,False,False,2025,12,4,Regular Week,Regular Sale
11266,1884,2025-03-10,False,True,2025,3,1,Regular Week,Festival Sale
11267,3054,2025-12-05,True,False,2025,12,4,Salary Week,Regular Sale
11268,1851,2025-08-23,False,False,2025,8,3,Regular Week,Regular Sale
11269,2151,2025-01-27,False,True,2025,1,1,Regular Week,Festival Sale
11270,4667,2025-10-19,False,True,2025,10,4,Regular Week,Festival Sale
11271,3099,2025-02-23,False,True,2025,2,1,Regular Week,Festival Sale
11272,3487,2025-06-20,True,True,2025,6,2,Salary Week,Festival Sale
11273,3286,2025-04-06,True,True,2025,4,2,Salary Week,Festival Sale
11274,3931,2025-03-03,True,False,2025,3,1,Salary Week,Regular Sale
11275,320,2025-10-27,True,True,2025,10,4,Salary Week,Festival Sale
11276,4343,2025-02-12,True,False,2025,2,1,Salary Week,Regular Sale
11277,3945,2025-06-09,True,True,2025,6,2,Salary Week,Festival Sale
11278,670,2025-09-22,True,True,2025,9,3,Salary Week,Festival Sale
11279,199,2025-09-25,True,True,2025,9,3,Salary Week,Festival Sale
11280,3278,2025-10-29,False,True,2025,10,4,Regular Week,Festival Sale
11281,657,2025-05-13,True,True,2025,5,2,Salary Week,Festival Sale
11282,143,2025-08-06,True,False,2025,8,3,Salary Week,Regular Sale
11283,4794,2025-03-22,False,False,2025,3,1,Regular Week,Regular Sale
11284,1094,2025-11-27,True,True,2025,11,4,Salary Week,Festival Sale
11285,672,2025-07-27,False,True,2025,7,3,Regular Week,Festival Sale
11286,3379,2025-12-20,True,True,2025,12,4,Salary Week,Festival Sale
11287,2290,2025-01-23,True,False,2025,1,1,Salary Week,Regular Sale
11288,4546,2025-08-01,True,True,2025,8,3,Salary Week,Festival Sale
11289,4427,2025-04-21,False,True,2025,4,2,Regular Week,Festival Sale
11290,3700,2025-09-15,False,True,2025,9,3,Regular Week,Festival Sale
11291,523,2025-05-28,True,False,2025,5,2,Salary Week,Regular Sale
11292,4256,2025-08-05,False,True,2025,8,3,Regular Week,Festival Sale
11293,2914,2025-02-27,True,True,2025,2,1,Salary Week,Festival Sale
11294,750,2025-09-14,True,False,2025,9,3,Salary Week,Regular Sale
11295,606,2025-05-23,False,True,2025,5,2,Regular Week,Festival Sale
11296,2001,2025-07-30,True,False,2025,7,3,Salary Week,Regular Sale
11297,2792,2025-12-18,True,True,2025,12,4,Salary Week,Festival Sale
11298,3988,2025-02-15,True,True,2025,2,1,Salary Week,Festival Sale
11299,1096,2025-09-05,True,True,2025,9,3,Salary Week,Festival Sale
11300,3460,2025-06-28,False,False,2025,6,2,Regular Week,Regular Sale
11301,546,2025-03-27,True,True,2025,3,1,Salary Week,Festival Sale
11302,4770,2025-03-24,True,False,2025,3,1,Salary Week,Regular Sale
11303,2678,2025-08-24,True,True,2025,8,3,Salary Week,Festival Sale
11304,11,2025-12-14,True,False,2025,12,4,Salary Week,Regular Sale
11305,4701,2025-12-30,False,True,2025,12,4,Regular Week,Festival Sale
11306,4243,2025-01-18,True,True,2025,1,1,Salary Week,Festival Sale
11307,4519,2025-06-06,True,False,2025,6,2,Salary Week,Regular Sale
11308,96,2025-09-27,False,True,2025,9,3,Regular Week,Festival Sale
11309,144,2025-03-24,False,False,2025,3,1,Regular Week,Regular Sale
11310,4675,2025-02-25,True,False,2025,2,1,Salary Week,Regular Sale
11311,4587,2025-08-04,True,False,2025,8,3,Salary Week,Regular Sale
11312,2635,2025-02-27,True,False,2025,2,1,Salary Week,Regular Sale
11313,3126,2025-06-22,False,False,2025,6,2,Regular Week,Regular Sale
11314,107,2025-09-17,False,True,2025,9,3,Regular Week,Festival Sale
11315,1311,2025-12-20,False,False,2025,12,4,Regular Week,Regular Sale
11316,220,2025-11-01,True,True,2025,11,4,Salary Week,Festival Sale
11317,2963,2025-12-16,True,True,2025,12,4,Salary Week,Festival Sale
11318,3812,2025-06-19,False,True,2025,6,2,Regular Week,Festival Sale
11319,1587,2025-03-20,False,True,2025,3,1,Regular Week,Festival Sale
11320,1155,2025-08-15,False,True,2025,8,3,Regular Week,Festival Sale
11321,2283,2025-11-03,False,False,2025,11,4,Regular Week,Regular Sale
11322,3663,2025-05-30,False,False,2025,5,2,Regular Week,Regular Sale
11323,3005,2025-04-15,False,False,2025,4,2,Regular Week,Regular Sale
11324,1729,2025-01-26,False,False,2025,1,1,Regular Week,Regular Sale
11325,2837,2025-03-22,True,True,2025,3,1,Salary Week,Festival Sale
11326,841,2025-06-08,False,True,2025,6,2,Regular Week,Festival Sale
11327,1330,2025-01-25,False,False,2025,1,1,Regular Week,Regular Sale
11328,617,2025-06-18,False,True,2025,6,2,Regular Week,Festival Sale
11329,1726,2025-04-15,False,True,2025,4,2,Regular Week,Festival Sale
11330,3222,2025-12-19,False,False,2025,12,4,Regular Week,Regular Sale
11331,4892,2025-06-25,False,True,2025,6,2,Regular Week,Festival Sale
11332,2404,2025-04-27,False,True,2025,4,2,Regular Week,Festival Sale
11333,2133,2025-03-06,False,True,2025,3,1,Regular Week,Festival Sale
11334,304,2025-12-25,True,False,2025,12,4,Salary Week,Regular Sale
11335,2671,2025-05-03,True,False,2025,5,2,Salary Week,Regular Sale
11336,798,2025-06-03,False,False,2025,6,2,Regular Week,Regular Sale
11337,4194,2025-07-12,False,True,2025,7,3,Regular Week,Festival Sale
11338,2464,2025-12-16,True,False,2025,12,4,Salary Week,Regular Sale
11339,3394,2025-01-30,False,False,2025,1,1,Regular Week,Regular Sale
11340,4026,2025-05-25,False,False,2025,5,2,Regular Week,Regular Sale
11341,1112,2025-07-18,True,True,2025,7,3,Salary Week,Festival Sale
11342,1846,2025-07-28,True,False,2025,7,3,Salary Week,Regular Sale
11343,1081,2025-08-05,False,False,2025,8,3,Regular Week,Regular Sale
11344,4387,2025-07-22,True,False,2025,7,3,Salary Week,Regular Sale
11345,3614,2025-10-17,True,True,2025,10,4,Salary Week,Festival Sale
11346,2222,2026-01-02,False,False,2026,1,1,Regular Week,Regular Sale
11347,3846,2025-07-03,False,False,2025,7,3,Regular Week,Regular Sale
11348,4002,2025-04-03,True,True,2025,4,2,Salary Week,Festival Sale
11349,1615,2025-11-06,False,False,2025,11,4,Regular Week,Regular Sale
11350,2930,2025-02-25,False,False,2025,2,1,Regular Week,Regular Sale
11351,2815,2025-06-13,False,False,2025,6,2,Regular Week,Regular Sale
11352,394,2025-04-27,True,False,2025,4,2,Salary Week,Regular Sale
11353,84,2025-08-25,False,False,2025,8,3,Regular Week,Regular Sale
11354,4005,2025-05-20,False,False,2025,5,2,Regular Week,Regular Sale
11355,4686,2025-11-21,False,False,2025,11,4,Regular Week,Regular Sale
11356,3758,2025-04-27,False,False,2025,4,2,Regular Week,Regular Sale
11357,3069,2025-08-14,True,True,2025,8,3,Salary Week,Festival Sale
11358,192,2025-07-19,False,False,2025,7,3,Regular Week,Regular Sale
11359,1053,2025-06-24,True,False,2025,6,2,Salary Week,Regular Sale
11360,1477,2025-03-25,True,False,2025,3,1,Salary Week,Regular Sale
11361,1526,2025-07-07,True,False,2025,7,3,Salary Week,Regular Sale
11362,4407,2025-04-14,True,True,2025,4,2,Salary Week,Festival Sale
11363,348,2025-06-07,False,True,2025,6,2,Regular Week,Festival Sale
11364,4704,2025-03-23,True,False,2025,3,1,Salary Week,Regular Sale
11365,2355,2025-11-18,False,True,2025,11,4,Regular Week,Festival Sale
11366,4710,2025-06-22,False,False,2025,6,2,Regular Week,Regular Sale
11367,1376,2025-04-23,True,True,2025,4,2,Salary Week,Festival Sale
11368,2218,2025-12-20,False,False,2025,12,4,Regular Week,Regular Sale
11369,4123,2025-06-10,False,False,2025,6,2,Regular Week,Regular Sale
11370,3853,2025-02-11,True,True,2025,2,1,Salary Week,Festival Sale
11371,3811,2025-11-15,True,True,2025,11,4,Salary Week,Festival Sale
11372,1784,2025-05-11,False,True,2025,5,2,Regular Week,Festival Sale
11373,4036,2025-07-05,True,False,2025,7,3,Salary Week,Regular Sale
11374,2143,2025-09-22,False,False,2025,9,3,Regular Week,Regular Sale
11375,4072,2025-04-30,True,True,2025,4,2,Salary Week,Festival Sale
11376,1235,2025-10-26,False,True,2025,10,4,Regular Week,Festival Sale
11377,849,2025-05-08,True,True,2025,5,2,Salary Week,Festival Sale
11378,3198,2025-11-24,False,False,2025,11,4,Regular Week,Regular Sale
11379,3804,2025-07-16,False,True,2025,7,3,Regular Week,Festival Sale
11380,2105,2025-09-19,False,True,2025,9,3,Regular Week,Festival Sale
11381,3954,2025-04-04,False,True,2025,4,2,Regular Week,Festival Sale
11382,978,2025-06-01,False,True,2025,6,2,Regular Week,Festival Sale
11383,3705,2025-03-25,True,False,2025,3,1,Salary Week,Regular Sale
11384,922,2025-11-07,False,False,2025,11,4,Regular Week,Regular Sale
11385,2354,2025-12-24,False,False,2025,12,4,Regular Week,Regular Sale
11386,4363,2025-02-19,True,True,2025,2,1,Salary Week,Festival Sale
11387,705,2025-04-07,True,True,2025,4,2,Salary Week,Festival Sale
11388,2275,2025-05-22,True,False,2025,5,2,Salary Week,Regular Sale
11389,2820,2025-06-09,True,False,2025,6,2,Salary Week,Regular Sale
11390,1165,2025-02-08,True,True,2025,2,1,Salary Week,Festival Sale
11391,4554,2025-09-10,False,True,2025,9,3,Regular Week,Festival Sale
11392,1857,2025-03-16,False,False,2025,3,1,Regular Week,Regular Sale
11393,3101,2025-06-19,False,False,2025,6,2,Regular Week,Regular Sale
11394,4344,2025-11-16,False,False,2025,11,4,Regular Week,Regular Sale
11395,292,2025-08-18,True,True,2025,8,3,Salary Week,Festival Sale
11396,1501,2025-02-08,False,False,2025,2,1,Regular Week,Regular Sale
11397,3583,2025-11-06,False,False,2025,11,4,Regular Week,Regular Sale
11398,3351,2025-11-26,True,False,2025,11,4,Salary Week,Regular Sale
11399,1231,2025-03-17,False,True,2025,3,1,Regular Week,Festival Sale
11400,4588,2025-06-01,True,True,2025,6,2,Salary Week,Festival Sale
11401,3635,2025-10-24,False,True,2025,10,4,Regular Week,Festival Sale
11402,4282,2025-02-03,True,True,2025,2,1,Salary Week,Festival Sale
11403,184,2025-06-12,False,False,2025,6,2,Regular Week,Regular Sale
11404,1033,2026-01-02,True,False,2026,1,1,Salary Week,Regular Sale
11405,2327,2025-03-23,False,False,2025,3,1,Regular Week,Regular Sale
11406,1108,2025-09-15,True,True,2025,9,3,Salary Week,Festival Sale
11407,1299,2025-09-15,False,True,2025,9,3,Regular Week,Festival Sale
11408,4552,2025-12-03,False,False,2025,12,4,Regular Week,Regular Sale
11409,4290,2025-11-26,True,False,2025,11,4,Salary Week,Regular Sale
11410,476,2025-04-07,True,True,2025,4,2,Salary Week,Festival Sale
11411,1436,2025-08-11,True,False,2025,8,3,Salary Week,Regular Sale
11412,4625,2025-11-06,False,True,2025,11,4,Regular Week,Festival Sale
11413,308,2026-01-04,True,False,2026,1,1,Salary Week,Regular Sale
11414,93,2025-06-11,True,True,2025,6,2,Salary Week,Festival Sale
11415,4235,2025-12-15,True,False,2025,12,4,Salary Week,Regular Sale
11416,2656,2025-10-29,False,True,2025,10,4,Regular Week,Festival Sale
11417,512,2025-01-15,False,True,2025,1,1,Regular Week,Festival Sale
11418,955,2025-05-18,True,True,2025,5,2,Salary Week,Festival Sale
11419,709,2025-10-15,False,False,2025,10,4,Regular Week,Regular Sale
11420,624,2025-08-29,True,True,2025,8,3,Salary Week,Festival Sale
11421,2379,2025-03-08,False,False,2025,3,1,Regular Week,Regular Sale
11422,3232,2025-08-04,True,False,2025,8,3,Salary Week,Regular Sale
11423,1030,2025-11-12,True,True,2025,11,4,Salary Week,Festival Sale
11424,4105,2025-09-28,True,True,2025,9,3,Salary Week,Festival Sale
11425,3987,2025-05-04,False,False,2025,5,2,Regular Week,Regular Sale
11426,1211,2025-10-25,True,False,2025,10,4,Salary Week,Regular Sale
11427,33,2025-03-17,True,True,2025,3,1,Salary Week,Festival Sale
11428,364,2025-04-07,False,True,2025,4,2,Regular Week,Festival Sale
11429,4188,2025-03-08,False,True,2025,3,1,Regular Week,Festival Sale
11430,617,2025-06-13,False,False,2025,6,2,Regular Week,Regular Sale
11431,2722,2025-03-25,True,False,2025,3,1,Salary Week,Regular Sale
11432,4930,2025-09-30,False,False,2025,9,3,Regular Week,Regular Sale
11433,2453,2025-08-15,True,True,2025,8,3,Salary Week,Festival Sale
11434,4148,2025-07-24,True,False,2025,7,3,Salary Week,Regular Sale
11435,4553,2025-04-12,False,True,2025,4,2,Regular Week,Festival Sale
11436,3483,2025-04-21,True,False,2025,4,2,Salary Week,Regular Sale
11437,4795,2025-01-18,False,True,2025,1,1,Regular Week,Festival Sale
11438,253,2025-11-17,False,False,2025,11,4,Regular Week,Regular Sale
11439,2069,2025-06-26,True,True,2025,6,2,Salary Week,Festival Sale
11440,2614,2025-07-16,True,True,2025,7,3,Salary Week,Festival Sale
11441,775,2025-01-24,False,False,2025,1,1,Regular Week,Regular Sale
11442,714,2025-08-07,False,True,2025,8,3,Regular Week,Festival Sale
11443,1713,2025-02-08,True,True,2025,2,1,Salary Week,Festival Sale
11444,1324,2025-08-03,True,True,2025,8,3,Salary Week,Festival Sale
11445,2312,2025-12-01,False,True,2025,12,4,Regular Week,Festival Sale
11446,2945,2025-09-26,True,True,2025,9,3,Salary Week,Festival Sale
11447,3082,2025-09-18,False,False,2025,9,3,Regular Week,Regular Sale
11448,74,2025-02-22,True,True,2025,2,1,Salary Week,Festival Sale
11449,307,2025-06-15,True,True,2025,6,2,Salary Week,Festival Sale
11450,1741,2026-01-02,False,True,2026,1,1,Regular Week,Festival Sale
11451,4015,2025-06-29,True,False,2025,6,2,Salary Week,Regular Sale
11452,3787,2025-01-07,True,True,2025,1,1,Salary Week,Festival Sale
11453,4242,2025-01-14,True,True,2025,1,1,Salary Week,Festival Sale
11454,2683,2025-07-26,False,True,2025,7,3,Regular Week,Festival Sale
11455,386,2025-07-07,True,True,2025,7,3,Salary Week,Festival Sale
11456,630,2025-10-14,True,True,2025,10,4,Salary Week,Festival Sale
11457,4323,2025-04-22,False,False,2025,4,2,Regular Week,Regular Sale
11458,1849,2025-07-24,True,False,2025,7,3,Salary Week,Regular Sale
11459,2554,2025-09-28,False,True,2025,9,3,Regular Week,Festival Sale
11460,3233,2025-04-23,True,True,2025,4,2,Salary Week,Festival Sale
11461,4324,2025-07-27,False,True,2025,7,3,Regular Week,Festival Sale
11462,2164,2025-07-07,True,True,2025,7,3,Salary Week,Festival Sale
11463,1387,2025-02-22,True,False,2025,2,1,Salary Week,Regular Sale
11464,4937,2025-08-09,True,False,2025,8,3,Salary Week,Regular Sale
11465,4091,2025-06-28,False,True,2025,6,2,Regular Week,Festival Sale
11466,4388,2025-12-22,False,False,2025,12,4,Regular Week,Regular Sale
11467,2381,2025-07-01,True,True,2025,7,3,Salary Week,Festival Sale
11468,3546,2025-07-21,False,True,2025,7,3,Regular Week,Festival Sale
11469,2068,2025-05-19,False,False,2025,5,2,Regular Week,Regular Sale
11470,2123,2025-04-13,True,True,2025,4,2,Salary Week,Festival Sale
11471,1555,2025-10-20,True,False,2025,10,4,Salary Week,Regular Sale
11472,3540,2025-10-08,True,True,2025,10,4,Salary Week,Festival Sale
11473,2566,2025-07-23,False,False,2025,7,3,Regular Week,Regular Sale
11474,4063,2025-08-23,False,False,2025,8,3,Regular Week,Regular Sale
11475,1715,2025-02-19,True,True,2025,2,1,Salary Week,Festival Sale
11476,692,2025-08-18,False,False,2025,8,3,Regular Week,Regular Sale
11477,979,2025-11-08,False,False,2025,11,4,Regular Week,Regular Sale
11478,2677,2025-08-12,False,False,2025,8,3,Regular Week,Regular Sale
11479,355,2025-10-06,False,True,2025,10,4,Regular Week,Festival Sale
11480,3724,2025-12-26,False,False,2025,12,4,Regular Week,Regular Sale
11481,3885,2025-05-23,False,True,2025,5,2,Regular Week,Festival Sale
11482,4655,2025-07-27,False,False,2025,7,3,Regular Week,Regular Sale
11483,1315,2025-03-22,False,False,2025,3,1,Regular Week,Regular Sale
11484,4282,2025-05-02,True,False,2025,5,2,Salary Week,Regular Sale
11485,3679,2025-08-03,True,True,2025,8,3,Salary Week,Festival Sale
11486,1164,2025-07-19,False,True,2025,7,3,Regular Week,Festival Sale
11487,4664,2025-12-25,False,True,2025,12,4,Regular Week,Festival Sale
11488,927,2025-09-24,True,True,2025,9,3,Salary Week,Festival Sale
11489,2973,2025-10-30,True,False,2025,10,4,Salary Week,Regular Sale
11490,4815,2025-10-01,True,True,2025,10,4,Salary Week,Festival Sale
11491,3816,2025-07-27,True,False,2025,7,3,Salary Week,Regular Sale
11492,4949,2025-09-26,False,False,2025,9,3,Regular Week,Regular Sale
11493,3785,2025-01-15,False,True,2025,1,1,Regular Week,Festival Sale
11494,1747,2025-09-05,False,True,2025,9,3,Regular Week,Festival Sale
11495,4768,2025-04-28,True,True,2025,4,2,Salary Week,Festival Sale
11496,2754,2025-02-11,True,False,2025,2,1,Salary Week,Regular Sale
11497,2047,2025-09-25,True,False,2025,9,3,Salary Week,Regular Sale
11498,3289,2025-03-25,False,False,2025,3,1,Regular Week,Regular Sale
11499,4491,2025-09-08,True,True,2025,9,3,Salary Week,Festival Sale
11500,882,2025-10-16,False,False,2025,10,4,Regular Week,Regular Sale
11501,1925,2025-02-08,False,True,2025,2,1,Regular Week,Festival Sale
11502,3438,2025-12-10,False,True,2025,12,4,Regular Week,Festival Sale
11503,2288,2025-04-02,True,True,2025,4,2,Salary Week,Festival Sale
11504,1730,2025-01-07,False,False,2025,1,1,Regular Week,Regular Sale
11505,4097,2025-02-26,False,False,2025,2,1,Regular Week,Regular Sale
11506,286,2025-10-14,False,True,2025,10,4,Regular Week,Festival Sale
11507,632,2025-10-21,True,True,2025,10,4,Salary Week,Festival Sale
11508,296,2025-06-09,True,True,2025,6,2,Salary Week,Festival Sale
11509,4941,2025-01-14,True,False,2025,1,1,Salary Week,Regular Sale
11510,4600,2025-09-08,True,False,2025,9,3,Salary Week,Regular Sale
11511,3056,2025-10-28,True,False,2025,10,4,Salary Week,Regular Sale
11512,207,2026-01-06,True,False,2026,1,1,Salary Week,Regular Sale
11513,2844,2026-01-03,False,True,2026,1,1,Regular Week,Festival Sale
11514,4316,2025-06-06,False,True,2025,6,2,Regular Week,Festival Sale
11515,3923,2025-10-30,True,True,2025,10,4,Salary Week,Festival Sale
11516,1310,2025-07-20,False,False,2025,7,3,Regular Week,Regular Sale
11517,4012,2025-05-18,False,False,2025,5,2,Regular Week,Regular Sale
11518,4983,2025-03-21,False,True,2025,3,1,Regular Week,Festival Sale
11519,522,2025-09-06,False,True,2025,9,3,Regular Week,Festival Sale
11520,2167,2025-02-20,True,False,2025,2,1,Salary Week,Regular Sale
11521,3246,2025-02-24,True,True,2025,2,1,Salary Week,Festival Sale
11522,82,2025-08-09,True,True,2025,8,3,Salary Week,Festival Sale
11523,1715,2025-06-12,True,False,2025,6,2,Salary Week,Regular Sale
11524,3258,2025-02-24,True,False,2025,2,1,Salary Week,Regular Sale
11525,502,2025-12-25,True,False,2025,12,4,Salary Week,Regular Sale
11526,4116,2025-10-19,False,True,2025,10,4,Regular Week,Festival Sale
11527,2943,2025-03-28,False,True,2025,3,1,Regular Week,Festival Sale
11528,3698,2025-05-30,True,False,2025,5,2,Salary Week,Regular Sale
11529,2620,2026-01-02,True,False,2026,1,1,Salary Week,Regular Sale
11530,1353,2025-03-14,True,False,2025,3,1,Salary Week,Regular Sale
11531,42,2025-08-25,True,False,2025,8,3,Salary Week,Regular Sale
11532,2604,2025-07-18,False,True,2025,7,3,Regular Week,Festival Sale
11533,548,2025-12-26,False,True,2025,12,4,Regular Week,Festival Sale
11534,4384,2025-06-15,True,True,2025,6,2,Salary Week,Festival Sale
11535,4255,2025-12-06,False,False,2025,12,4,Regular Week,Regular Sale
11536,4703,2025-03-17,True,False,2025,3,1,Salary Week,Regular Sale
11537,4266,2025-10-19,False,True,2025,10,4,Regular Week,Festival Sale
11538,1743,2025-01-12,True,False,2025,1,1,Salary Week,Regular Sale
11539,299,2025-04-18,False,False,2025,4,2,Regular Week,Regular Sale
11540,1894,2025-03-10,False,True,2025,3,1,Regular Week,Festival Sale
11541,2532,2025-08-21,False,False,2025,8,3,Regular Week,Regular Sale
11542,4581,2025-01-06,False,True,2025,1,1,Regular Week,Festival Sale
11543,3929,2025-03-01,True,True,2025,3,1,Salary Week,Festival Sale
11544,1338,2025-03-30,True,False,2025,3,1,Salary Week,Regular Sale
11545,152,2025-08-01,False,False,2025,8,3,Regular Week,Regular Sale
11546,3027,2025-04-18,False,True,2025,4,2,Regular Week,Festival Sale
11547,3133,2025-02-02,True,False,2025,2,1,Salary Week,Regular Sale
11548,3454,2025-11-30,False,False,2025,11,4,Regular Week,Regular Sale
11549,2511,2025-08-05,True,False,2025,8,3,Salary Week,Regular Sale
11550,3313,2025-03-23,True,True,2025,3,1,Salary Week,Festival Sale
11551,2170,2025-02-05,False,True,2025,2,1,Regular Week,Festival Sale
11552,3703,2025-02-15,False,True,2025,2,1,Regular Week,Festival Sale
11553,1507,2025-09-28,False,True,2025,9,3,Regular Week,Festival Sale
11554,894,2025-07-02,False,True,2025,7,3,Regular Week,Festival Sale
11555,3523,2025-03-16,False,False,2025,3,1,Regular Week,Regular Sale
11556,1809,2025-07-11,True,True,2025,7,3,Salary Week,Festival Sale
11557,368,2025-12-15,False,False,2025,12,4,Regular Week,Regular Sale
11558,2728,2025-12-07,True,True,2025,12,4,Salary Week,Festival Sale
11559,2368,2025-10-27,False,True,2025,10,4,Regular Week,Festival Sale
11560,4878,2025-01-23,False,True,2025,1,1,Regular Week,Festival Sale
11561,3916,2025-06-15,False,True,2025,6,2,Regular Week,Festival Sale
11562,3196,2025-05-26,False,False,2025,5,2,Regular Week,Regular Sale
11563,1999,2025-10-10,True,False,2025,10,4,Salary Week,Regular Sale
11564,4450,2025-08-13,True,True,2025,8,3,Salary Week,Festival Sale
11565,2284,2025-02-13,True,True,2025,2,1,Salary Week,Festival Sale
11566,2080,2025-07-01,False,False,2025,7,3,Regular Week,Regular Sale
11567,987,2025-05-22,True,True,2025,5,2,Salary Week,Festival Sale
11568,2606,2025-07-31,False,False,2025,7,3,Regular Week,Regular Sale
11569,4437,2025-10-16,False,False,2025,10,4,Regular Week,Regular Sale
11570,256,2025-02-04,False,False,2025,2,1,Regular Week,Regular Sale
11571,3721,2025-04-05,False,True,2025,4,2,Regular Week,Festival Sale
11572,746,2025-08-20,True,False,2025,8,3,Salary Week,Regular Sale
11573,2264,2025-01-28,True,False,2025,1,1,Salary Week,Regular Sale
11574,1238,2025-06-25,False,False,2025,6,2,Regular Week,Regular Sale
11575,4216,2025-03-23,True,False,2025,3,1,Salary Week,Regular Sale
11576,2590,2025-10-02,True,True,2025,10,4,Salary Week,Festival Sale
11577,567,2025-03-02,True,False,2025,3,1,Salary Week,Regular Sale
11578,3982,2025-12-31,False,True,2025,12,4,Regular Week,Festival Sale
11579,3961,2025-08-05,False,False,2025,8,3,Regular Week,Regular Sale
11580,3160,2026-01-06,True,False,2026,1,1,Salary Week,Regular Sale
11581,4678,2025-06-11,True,False,2025,6,2,Salary Week,Regular Sale
11582,151,2025-06-08,False,True,2025,6,2,Regular Week,Festival Sale
11583,2180,2025-01-29,False,False,2025,1,1,Regular Week,Regular Sale
11584,1891,2025-09-26,False,False,2025,9,3,Regular Week,Regular Sale
11585,1843,2025-06-06,False,False,2025,6,2,Regular Week,Regular Sale
11586,2556,2025-05-28,True,True,2025,5,2,Salary Week,Festival Sale
11587,1564,2025-07-15,True,False,2025,7,3,Salary Week,Regular Sale
11588,3022,2025-07-22,True,False,2025,7,3,Salary Week,Regular Sale
11589,2671,2025-09-03,True,False,2025,9,3,Salary Week,Regular Sale
11590,2369,2025-09-28,False,False,2025,9,3,Regular Week,Regular Sale
11591,2766,2025-04-11,True,True,2025,4,2,Salary Week,Festival Sale
11592,3900,2025-02-28,False,False,2025,2,1,Regular Week,Regular Sale
11593,590,2025-04-26,False,False,2025,4,2,Regular Week,Regular Sale
11594,799,2025-08-12,True,True,2025,8,3,Salary Week,Festival Sale
11595,1879,2025-10-06,True,True,2025,10,4,Salary Week,Festival Sale
11596,4224,2025-09-07,True,True,2025,9,3,Salary Week,Festival Sale
11597,4693,2025-02-04,True,False,2025,2,1,Salary Week,Regular Sale
11598,1331,2025-12-25,False,True,2025,12,4,Regular Week,Festival Sale
11599,3669,2025-11-04,True,True,2025,11,4,Salary Week,Festival Sale
11600,2453,2025-07-28,False,True,2025,7,3,Regular Week,Festival Sale
11601,3800,2025-04-16,False,True,2025,4,2,Regular Week,Festival Sale
11602,2065,2025-04-18,True,True,2025,4,2,Salary Week,Festival Sale
11603,4643,2025-04-17,False,False,2025,4,2,Regular Week,Regular Sale
11604,3333,2025-05-25,True,False,2025,5,2,Salary Week,Regular Sale
11605,2557,2025-02-05,True,True,2025,2,1,Salary Week,Festival Sale
11606,22,2025-09-14,False,True,2025,9,3,Regular Week,Festival Sale
11607,561,2025-04-03,False,True,2025,4,2,Regular Week,Festival Sale
11608,4724,2025-09-02,False,False,2025,9,3,Regular Week,Regular Sale
11609,2131,2026-01-01,False,True,2026,1,1,Regular Week,Festival Sale
11610,2551,2025-05-13,False,False,2025,5,2,Regular Week,Regular Sale
11611,519,2025-05-23,False,True,2025,5,2,Regular Week,Festival Sale
11612,931,2025-01-11,False,True,2025,1,1,Regular Week,Festival Sale
11613,3663,2025-01-28,False,False,2025,1,1,Regular Week,Regular Sale
11614,4842,2025-03-23,False,False,2025,3,1,Regular Week,Regular Sale
11615,3078,2025-05-10,True,False,2025,5,2,Salary Week,Regular Sale
11616,1236,2025-11-23,True,False,2025,11,4,Salary Week,Regular Sale
11617,828,2025-10-21,False,True,2025,10,4,Regular Week,Festival Sale
11618,1520,2025-12-29,True,True,2025,12,4,Salary Week,Festival Sale
11619,3576,2025-10-22,True,False,2025,10,4,Salary Week,Regular Sale
11620,603,2025-02-05,True,True,2025,2,1,Salary Week,Festival Sale
11621,292,2025-11-14,True,True,2025,11,4,Salary Week,Festival Sale
11622,4475,2025-08-14,False,True,2025,8,3,Regular Week,Festival Sale
11623,2832,2025-02-11,True,False,2025,2,1,Salary Week,Regular Sale
11624,4508,2025-07-19,True,False,2025,7,3,Salary Week,Regular Sale
11625,6,2025-09-16,True,False,2025,9,3,Salary Week,Regular Sale
11626,2656,2025-08-23,True,True,2025,8,3,Salary Week,Festival Sale
11627,2253,2025-03-20,False,True,2025,3,1,Regular Week,Festival Sale
11628,1104,2025-09-04,True,False,2025,9,3,Salary Week,Regular Sale
11629,4461,2025-05-07,True,True,2025,5,2,Salary Week,Festival Sale
11630,93,2025-01-09,True,True,2025,1,1,Salary Week,Festival Sale
11631,1768,2025-05-20,False,True,2025,5,2,Regular Week,Festival Sale
11632,3609,2025-09-09,False,True,2025,9,3,Regular Week,Festival Sale
11633,2237,2025-11-04,False,True,2025,11,4,Regular Week,Festival Sale
11634,3003,2025-03-11,False,True,2025,3,1,Regular Week,Festival Sale
11635,1440,2025-01-17,False,False,2025,1,1,Regular Week,Regular Sale
11636,522,2025-07-08,False,True,2025,7,3,Regular Week,Festival Sale
11637,3348,2025-07-15,True,False,2025,7,3,Salary Week,Regular Sale
11638,1894,2025-11-08,True,False,2025,11,4,Salary Week,Regular Sale
11639,4146,2025-06-17,False,True,2025,6,2,Regular Week,Festival Sale
11640,639,2025-08-29,True,False,2025,8,3,Salary Week,Regular Sale
11641,3269,2025-12-22,True,False,2025,12,4,Salary Week,Regular Sale
11642,4867,2025-08-18,False,False,2025,8,3,Regular Week,Regular Sale
11643,4202,2025-01-30,True,False,2025,1,1,Salary Week,Regular Sale
11644,1211,2025-08-21,False,False,2025,8,3,Regular Week,Regular Sale
11645,3232,2025-02-15,False,False,2025,2,1,Regular Week,Regular Sale
11646,2424,2025-02-16,False,True,2025,2,1,Regular Week,Festival Sale
11647,126,2025-01-13,False,True,2025,1,1,Regular Week,Festival Sale
11648,4755,2025-06-19,False,True,2025,6,2,Regular Week,Festival Sale
11649,2973,2025-05-01,False,False,2025,5,2,Regular Week,Regular Sale
11650,2146,2025-12-20,False,False,2025,12,4,Regular Week,Regular Sale
11651,681,2025-10-16,True,True,2025,10,4,Salary Week,Festival Sale
11652,1728,2025-11-17,False,True,2025,11,4,Regular Week,Festival Sale
11653,2746,2025-01-12,False,True,2025,1,1,Regular Week,Festival Sale
11654,520,2025-07-07,False,False,2025,7,3,Regular Week,Regular Sale
11655,1297,2025-08-11,False,True,2025,8,3,Regular Week,Festival Sale
11656,1100,2025-10-08,True,False,2025,10,4,Salary Week,Regular Sale
11657,2616,2025-02-13,False,False,2025,2,1,Regular Week,Regular Sale
11658,4972,2025-12-22,False,False,2025,12,4,Regular Week,Regular Sale
11659,3286,2025-12-22,True,False,2025,12,4,Salary Week,Regular Sale
11660,288,2025-05-03,True,True,2025,5,2,Salary Week,Festival Sale
11661,135,2025-09-16,False,True,2025,9,3,Regular Week,Festival Sale
11662,2392,2025-12-18,True,True,2025,12,4,Salary Week,Festival Sale
11663,3134,2025-08-24,False,False,2025,8,3,Regular Week,Regular Sale
11664,1575,2025-11-16,True,False,2025,11,4,Salary Week,Regular Sale
11665,856,2025-11-25,True,False,2025,11,4,Salary Week,Regular Sale
11666,4941,2025-12-20,True,True,2025,12,4,Salary Week,Festival Sale
11667,1102,2025-04-13,True,True,2025,4,2,Salary Week,Festival Sale
11668,3505,2025-10-02,True,True,2025,10,4,Salary Week,Festival Sale
11669,1219,2025-02-09,False,True,2025,2,1,Regular Week,Festival Sale
11670,2457,2025-10-29,True,False,2025,10,4,Salary Week,Regular Sale
11671,3958,2025-06-02,False,False,2025,6,2,Regular Week,Regular Sale
11672,2454,2025-07-21,True,True,2025,7,3,Salary Week,Festival Sale
11673,1361,2025-04-09,True,False,2025,4,2,Salary Week,Regular Sale
11674,2632,2025-05-05,True,False,2025,5,2,Salary Week,Regular Sale
11675,1032,2025-08-31,True,False,2025,8,3,Salary Week,Regular Sale
11676,3748,2025-01-23,True,True,2025,1,1,Salary Week,Festival Sale
11677,4487,2025-08-12,False,True,2025,8,3,Regular Week,Festival Sale
11678,3117,2025-10-21,False,False,2025,10,4,Regular Week,Regular Sale
11679,112,2025-12-04,True,True,2025,12,4,Salary Week,Festival Sale
11680,4132,2025-07-10,False,True,2025,7,3,Regular Week,Festival Sale
11681,3546,2025-07-07,False,True,2025,7,3,Regular Week,Festival Sale
11682,4575,2025-12-05,True,False,2025,12,4,Salary Week,Regular Sale
11683,4725,2025-04-05,False,True,2025,4,2,Regular Week,Festival Sale
11684,1686,2025-01-17,True,False,2025,1,1,Salary Week,Regular Sale
11685,4121,2025-12-10,False,False,2025,12,4,Regular Week,Regular Sale
11686,2306,2025-02-18,True,False,2025,2,1,Salary Week,Regular Sale
11687,893,2025-11-12,True,False,2025,11,4,Salary Week,Regular Sale
11688,4073,2025-06-10,True,False,2025,6,2,Salary Week,Regular Sale
11689,4007,2025-04-30,False,False,2025,4,2,Regular Week,Regular Sale
11690,4346,2025-09-05,True,True,2025,9,3,Salary Week,Festival Sale
11691,115,2025-11-16,False,True,2025,11,4,Regular Week,Festival Sale
11692,4329,2025-06-18,True,False,2025,6,2,Salary Week,Regular Sale
11693,2201,2025-12-21,True,True,2025,12,4,Salary Week,Festival Sale
11694,2007,2025-04-17,False,True,2025,4,2,Regular Week,Festival Sale
11695,4035,2025-07-13,False,False,2025,7,3,Regular Week,Regular Sale
11696,4154,2025-12-06,False,True,2025,12,4,Regular Week,Festival Sale
11697,1716,2025-07-11,False,False,2025,7,3,Regular Week,Regular Sale
11698,5000,2025-07-31,False,True,2025,7,3,Regular Week,Festival Sale
11699,1205,2025-12-31,True,False,2025,12,4,Salary Week,Regular Sale
11700,4161,2025-02-06,True,False,2025,2,1,Salary Week,Regular Sale
11701,3450,2025-05-30,True,False,2025,5,2,Salary Week,Regular Sale
11702,2780,2025-10-05,True,True,2025,10,4,Salary Week,Festival Sale
11703,106,2025-06-01,False,False,2025,6,2,Regular Week,Regular Sale
11704,1519,2025-07-22,False,False,2025,7,3,Regular Week,Regular Sale
11705,3247,2025-01-06,False,True,2025,1,1,Regular Week,Festival Sale
11706,2724,2025-01-07,False,False,2025,1,1,Regular Week,Regular Sale
11707,2019,2025-07-27,True,True,2025,7,3,Salary Week,Festival Sale
11708,197,2025-05-09,True,True,2025,5,2,Salary Week,Festival Sale
11709,1977,2025-11-27,True,False,2025,11,4,Salary Week,Regular Sale
11710,3468,2025-05-30,False,False,2025,5,2,Regular Week,Regular Sale
11711,1368,2025-05-14,True,False,2025,5,2,Salary Week,Regular Sale
11712,4737,2025-07-16,False,False,2025,7,3,Regular Week,Regular Sale
11713,892,2025-06-07,True,False,2025,6,2,Salary Week,Regular Sale
11714,795,2025-05-20,False,False,2025,5,2,Regular Week,Regular Sale
11715,1792,2025-04-15,False,False,2025,4,2,Regular Week,Regular Sale
11716,4775,2025-01-09,False,True,2025,1,1,Regular Week,Festival Sale
11717,1092,2025-06-22,True,False,2025,6,2,Salary Week,Regular Sale
11718,1441,2025-05-10,False,False,2025,5,2,Regular Week,Regular Sale
11719,29,2025-09-02,True,True,2025,9,3,Salary Week,Festival Sale
11720,3038,2025-08-24,False,False,2025,8,3,Regular Week,Regular Sale
11721,4782,2025-01-23,False,False,2025,1,1,Regular Week,Regular Sale
11722,943,2025-10-21,False,True,2025,10,4,Regular Week,Festival Sale
11723,697,2025-09-28,True,False,2025,9,3,Salary Week,Regular Sale
11724,2480,2025-10-29,False,True,2025,10,4,Regular Week,Festival Sale
11725,2657,2025-03-23,False,True,2025,3,1,Regular Week,Festival Sale
11726,1149,2025-03-16,False,True,2025,3,1,Regular Week,Festival Sale
11727,1032,2025-11-09,False,True,2025,11,4,Regular Week,Festival Sale
11728,336,2025-10-02,True,True,2025,10,4,Salary Week,Festival Sale
11729,147,2025-12-17,False,False,2025,12,4,Regular Week,Regular Sale
11730,4388,2025-04-15,True,False,2025,4,2,Salary Week,Regular Sale
11731,2752,2025-07-25,True,False,2025,7,3,Salary Week,Regular Sale
11732,4703,2025-10-22,True,False,2025,10,4,Salary Week,Regular Sale
11733,4083,2025-11-05,False,True,2025,11,4,Regular Week,Festival Sale
11734,3347,2025-10-30,False,False,2025,10,4,Regular Week,Regular Sale
11735,1180,2025-07-31,False,False,2025,7,3,Regular Week,Regular Sale
11736,1215,2025-12-09,True,False,2025,12,4,Salary Week,Regular Sale
11737,2382,2025-08-02,True,True,2025,8,3,Salary Week,Festival Sale
11738,3286,2025-07-30,True,False,2025,7,3,Salary Week,Regular Sale
11739,2547,2025-08-07,True,False,2025,8,3,Salary Week,Regular Sale
11740,383,2025-03-03,False,False,2025,3,1,Regular Week,Regular Sale
11741,4053,2025-02-09,True,False,2025,2,1,Salary Week,Regular Sale
11742,2118,2025-06-27,True,False,2025,6,2,Salary Week,Regular Sale
11743,3638,2025-07-19,False,False,2025,7,3,Regular Week,Regular Sale
11744,694,2025-11-29,True,True,2025,11,4,Salary Week,Festival Sale
11745,1253,2025-02-14,True,False,2025,2,1,Salary Week,Regular Sale
11746,2410,2025-02-18,True,False,2025,2,1,Salary Week,Regular Sale
11747,864,2025-01-22,False,False,2025,1,1,Regular Week,Regular Sale
11748,4642,2025-09-01,True,True,2025,9,3,Salary Week,Festival Sale
11749,3137,2025-10-21,False,False,2025,10,4,Regular Week,Regular Sale
11750,4345,2025-07-13,False,True,2025,7,3,Regular Week,Festival Sale
11751,750,2025-07-14,True,False,2025,7,3,Salary Week,Regular Sale
11752,2114,2025-09-18,True,False,2025,9,3,Salary Week,Regular Sale
11753,4970,2025-08-09,True,False,2025,8,3,Salary Week,Regular Sale
11754,4686,2025-07-11,True,False,2025,7,3,Salary Week,Regular Sale
11755,1838,2025-02-26,False,False,2025,2,1,Regular Week,Regular Sale
11756,4140,2025-06-29,False,False,2025,6,2,Regular Week,Regular Sale
11757,4796,2026-01-04,True,True,2026,1,1,Salary Week,Festival Sale
11758,1499,2025-05-19,False,False,2025,5,2,Regular Week,Regular Sale
11759,533,2025-06-06,False,True,2025,6,2,Regular Week,Festival Sale
11760,925,2025-09-08,True,True,2025,9,3,Salary Week,Festival Sale
11761,1593,2025-12-05,True,True,2025,12,4,Salary Week,Festival Sale
11762,1865,2025-08-01,True,False,2025,8,3,Salary Week,Regular Sale
11763,1318,2025-12-21,True,False,2025,12,4,Salary Week,Regular Sale
11764,999,2025-04-09,False,True,2025,4,2,Regular Week,Festival Sale
11765,740,2025-11-16,True,True,2025,11,4,Salary Week,Festival Sale
11766,1660,2025-05-25,False,False,2025,5,2,Regular Week,Regular Sale
11767,1639,2025-03-12,True,True,2025,3,1,Salary Week,Festival Sale
11768,3528,2025-03-01,True,False,2025,3,1,Salary Week,Regular Sale
11769,4234,2025-11-02,False,False,2025,11,4,Regular Week,Regular Sale
11770,3111,2025-06-12,False,True,2025,6,2,Regular Week,Festival Sale
11771,3484,2025-07-02,True,True,2025,7,3,Salary Week,Festival Sale
11772,1659,2025-10-08,False,False,2025,10,4,Regular Week,Regular Sale
11773,1855,2025-05-31,True,True,2025,5,2,Salary Week,Festival Sale
11774,939,2025-05-04,False,False,2025,5,2,Regular Week,Regular Sale
11775,544,2025-08-27,True,True,2025,8,3,Salary Week,Festival Sale
11776,781,2025-08-21,False,True,2025,8,3,Regular Week,Festival Sale
11777,1306,2025-09-14,True,True,2025,9,3,Salary Week,Festival Sale
11778,946,2025-07-25,False,True,2025,7,3,Regular Week,Festival Sale
11779,1203,2025-12-17,True,False,2025,12,4,Salary Week,Regular Sale
11780,1617,2025-11-18,False,False,2025,11,4,Regular Week,Regular Sale
11781,2878,2025-09-11,False,False,2025,9,3,Regular Week,Regular Sale
11782,811,2025-05-01,False,True,2025,5,2,Regular Week,Festival Sale
11783,4408,2025-05-26,False,True,2025,5,2,Regular Week,Festival Sale
11784,1931,2025-11-25,False,False,2025,11,4,Regular Week,Regular Sale
11785,785,2025-08-19,True,True,2025,8,3,Salary Week,Festival Sale
11786,4057,2025-09-23,False,False,2025,9,3,Regular Week,Regular Sale
11787,1068,2025-04-02,True,True,2025,4,2,Salary Week,Festival Sale
11788,2222,2025-02-22,True,True,2025,2,1,Salary Week,Festival Sale
11789,1009,2025-09-24,True,False,2025,9,3,Salary Week,Regular Sale
11790,4284,2025-04-09,False,False,2025,4,2,Regular Week,Regular Sale
11791,1256,2025-04-18,True,True,2025,4,2,Salary Week,Festival Sale
11792,764,2025-01-19,False,True,2025,1,1,Regular Week,Festival Sale
11793,3750,2025-09-07,True,False,2025,9,3,Salary Week,Regular Sale
11794,34,2025-04-27,False,False,2025,4,2,Regular Week,Regular Sale
11795,3536,2025-11-08,True,False,2025,11,4,Salary Week,Regular Sale
11796,1261,2025-01-28,False,False,2025,1,1,Regular Week,Regular Sale
11797,2720,2025-02-09,True,False,2025,2,1,Salary Week,Regular Sale
11798,4060,2025-11-07,False,False,2025,11,4,Regular Week,Regular Sale
11799,4598,2025-05-23,True,False,2025,5,2,Salary Week,Regular Sale
11800,1517,2025-08-29,False,False,2025,8,3,Regular Week,Regular Sale
11801,1246,2025-08-27,True,False,2025,8,3,Salary Week,Regular Sale
11802,4340,2025-03-09,True,False,2025,3,1,Salary Week,Regular Sale
11803,3643,2025-03-19,False,False,2025,3,1,Regular Week,Regular Sale
11804,2760,2025-12-11,True,True,2025,12,4,Salary Week,Festival Sale
11805,3726,2025-10-12,False,True,2025,10,4,Regular Week,Festival Sale
11806,3677,2025-04-17,True,True,2025,4,2,Salary Week,Festival Sale
11807,201,2025-03-05,True,True,2025,3,1,Salary Week,Festival Sale
11808,784,2025-07-08,True,True,2025,7,3,Salary Week,Festival Sale
11809,353,2025-07-16,True,False,2025,7,3,Salary Week,Regular Sale
11810,1906,2025-07-22,True,False,2025,7,3,Salary Week,Regular Sale
11811,4488,2025-05-04,False,False,2025,5,2,Regular Week,Regular Sale
11812,3012,2025-04-13,True,False,2025,4,2,Salary Week,Regular Sale
11813,904,2025-10-30,True,True,2025,10,4,Salary Week,Festival Sale
11814,2593,2025-07-09,False,True,2025,7,3,Regular Week,Festival Sale
11815,1451,2025-09-17,True,False,2025,9,3,Salary Week,Regular Sale
11816,4711,2025-09-28,False,False,2025,9,3,Regular Week,Regular Sale
11817,4713,2025-04-28,True,False,2025,4,2,Salary Week,Regular Sale
11818,97,2025-12-12,True,True,2025,12,4,Salary Week,Festival Sale
11819,3151,2025-05-04,False,False,2025,5,2,Regular Week,Regular Sale
11820,4201,2025-01-28,False,False,2025,1,1,Regular Week,Regular Sale
11821,4369,2025-07-27,True,False,2025,7,3,Salary Week,Regular Sale
11822,3340,2025-08-08,True,False,2025,8,3,Salary Week,Regular Sale
11823,1945,2025-03-31,False,True,2025,3,1,Regular Week,Festival Sale
11824,2808,2025-12-24,False,False,2025,12,4,Regular Week,Regular Sale
11825,694,2025-11-28,True,True,2025,11,4,Salary Week,Festival Sale
11826,1154,2025-01-28,False,True,2025,1,1,Regular Week,Festival Sale
11827,3963,2025-10-05,True,True,2025,10,4,Salary Week,Festival Sale
11828,920,2025-08-30,True,False,2025,8,3,Salary Week,Regular Sale
11829,1857,2025-05-23,True,False,2025,5,2,Salary Week,Regular Sale
11830,84,2025-05-25,False,True,2025,5,2,Regular Week,Festival Sale
11831,3036,2025-06-05,True,True,2025,6,2,Salary Week,Festival Sale
11832,1920,2025-09-17,False,True,2025,9,3,Regular Week,Festival Sale
11833,3504,2025-05-07,True,True,2025,5,2,Salary Week,Festival Sale
11834,2070,2025-08-30,False,True,2025,8,3,Regular Week,Festival Sale
11835,1022,2025-07-07,True,False,2025,7,3,Salary Week,Regular Sale
11836,3869,2025-01-25,True,False,2025,1,1,Salary Week,Regular Sale
11837,2815,2025-07-20,False,False,2025,7,3,Regular Week,Regular Sale
11838,1427,2025-07-05,False,False,2025,7,3,Regular Week,Regular Sale
11839,3506,2026-01-03,True,True,2026,1,1,Salary Week,Festival Sale
11840,1762,2025-08-05,True,False,2025,8,3,Salary Week,Regular Sale
11841,74,2025-04-02,False,True,2025,4,2,Regular Week,Festival Sale
11842,1154,2025-02-02,False,True,2025,2,1,Regular Week,Festival Sale
11843,3864,2025-07-20,False,True,2025,7,3,Regular Week,Festival Sale
11844,4339,2025-06-24,False,False,2025,6,2,Regular Week,Regular Sale
11845,2228,2025-12-05,False,True,2025,12,4,Regular Week,Festival Sale
11846,2673,2025-03-14,False,False,2025,3,1,Regular Week,Regular Sale
11847,3977,2025-08-03,True,False,2025,8,3,Salary Week,Regular Sale
11848,550,2025-08-03,True,False,2025,8,3,Salary Week,Regular Sale
11849,4265,2025-11-27,False,True,2025,11,4,Regular Week,Festival Sale
11850,1566,2025-06-15,False,True,2025,6,2,Regular Week,Festival Sale
11851,1676,2025-12-09,False,False,2025,12,4,Regular Week,Regular Sale
11852,1158,2025-05-23,True,True,2025,5,2,Salary Week,Festival Sale
11853,443,2025-11-25,True,True,2025,11,4,Salary Week,Festival Sale
11854,2766,2025-12-25,True,False,2025,12,4,Salary Week,Regular Sale
11855,2518,2025-08-30,True,True,2025,8,3,Salary Week,Festival Sale
11856,376,2025-08-30,True,True,2025,8,3,Salary Week,Festival Sale
11857,1825,2025-08-18,False,False,2025,8,3,Regular Week,Regular Sale
11858,3887,2025-07-25,True,False,2025,7,3,Salary Week,Regular Sale
11859,918,2025-03-12,True,True,2025,3,1,Salary Week,Festival Sale
11860,1203,2025-03-23,False,False,2025,3,1,Regular Week,Regular Sale
11861,2224,2025-10-05,True,True,2025,10,4,Salary Week,Festival Sale
11862,2969,2025-10-03,True,True,2025,10,4,Salary Week,Festival Sale
11863,2370,2025-11-24,True,True,2025,11,4,Salary Week,Festival Sale
11864,653,2025-03-11,False,True,2025,3,1,Regular Week,Festival Sale
11865,4001,2025-02-19,True,False,2025,2,1,Salary Week,Regular Sale
11866,1216,2025-02-06,False,False,2025,2,1,Regular Week,Regular Sale
11867,2547,2025-05-26,True,True,2025,5,2,Salary Week,Festival Sale
11868,2573,2025-02-08,True,False,2025,2,1,Salary Week,Regular Sale
11869,1408,2025-09-11,False,True,2025,9,3,Regular Week,Festival Sale
11870,238,2025-03-25,False,False,2025,3,1,Regular Week,Regular Sale
11871,3290,2025-07-19,False,False,2025,7,3,Regular Week,Regular Sale
11872,778,2025-03-05,True,False,2025,3,1,Salary Week,Regular Sale
11873,4027,2025-06-03,False,False,2025,6,2,Regular Week,Regular Sale
11874,3035,2025-03-18,True,True,2025,3,1,Salary Week,Festival Sale
11875,1903,2025-06-06,True,True,2025,6,2,Salary Week,Festival Sale
11876,2022,2025-10-02,False,False,2025,10,4,Regular Week,Regular Sale
11877,3036,2025-07-08,False,True,2025,7,3,Regular Week,Festival Sale
11878,1798,2025-04-09,False,True,2025,4,2,Regular Week,Festival Sale
11879,2778,2025-09-01,False,True,2025,9,3,Regular Week,Festival Sale
11880,3281,2025-03-05,True,True,2025,3,1,Salary Week,Festival Sale
11881,2850,2025-03-03,True,False,2025,3,1,Salary Week,Regular Sale
11882,3335,2025-04-08,True,False,2025,4,2,Salary Week,Regular Sale
11883,823,2025-05-19,False,True,2025,5,2,Regular Week,Festival Sale
11884,3810,2025-12-08,False,False,2025,12,4,Regular Week,Regular Sale
11885,2985,2025-07-02,True,True,2025,7,3,Salary Week,Festival Sale
11886,1379,2025-01-26,False,False,2025,1,1,Regular Week,Regular Sale
11887,1592,2025-03-31,False,False,2025,3,1,Regular Week,Regular Sale
11888,4718,2025-08-21,False,False,2025,8,3,Regular Week,Regular Sale
11889,3147,2025-08-20,True,True,2025,8,3,Salary Week,Festival Sale
11890,2217,2025-04-28,True,True,2025,4,2,Salary Week,Festival Sale
11891,3383,2025-05-20,False,True,2025,5,2,Regular Week,Festival Sale
11892,1458,2025-02-08,False,False,2025,2,1,Regular Week,Regular Sale
11893,2678,2025-06-11,True,True,2025,6,2,Salary Week,Festival Sale
11894,4582,2025-11-19,True,True,2025,11,4,Salary Week,Festival Sale
11895,2796,2025-12-26,False,True,2025,12,4,Regular Week,Festival Sale
11896,794,2025-10-20,False,True,2025,10,4,Regular Week,Festival Sale
11897,859,2025-06-25,False,False,2025,6,2,Regular Week,Regular Sale
11898,3091,2025-04-15,True,False,2025,4,2,Salary Week,Regular Sale
11899,3898,2025-10-31,False,True,2025,10,4,Regular Week,Festival Sale
11900,3654,2025-10-28,True,True,2025,10,4,Salary Week,Festival Sale
11901,3275,2025-09-26,True,True,2025,9,3,Salary Week,Festival Sale
11902,397,2025-02-20,False,True,2025,2,1,Regular Week,Festival Sale
11903,3668,2025-08-01,True,True,2025,8,3,Salary Week,Festival Sale
11904,877,2025-02-22,True,True,2025,2,1,Salary Week,Festival Sale
11905,2807,2025-07-31,True,False,2025,7,3,Salary Week,Regular Sale
11906,4796,2025-12-30,True,True,2025,12,4,Salary Week,Festival Sale
11907,246,2026-01-01,True,False,2026,1,1,Salary Week,Regular Sale
11908,3343,2025-06-05,False,True,2025,6,2,Regular Week,Festival Sale
11909,529,2025-12-17,True,True,2025,12,4,Salary Week,Festival Sale
11910,3346,2025-10-07,False,False,2025,10,4,Regular Week,Regular Sale
11911,3435,2025-09-23,True,True,2025,9,3,Salary Week,Festival Sale
11912,2091,2025-06-02,False,False,2025,6,2,Regular Week,Regular Sale
11913,2053,2025-09-10,False,False,2025,9,3,Regular Week,Regular Sale
11914,1897,2025-12-20,False,True,2025,12,4,Regular Week,Festival Sale
11915,4088,2025-05-14,False,True,2025,5,2,Regular Week,Festival Sale
11916,254,2025-03-26,False,False,2025,3,1,Regular Week,Regular Sale
11917,537,2025-01-28,False,False,2025,1,1,Regular Week,Regular Sale
11918,1573,2025-04-11,True,True,2025,4,2,Salary Week,Festival Sale
11919,4122,2025-05-07,True,True,2025,5,2,Salary Week,Festival Sale
11920,1853,2025-02-05,True,True,2025,2,1,Salary Week,Festival Sale
11921,3297,2025-07-15,False,True,2025,7,3,Regular Week,Festival Sale
11922,2308,2025-10-18,False,False,2025,10,4,Regular Week,Regular Sale
11923,4436,2025-09-14,False,True,2025,9,3,Regular Week,Festival Sale
11924,1314,2025-11-09,False,False,2025,11,4,Regular Week,Regular Sale
11925,3425,2025-08-14,False,True,2025,8,3,Regular Week,Festival Sale
11926,1081,2025-10-09,False,True,2025,10,4,Regular Week,Festival Sale
11927,489,2025-12-12,True,True,2025,12,4,Salary Week,Festival Sale
11928,3714,2025-09-20,False,False,2025,9,3,Regular Week,Regular Sale
11929,594,2025-08-27,False,True,2025,8,3,Regular Week,Festival Sale
11930,2843,2025-01-10,False,True,2025,1,1,Regular Week,Festival Sale
11931,4295,2025-06-21,True,False,2025,6,2,Salary Week,Regular Sale
11932,4131,2025-06-19,False,False,2025,6,2,Regular Week,Regular Sale
11933,3272,2025-06-19,True,False,2025,6,2,Salary Week,Regular Sale
11934,1565,2025-03-20,False,False,2025,3,1,Regular Week,Regular Sale
11935,871,2025-08-20,True,True,2025,8,3,Salary Week,Festival Sale
11936,1010,2025-09-08,False,True,2025,9,3,Regular Week,Festival Sale
11937,4569,2025-12-09,False,False,2025,12,4,Regular Week,Regular Sale
11938,725,2025-01-18,False,False,2025,1,1,Regular Week,Regular Sale
11939,2499,2025-07-10,False,True,2025,7,3,Regular Week,Festival Sale
11940,382,2025-05-12,False,True,2025,5,2,Regular Week,Festival Sale
11941,2135,2025-04-08,True,False,2025,4,2,Salary Week,Regular Sale
11942,1900,2025-03-19,False,False,2025,3,1,Regular Week,Regular Sale
11943,1112,2025-09-02,True,True,2025,9,3,Salary Week,Festival Sale
11944,3851,2025-10-01,True,False,2025,10,4,Salary Week,Regular Sale
11945,4449,2025-06-12,False,True,2025,6,2,Regular Week,Festival Sale
11946,226,2025-09-07,False,True,2025,9,3,Regular Week,Festival Sale
11947,1014,2025-03-30,False,True,2025,3,1,Regular Week,Festival Sale
11948,979,2025-09-11,True,False,2025,9,3,Salary Week,Regular Sale
11949,2692,2025-09-07,True,True,2025,9,3,Salary Week,Festival Sale
11950,3831,2025-11-28,True,False,2025,11,4,Salary Week,Regular Sale
11951,4980,2025-08-02,False,False,2025,8,3,Regular Week,Regular Sale
11952,2399,2025-11-07,False,True,2025,11,4,Regular Week,Festival Sale
11953,2640,2025-10-20,True,True,2025,10,4,Salary Week,Festival Sale
11954,2866,2025-09-05,False,False,2025,9,3,Regular Week,Regular Sale
11955,1106,2026-01-01,False,False,2026,1,1,Regular Week,Regular Sale
11956,3678,2025-10-08,False,False,2025,10,4,Regular Week,Regular Sale
11957,1743,2025-10-17,True,True,2025,10,4,Salary Week,Festival Sale
11958,1382,2025-12-08,False,False,2025,12,4,Regular Week,Regular Sale
11959,3966,2025-02-03,True,False,2025,2,1,Salary Week,Regular Sale
11960,1567,2025-06-07,False,True,2025,6,2,Regular Week,Festival Sale
11961,1295,2025-09-16,False,True,2025,9,3,Regular Week,Festival Sale
11962,1406,2026-01-04,True,False,2026,1,1,Salary Week,Regular Sale
11963,2888,2025-07-17,True,False,2025,7,3,Salary Week,Regular Sale
11964,4155,2025-12-06,False,True,2025,12,4,Regular Week,Festival Sale
11965,567,2025-02-24,True,False,2025,2,1,Salary Week,Regular Sale
11966,2291,2025-01-19,False,False,2025,1,1,Regular Week,Regular Sale
11967,2972,2025-09-18,True,True,2025,9,3,Salary Week,Festival Sale
11968,2861,2025-11-14,True,True,2025,11,4,Salary Week,Festival Sale
11969,4933,2025-07-19,True,True,2025,7,3,Salary Week,Festival Sale
11970,1205,2025-02-10,True,False,2025,2,1,Salary Week,Regular Sale
11971,3903,2025-06-02,True,True,2025,6,2,Salary Week,Festival Sale
11972,43,2025-04-25,False,True,2025,4,2,Regular Week,Festival Sale
11973,4218,2025-04-11,True,False,2025,4,2,Salary Week,Regular Sale
11974,3247,2025-11-15,True,False,2025,11,4,Salary Week,Regular Sale
11975,4798,2025-10-12,True,True,2025,10,4,Salary Week,Festival Sale
11976,3259,2025-09-10,True,False,2025,9,3,Salary Week,Regular Sale
11977,3321,2025-04-07,True,True,2025,4,2,Salary Week,Festival Sale
11978,1613,2025-06-30,False,True,2025,6,2,Regular Week,Festival Sale
11979,1881,2026-01-01,False,True,2026,1,1,Regular Week,Festival Sale
11980,2040,2025-01-30,False,True,2025,1,1,Regular Week,Festival Sale
11981,805,2025-11-11,False,False,2025,11,4,Regular Week,Regular Sale
11982,4467,2025-11-15,True,True,2025,11,4,Salary Week,Festival Sale
11983,518,2025-01-17,False,True,2025,1,1,Regular Week,Festival Sale
11984,2883,2025-12-17,False,False,2025,12,4,Regular Week,Regular Sale
11985,1585,2025-06-27,False,False,2025,6,2,Regular Week,Regular Sale
11986,4568,2025-01-24,False,False,2025,1,1,Regular Week,Regular Sale
11987,2548,2026-01-03,False,True,2026,1,1,Regular Week,Festival Sale
11988,2781,2025-11-03,True,False,2025,11,4,Salary Week,Regular Sale
11989,1155,2025-11-30,False,True,2025,11,4,Regular Week,Festival Sale
11990,2738,2025-08-28,False,False,2025,8,3,Regular Week,Regular Sale
11991,946,2025-08-10,False,True,2025,8,3,Regular Week,Festival Sale
11992,2126,2025-03-12,True,False,2025,3,1,Salary Week,Regular Sale
11993,2430,2025-01-13,False,True,2025,1,1,Regular Week,Festival Sale
11994,4906,2025-01-24,True,True,2025,1,1,Salary Week,Festival Sale
11995,2319,2025-11-08,False,False,2025,11,4,Regular Week,Regular Sale
11996,2749,2025-02-06,False,False,2025,2,1,Regular Week,Regular Sale
11997,4759,2025-03-01,True,True,2025,3,1,Salary Week,Festival Sale
11998,3665,2025-10-01,False,True,2025,10,4,Regular Week,Festival Sale
11999,4916,2025-03-20,True,False,2025,3,1,Salary Week,Regular Sale
12000,2398,2025-06-29,False,False,2025,6,2,Regular Week,Regular Sale
